recorded_at,symbol,market,signal_date,close,status,status_rank,setup,regime,wyckoff,trigger,direction,zs_zd,zs_zg,entry_price,sl,tp1,tp2,name,sector,notes,engine_version,previous_status,current_status,change_type
2026-08-31T22:12:04.838095+00:00,003816,HS300,2026-08-31,4.27,ENTRY,3,3B,Bullish Zhongshu,Neutral,Bull Micro BOS,LONG,4.04,4.2,4.27,4.19,4.43,4.51,中国广核,nan,,1.8.5-source-port,NONE,ENTRY,NEW_ENTRY
2026-08-31T22:12:04.838095+00:00,600803,HS300,2026-08-31,18.29,ENTRY,3,3B,Bullish Zhongshu,Neutral,Bull Micro BOS,LONG,17.16,17.86,18.29,17.8,19.27,19.76,新奥股份,nan,,1.8.5-source-port,NONE,ENTRY,NEW_ENTRY
2026-08-31T22:12:04.838095+00:00,002600,HS300,2026-08-31,12.79,ENTRY,3,2B,Neutral Zhongshu,Neutral,Bull Micro BOS,LONG,12.48,13.06,12.79,11.63,15.12,16.28,领益智造,nan,,1.8.5-source-port,NONE,ENTRY,NEW_ENTRY
2026-08-31T22:12:04.838095+00:00,600482,HS300,2026-08-31,32.86,ENTRY,3,2B,Bullish Zhongshu,Neutral,Bull Micro BOS,LONG,31.41,33.58,32.86,30.64,37.3,39.52,中国动力,nan,,1.8.5-source-port,NONE,ENTRY,NEW_ENTRY
2026-08-31T22:12:04.838095+00:00,600183,HS300,2026-08-31,153.4,ENTRY,3,BRK,Bullish Zhongshu,Neutral,Bull Micro BOS,LONG,126.0,143.48,153.4,138.32,183.56,198.64,生益科技,nan,,1.8.5-source-port,NONE,ENTRY,NEW_ENTRY
2026-08-31T22:12:04.838095+00:00,600188,HS300,2026-08-31,23.62,ENTRY,3,BRK,Bullish Zhongshu,Neutral,Bull Micro BOS,LONG,20.89,22.92,23.62,22.54,25.79,26.87,兖矿能源,nan,,1.8.5-source-port,NONE,ENTRY,NEW_ENTRY
2026-08-31T22:12:04.838095+00:00,000001,HS300,2026-08-31,11.72,READY,2,3B,Bull Trend,Neutral,Waiting,LONG,11.03,11.25,,,,,平安银行,nan,,1.8.5-source-port,NONE,READY,NEW_READY
2026-08-31T22:12:04.838095+00:00,000625,HS300,2026-08-31,7.07,READY,2,3S,Bearish Zhongshu,Neutral,Waiting,SHORT,7.11,7.17,,,,,长安汽车,nan,,1.8.5-source-port,NONE,READY,NEW_READY
2026-08-31T22:12:04.838095+00:00,000858,HS300,2026-08-31,71.27,READY,2,3S,Bear Trend,Neutral,Waiting,SHORT,73.42,76.7,,,,,五粮液,nan,,1.8.5-source-port,NONE,READY,NEW_READY
2026-08-31T22:12:04.838095+00:00,001391,HS300,2026-08-31,4.07,READY,2,3S,Bearish Zhongshu,Neutral,Waiting,SHORT,4.16,4.19,,,,,国货航,nan,,1.8.5-source-port,NONE,READY,NEW_READY
2026-08-31T22:12:04.838095+00:00,001979,HS300,2026-08-31,6.53,READY,2,3S,Bull Trend,Neutral,Bear Micro BOS,SHORT,6.7,6.73,,,,,招商蛇口,nan,,1.8.5-source-port,NONE,READY,NEW_READY
2026-08-31T22:12:04.838095+00:00,002241,HS300,2026-08-31,24.25,READY,2,3B,Bullish Zhongshu,Neutral,Waiting,LONG,22.25,23.87,,,,,歌尔股份,nan,,1.8.5-source-port,NONE,READY,NEW_READY
2026-08-31T22:12:04.838095+00:00,002352,HS300,2026-08-31,31.8,READY,2,3S,Bearish Zhongshu,Neutral,Bear Micro BOS,SHORT,32.26,33.69,,,,,顺丰控股,nan,,1.8.5-source-port,NONE,READY,NEW_READY
2026-08-31T22:12:04.838095+00:00,002493,HS300,2026-08-31,14.84,READY,2,3B,Bull Trend,Neutral,Bull Micro BOS,LONG,12.38,12.69,,,,,荣盛石化,nan,,1.8.5-source-port,NONE,READY,NEW_READY
2026-08-31T22:12:04.838095+00:00,300274,HS300,2026-08-31,91.5,READY,2,3S,Bearish Zhongshu,Neutral,Bear Micro BOS,SHORT,109.71,122.21,,,,,阳光电源,nan,,1.8.5-source-port,NONE,READY,NEW_READY
2026-08-31T22:12:04.838095+00:00,300628,HS300,2026-08-31,41.4,READY,2,3B,Bull Trend,Neutral,Waiting,LONG,38.82,40.82,,,,,亿联网络,nan,,1.8.5-source-port,NONE,READY,NEW_READY
2026-08-31T22:12:04.838095+00:00,300750,HS300,2026-08-31,363.55,READY,2,3S,Bearish Zhongshu,Neutral,Bear Micro BOS,SHORT,390.5,408.52,,,,,宁德时代,nan,,1.8.5-source-port,NONE,READY,NEW_READY
2026-08-31T22:12:04.838095+00:00,300760,HS300,2026-08-31,165.35,READY,2,3B,Bull Trend,Neutral,Waiting,LONG,147.39,162.0,,,,,迈瑞医疗,nan,,1.8.5-source-port,NONE,READY,NEW_READY
2026-08-31T22:12:04.838095+00:00,300803,HS300,2026-08-31,85.29,READY,2,3B,Bull Trend,Neutral,Waiting,LONG,78.36,84.93,,,,,指南针,nan,,1.8.5-source-port,NONE,READY,NEW_READY
2026-08-31T22:12:04.838095+00:00,300832,HS300,2026-08-31,49.93,READY,2,3B,Bull Trend,Neutral,Waiting,LONG,46.03,49.6,,,,,新产业,nan,,1.8.5-source-port,NONE,READY,NEW_READY
2026-08-31T22:12:04.838095+00:00,600015,HS300,2026-08-31,6.23,READY,2,3S,Bull Trend,Neutral,Waiting,SHORT,6.56,6.69,,,,,华夏银行,nan,,1.8.5-source-port,NONE,READY,NEW_READY
2026-08-31T22:12:04.838095+00:00,600026,HS300,2026-08-31,19.22,READY,2,3B,Bull Trend,Neutral,Waiting,LONG,16.45,17.99,,,,,中远海能,nan,,1.8.5-source-port,NONE,READY,NEW_READY
2026-08-31T22:12:04.838095+00:00,600028,HS300,2026-08-31,5.46,READY,2,3B,Bull Trend,Neutral,Waiting,LONG,4.94,5.33,,,,,中国石化,nan,,1.8.5-source-port,NONE,READY,NEW_READY
2026-08-31T22:12:04.838095+00:00,600085,HS300,2026-08-31,23.89,READY,2,3S,Bear Trend,Neutral,Waiting,SHORT,24.97,26.44,,,,,同仁堂,nan,,1.8.5-source-port,NONE,READY,NEW_READY
2026-08-31T22:12:04.838095+00:00,600196,HS300,2026-08-31,22.36,READY,2,3S,Bull Trend,Distrib Watch,Bear Micro BOS,SHORT,23.57,24.75,,,,,复星医药,nan,,1.8.5-source-port,NONE,READY,NEW_READY
2026-08-31T22:12:04.838095+00:00,600276,HS300,2026-08-31,46.07,READY,2,3S,Bearish Zhongshu,Accumulation,Bear Micro BOS,SHORT,52.53,58.0,,,,,恒瑞医药,nan,,1.8.5-source-port,NONE,READY,NEW_READY
2026-08-31T22:12:04.838095+00:00,600309,HS300,2026-08-31,76.32,READY,2,3B,Bullish Zhongshu,Neutral,Waiting,LONG,72.48,75.43,,,,,万华化学,nan,,1.8.5-source-port,NONE,READY,NEW_READY
2026-08-31T22:12:04.838095+00:00,600436,HS300,2026-08-31,122.13,READY,2,3S,Bear Trend,Neutral,Waiting,SHORT,128.32,140.33,,,,,片仔癀,nan,,1.8.5-source-port,NONE,READY,NEW_READY
2026-08-31T22:12:04.838095+00:00,600547,HS300,2026-08-31,37.85,READY,2,3B,Bull Trend,Neutral,Waiting,LONG,29.62,32.46,,,,,山东黄金,nan,,1.8.5-source-port,NONE,READY,NEW_READY
2026-08-31T22:12:04.838095+00:00,600585,HS300,2026-08-31,17.65,READY,2,3B,Bullish Zhongshu,Neutral,Waiting,LONG,17.21,17.73,,,,,海螺水泥,nan,,1.8.5-source-port,NONE,READY,NEW_READY
2026-08-31T22:12:04.838095+00:00,600795,HS300,2026-08-31,5.18,READY,2,3B,Bull Trend,Neutral,Waiting,LONG,4.89,4.91,,,,,国电电力,nan,,1.8.5-source-port,NONE,READY,NEW_READY
2026-08-31T22:12:04.838095+00:00,600887,HS300,2026-08-31,26.5,READY,2,3B,Bull Trend,Neutral,Waiting,LONG,26.01,26.25,,,,,伊利股份,nan,,1.8.5-source-port,NONE,READY,NEW_READY
2026-08-31T22:12:04.838095+00:00,600926,HS300,2026-08-31,16.73,READY,2,3B,Bull Trend,Neutral,Waiting,LONG,15.9,16.52,,,,,杭州银行,nan,,1.8.5-source-port,NONE,READY,NEW_READY
2026-08-31T22:12:04.838095+00:00,600930,HS300,2026-08-31,3.93,READY,2,3S,Bear Trend,Neutral,Waiting,SHORT,4.18,4.4,,,,,华电新能,nan,,1.8.5-source-port,NONE,READY,NEW_READY
2026-08-31T22:12:04.838095+00:00,600938,HS300,2026-08-31,34.71,READY,2,3B,Bull Trend,Accumulation,Bull Micro BOS,LONG,33.06,33.83,,,,,中国海油,nan,,1.8.5-source-port,NONE,READY,NEW_READY
2026-08-31T22:12:04.838095+00:00,600941,HS300,2026-08-31,99.05,READY,2,3B,Bullish Zhongshu,Neutral,Waiting,LONG,94.77,97.44,,,,,中国移动,nan,,1.8.5-source-port,NONE,READY,NEW_READY
2026-08-31T22:12:04.838095+00:00,600989,HS300,2026-08-31,24.72,READY,2,3B,Bullish Zhongshu,Neutral,Bull Micro BOS,LONG,22.15,24.27,,,,,宝丰能源,nan,,1.8.5-source-port,NONE,READY,NEW_READY
2026-08-31T22:12:04.838095+00:00,601077,HS300,2026-08-31,6.8,READY,2,3B,Bull Trend,Neutral,Waiting,LONG,6.5,6.64,,,,,渝农商行,nan,,1.8.5-source-port,NONE,READY,NEW_READY
2026-08-31T22:12:04.838095+00:00,601127,HS300,2026-08-31,49.6,READY,2,3S,Bear Trend,Neutral,Waiting,SHORT,55.59,63.36,,,,,赛力斯,nan,,1.8.5-source-port,NONE,READY,NEW_READY
2026-08-31T22:12:04.838095+00:00,601169,HS300,2026-08-31,5.35,READY,2,3B,Bullish Zhongshu,Neutral,Bull Micro BOS,LONG,4.94,4.98,,,,,北京银行,nan,,1.8.5-source-port,NONE,READY,NEW_READY
2026-08-31T22:12:04.838095+00:00,601288,HS300,2026-08-31,6.92,READY,2,3B,Bullish Zhongshu,Neutral,Waiting,LONG,6.41,6.85,,,,,农业银行,nan,,1.8.5-source-port,NONE,READY,NEW_READY
2026-08-31T22:12:04.838095+00:00,601328,HS300,2026-08-31,7.24,READY,2,3B,Bullish Zhongshu,Neutral,Waiting,LONG,6.85,6.99,,,,,交通银行,nan,,1.8.5-source-port,NONE,READY,NEW_READY
2026-08-31T22:12:04.838095+00:00,601398,HS300,2026-08-31,8.07,READY,2,3B,Bullish Zhongshu,Neutral,Bull Micro BOS,LONG,7.45,7.78,,,,,工商银行,nan,,1.8.5-source-port,NONE,READY,NEW_READY
2026-08-31T22:12:04.838095+00:00,601456,HS300,2026-08-31,8.88,READY,2,3S,Bear Trend,Neutral,Waiting,SHORT,8.93,8.96,,,,,国联民生,nan,,1.8.5-source-port,NONE,READY,NEW_READY
2026-08-31T22:12:04.838095+00:00,601727,HS300,2026-08-31,6.65,READY,2,3S,Bearish Zhongshu,Neutral,Waiting,SHORT,6.77,7.09,,,,,上海电气,nan,,1.8.5-source-port,NONE,READY,NEW_READY
2026-08-31T22:12:04.838095+00:00,601728,HS300,2026-08-31,6.37,READY,2,3B,Bull Trend,Neutral,Waiting,LONG,6.23,6.3,,,,,中国电信,nan,,1.8.5-source-port,NONE,READY,NEW_READY
2026-08-31T22:12:04.838095+00:00,601766,HS300,2026-08-31,6.22,READY,2,3B,Bull Trend,Neutral,Waiting,LONG,5.71,5.99,,,,,中国中车,nan,,1.8.5-source-port,NONE,READY,NEW_READY
2026-08-31T22:12:04.838095+00:00,601872,HS300,2026-08-31,18.75,READY,2,3B,Bull Trend,Neutral,Waiting,LONG,16.81,18.5,,,,,招商轮船,nan,,1.8.5-source-port,NONE,READY,NEW_READY
2026-08-31T22:12:04.838095+00:00,601899,HS300,2026-08-31,33.67,READY,2,3B,Bull Trend,Neutral,Waiting,LONG,31.95,33.27,,,,,紫金矿业,nan,,1.8.5-source-port,NONE,READY,NEW_READY
2026-08-31T22:12:04.838095+00:00,601939,HS300,2026-08-31,10.98,READY,2,3B,Bullish Zhongshu,Neutral,Bull Micro BOS,LONG,10.13,10.51,,,,,建设银行,nan,,1.8.5-source-port,NONE,READY,NEW_READY
2026-08-31T22:12:04.838095+00:00,601988,HS300,2026-08-31,6.51,READY,2,3B,Bull Trend,Neutral,Bull Micro BOS,LONG,5.79,6.11,,,,,中国银行,nan,,1.8.5-source-port,NONE,READY,NEW_READY
2026-08-31T22:12:04.838095+00:00,601998,HS300,2026-08-31,8.85,READY,2,3B,Bull Trend,Neutral,Bull Micro BOS,LONG,7.39,7.75,,,,,中信银行,nan,,1.8.5-source-port,NONE,READY,NEW_READY
2026-08-31T22:12:04.838095+00:00,603501,HS300,2026-08-31,83.27,READY,2,3S,Bear Trend,Neutral,Waiting,SHORT,86.86,94.89,,,,,豪威集团,nan,,1.8.5-source-port,NONE,READY,NEW_READY
2026-08-31T22:12:04.838095+00:00,688041,HS300,2026-08-31,253.9,READY,2,3S,Bear Trend,Neutral,Waiting,SHORT,259.4,296.99,,,,,海光信息,nan,,1.8.5-source-port,NONE,READY,NEW_READY
2026-08-31T22:12:04.838095+00:00,688111,HS300,2026-08-31,249.65,READY,2,3S,Bullish Zhongshu,Neutral,Waiting,SHORT,249.0,249.37,,,,,金山办公,nan,,1.8.5-source-port,NONE,READY,NEW_READY
2026-08-31T22:12:04.838095+00:00,688303,HS300,2026-08-31,16.73,READY,2,3S,Bearish Zhongshu,Neutral,Bear Micro BOS,SHORT,18.45,19.86,,,,,大全能源,nan,,1.8.5-source-port,NONE,READY,NEW_READY
2026-08-31T22:12:04.838095+00:00,688521,HS300,2026-08-31,200.26,READY,2,3S,Bear Trend,Neutral,Waiting,SHORT,208.0,231.97,,,,,芯原股份,nan,,1.8.5-source-port,NONE,READY,NEW_READY
2026-08-31T22:12:04.838095+00:00,000002,HS300,2026-08-31,3.14,READY,2,2S,Bull Trend,Neutral,Waiting,SHORT,3.15,3.17,,,,,万科A,nan,,1.8.5-source-port,NONE,READY,NEW_READY
2026-08-31T22:12:04.838095+00:00,000157,HS300,2026-08-31,6.69,READY,2,2S,Bull Trend,Neutral,Bear Micro BOS,SHORT,6.88,7.13,,,,,中联重科,nan,,1.8.5-source-port,NONE,READY,NEW_READY
2026-08-31T22:12:04.838095+00:00,000166,HS300,2026-08-31,4.57,READY,2,2S,Bullish Zhongshu,Neutral,Waiting,SHORT,4.43,4.53,,,,,申万宏源,nan,,1.8.5-source-port,NONE,READY,NEW_READY
2026-08-31T22:12:04.838095+00:00,000333,HS300,2026-08-31,87.73,READY,2,2S,Bullish Zhongshu,Neutral,Bull Micro BOS,SHORT,82.39,87.4,,,,,美的集团,nan,,1.8.5-source-port,NONE,READY,NEW_READY
2026-08-31T22:12:04.838095+00:00,000338,HS300,2026-08-31,27.17,READY,2,2S,Bull Trend,Neutral,Waiting,SHORT,27.99,28.11,,,,,潍柴动力,nan,,1.8.5-source-port,NONE,READY,NEW_READY
2026-08-31T22:12:04.838095+00:00,000408,HS300,2026-08-31,78.39,READY,2,2S,Bull Trend,Neutral,Waiting,SHORT,77.48,80.59,,,,,藏格矿业,nan,,1.8.5-source-port,NONE,READY,NEW_READY
2026-08-31T22:12:04.838095+00:00,000538,HS300,2026-08-31,50.39,READY,2,2S,Bull Trend,Neutral,Waiting,SHORT,49.36,49.57,,,,,云南白药,nan,,1.8.5-source-port,NONE,READY,NEW_READY
2026-08-31T22:12:04.838095+00:00,000708,HS300,2026-08-31,13.75,READY,2,2S,Bearish Zhongshu,Neutral,Waiting,SHORT,13.82,13.85,,,,,中信特钢,nan,,1.8.5-source-port,NONE,READY,NEW_READY
2026-08-31T22:12:04.838095+00:00,000988,HS300,2026-08-31,104.75,READY,2,2B,Bearish Zhongshu,Neutral,Waiting,LONG,100.02,114.58,,,,,华工科技,nan,,1.8.5-source-port,NONE,READY,NEW_READY
2026-08-31T22:12:04.838095+00:00,000999,HS300,2026-08-31,24.5,READY,2,2S,Bearish Zhongshu,Neutral,Waiting,SHORT,24.53,24.91,,,,,华润三九,nan,,1.8.5-source-port,NONE,READY,NEW_READY
2026-08-31T22:12:04.838095+00:00,001280,HS300,2026-08-31,68.71,READY,2,2B,Bear Trend,Neutral,Waiting,LONG,66.13,66.98,,,,,中国铀业,nan,,1.8.5-source-port,NONE,READY,NEW_READY
2026-08-31T22:12:04.838095+00:00,001965,HS300,2026-08-31,9.82,READY,2,2S,Bullish Zhongshu,Neutral,Waiting,SHORT,9.25,9.9,,,,,招商公路,nan,,1.8.5-source-port,NONE,READY,NEW_READY
2026-08-31T22:12:04.838095+00:00,002027,HS300,2026-08-31,4.97,READY,2,2S,Bull Trend,Neutral,Waiting,SHORT,4.85,4.91,,,,,分众传媒,nan,,1.8.5-source-port,NONE,READY,NEW_READY
2026-08-31T22:12:04.838095+00:00,002049,HS300,2026-08-31,63.87,READY,2,2B,Neutral Zhongshu,Neutral,Waiting,LONG,60.2,68.48,,,,,紫光国微,nan,,1.8.5-source-port,NONE,READY,NEW_READY
2026-08-31T22:12:04.838095+00:00,002050,HS300,2026-08-31,36.3,READY,2,2B,Bearish Zhongshu,Neutral,Waiting,LONG,40.08,40.45,,,,,三花智控,nan,,1.8.5-source-port,NONE,READY,NEW_READY
2026-08-31T22:12:04.838095+00:00,002230,HS300,2026-08-31,40.3,READY,2,2B,Bull Trend,Re-Distribution,Waiting,LONG,41.16,43.78,,,,,科大讯飞,nan,,1.8.5-source-port,NONE,READY,NEW_READY
2026-08-31T22:12:04.838095+00:00,002304,HS300,2026-08-31,38.64,READY,2,2S,Bull Trend,Neutral,Waiting,SHORT,39.43,39.45,,,,,洋河股份,nan,,1.8.5-source-port,NONE,READY,NEW_READY
2026-08-31T22:12:04.838095+00:00,002311,HS300,2026-08-31,46.23,READY,2,2S,Bearish Zhongshu,Neutral,Waiting,SHORT,47.67,47.68,,,,,海大集团,nan,,1.8.5-source-port,NONE,READY,NEW_READY
2026-08-31T22:12:04.838095+00:00,002353,HS300,2026-08-31,130.26,READY,2,2B,Bearish Zhongshu,Neutral,Bear Micro BOS,LONG,144.73,151.29,,,,,杰瑞股份,nan,,1.8.5-source-port,NONE,READY,NEW_READY
2026-08-31T22:12:04.838095+00:00,002384,HS300,2026-08-31,198.0,READY,2,2B,Bearish Zhongshu,Neutral,Waiting,LONG,204.0,213.4,,,,,东山精密,nan,,1.8.5-source-port,NONE,READY,NEW_READY
2026-08-31T22:12:04.838095+00:00,002422,HS300,2026-08-31,40.58,READY,2,2S,Bearish Zhongshu,Neutral,Bear Micro BOS,SHORT,41.0,48.18,,,,,科伦药业,nan,,1.8.5-source-port,NONE,READY,NEW_READY
2026-08-31T22:12:04.838095+00:00,002466,HS300,2026-08-31,49.9,READY,2,2B,Bull Trend,Neutral,Waiting,LONG,45.8,49.8,,,,,天齐锂业,nan,,1.8.5-source-port,NONE,READY,NEW_READY
2026-08-31T22:12:04.838095+00:00,002532,HS300,2026-08-31,13.21,READY,2,2B,Bullish Zhongshu,Neutral,Waiting,LONG,12.27,13.24,,,,,天山铝业,nan,,1.8.5-source-port,NONE,READY,NEW_READY
2026-08-31T22:12:04.838095+00:00,300015,HS300,2026-08-31,8.21,READY,2,2S,Bull Trend,Neutral,Waiting,SHORT,8.6,8.6,,,,,爱尔眼科,nan,,1.8.5-source-port,NONE,READY,NEW_READY
2026-08-31T22:12:04.838095+00:00,300059,HS300,2026-08-31,19.39,READY,2,2S,Bearish Zhongshu,Neutral,Waiting,SHORT,19.72,20.46,,,,,东方财富,nan,,1.8.5-source-port,NONE,READY,NEW_READY
2026-08-31T22:12:04.838095+00:00,300308,HS300,2026-08-31,851.9,READY,2,2B,Bearish Zhongshu,Neutral,Waiting,LONG,830.0,1014.87,,,,,中际旭创,nan,,1.8.5-source-port,NONE,READY,NEW_READY
2026-08-31T22:12:04.838095+00:00,300316,HS300,2026-08-31,43.2,READY,2,2B,Bearish Zhongshu,Neutral,Waiting,LONG,45.79,46.38,,,,,晶盛机电,nan,,1.8.5-source-port,NONE,READY,NEW_READY
2026-08-31T22:12:04.838095+00:00,300394,HS300,2026-08-31,263.0,READY,2,2B,Bear Trend,Neutral,Waiting,LONG,277.18,295.0,,,,,天孚通信,nan,,1.8.5-source-port,NONE,READY,NEW_READY
2026-08-31T22:12:04.838095+00:00,300433,HS300,2026-08-31,38.93,READY,2,2B,Bullish Zhongshu,Neutral,Waiting,LONG,38.12,39.22,,,,,蓝思科技,nan,,1.8.5-source-port,NONE,READY,NEW_READY
2026-08-31T22:12:04.838095+00:00,300442,HS300,2026-08-31,66.22,READY,2,2B,Neutral Zhongshu,Neutral,Waiting,LONG,60.8,73.11,,,,,润泽科技,nan,,1.8.5-source-port,NONE,READY,NEW_READY
2026-08-31T22:12:04.838095+00:00,300450,HS300,2026-08-31,33.62,READY,2,2B,Bearish Zhongshu,Neutral,Waiting,LONG,33.01,35.88,,,,,先导智能,nan,,1.8.5-source-port,NONE,READY,NEW_READY
2026-08-31T22:12:04.838095+00:00,300502,HS300,2026-08-31,401.87,READY,2,2B,Bearish Zhongshu,Neutral,Waiting,LONG,385.0,472.0,,,,,新易盛,nan,,1.8.5-source-port,NONE,READY,NEW_READY
2026-08-31T22:12:04.838095+00:00,600000,HS300,2026-08-31,9.16,READY,2,2S,Bearish Zhongshu,Neutral,Waiting,SHORT,9.14,9.28,,,,,浦发银行,nan,,1.8.5-source-port,NONE,READY,NEW_READY
2026-08-31T22:12:04.838095+00:00,600009,HS300,2026-08-31,23.33,READY,2,2S,Bearish Zhongshu,Neutral,Waiting,SHORT,23.62,23.65,,,,,上海机场,nan,,1.8.5-source-port,NONE,READY,NEW_READY
2026-08-31T22:12:04.838095+00:00,600010,HS300,2026-08-31,2.25,READY,2,2B,Bearish Zhongshu,Neutral,Waiting,LONG,2.27,2.28,,,,,包钢股份,nan,,1.8.5-source-port,NONE,READY,NEW_READY
2026-08-31T22:12:04.838095+00:00,600025,HS300,2026-08-31,9.55,READY,2,2S,Bearish Zhongshu,Neutral,Bear Micro BOS,SHORT,9.64,9.73,,,,,华能水电,nan,,1.8.5-source-port,NONE,READY,NEW_READY
2026-08-31T22:12:04.838095+00:00,600036,HS300,2026-08-31,40.12,READY,2,2S,Bullish Zhongshu,Neutral,Bull Micro BOS,SHORT,38.03,38.32,,,,,招商银行,nan,,1.8.5-source-port,NONE,READY,NEW_READY
2026-08-31T22:12:04.838095+00:00,600050,HS300,2026-08-31,4.3,READY,2,2S,Bull Trend,Neutral,Waiting,SHORT,4.27,4.29,,,,,中国联通,nan,,1.8.5-source-port,NONE,READY,NEW_READY
2026-08-31T22:12:04.838095+00:00,600111,HS300,2026-08-31,40.62,READY,2,2B,Bearish Zhongshu,Neutral,Waiting,LONG,39.11,45.1,,,,,北方稀土,nan,,1.8.5-source-port,NONE,READY,NEW_READY
2026-08-31T22:12:04.838095+00:00,600406,HS300,2026-08-31,22.97,READY,2,2S,Bull Trend,Accumulation,Waiting,SHORT,23.16,23.3,,,,,国电南瑞,nan,,1.8.5-source-port,NONE,READY,NEW_READY
2026-08-31T22:12:04.838095+00:00,600460,HS300,2026-08-31,34.16,READY,2,2B,Bear Trend,Neutral,Waiting,LONG,31.74,33.92,,,,,士兰微,nan,,1.8.5-source-port,NONE,READY,NEW_READY
2026-08-31T22:12:04.838095+00:00,600519,HS300,2026-08-31,1299.52,READY,2,2S,Bull Trend,Neutral,Waiting,SHORT,1177.14,1215.52,,,,,贵州茅台,nan,,1.8.5-source-port,NONE,READY,NEW_READY
2026-08-31T22:12:04.838095+00:00,600522,HS300,2026-08-31,35.18,READY,2,2B,Bullish Zhongshu,Neutral,Waiting,LONG,31.31,36.8,,,,,中天科技,nan,,1.8.5-source-port,NONE,READY,NEW_READY
2026-08-31T22:12:04.838095+00:00,600549,HS300,2026-08-31,53.92,READY,2,2B,Bearish Zhongshu,Neutral,Waiting,LONG,58.36,59.46,,,,,厦门钨业,nan,,1.8.5-source-port,NONE,READY,NEW_READY
2026-08-31T22:12:04.838095+00:00,600584,HS300,2026-08-31,75.75,READY,2,2B,Bearish Zhongshu,Neutral,Waiting,LONG,71.06,87.5,,,,,长电科技,nan,,1.8.5-source-port,NONE,READY,NEW_READY
2026-08-31T22:12:04.838095+00:00,600660,HS300,2026-08-31,56.59,READY,2,2S,Neutral Zhongshu,Neutral,Waiting,SHORT,54.3,58.52,,,,,福耀玻璃,nan,,1.8.5-source-port,NONE,READY,NEW_READY
2026-08-31T22:12:04.838095+00:00,600674,HS300,2026-08-31,15.55,READY,2,2S,Bullish Zhongshu,Neutral,Waiting,SHORT,14.81,15.3,,,,,川投能源,nan,,1.8.5-source-port,NONE,READY,NEW_READY
2026-08-31T22:12:04.838095+00:00,600690,HS300,2026-08-31,21.18,READY,2,2S,Bullish Zhongshu,Neutral,Waiting,SHORT,20.45,21.49,,,,,海尔智家,nan,,1.8.5-source-port,NONE,READY,NEW_READY
2026-08-31T22:12:04.838095+00:00,600741,HS300,2026-08-31,15.45,READY,2,2S,Bullish Zhongshu,Neutral,Waiting,SHORT,15.18,15.55,,,,,华域汽车,nan,,1.8.5-source-port,NONE,READY,NEW_READY
2026-08-31T22:12:04.838095+00:00,600875,HS300,2026-08-31,25.75,READY,2,2B,Bearish Zhongshu,Neutral,Waiting,LONG,26.62,28.09,,,,,东方电气,nan,,1.8.5-source-port,NONE,READY,NEW_READY
2026-08-31T22:12:04.838095+00:00,600886,HS300,2026-08-31,13.7,READY,2,2S,Bearish Zhongshu,Neutral,Waiting,SHORT,14.09,14.13,,,,,国投电力,nan,,1.8.5-source-port,NONE,READY,NEW_READY
2026-08-31T22:12:04.838095+00:00,600905,HS300,2026-08-31,3.71,READY,2,2S,Neutral Zhongshu,Neutral,Waiting,SHORT,3.68,3.75,,,,,三峡能源,nan,,1.8.5-source-port,NONE,READY,NEW_READY
2026-08-31T22:12:04.838095+00:00,601166,HS300,2026-08-31,17.54,READY,2,2S,Bearish Zhongshu,Neutral,Waiting,SHORT,17.89,18.01,,,,,兴业银行,nan,,1.8.5-source-port,NONE,READY,NEW_READY
2026-08-31T22:12:04.838095+00:00,601186,HS300,2026-08-31,6.07,READY,2,2S,Neutral Zhongshu,Neutral,Waiting,SHORT,6.0,6.14,,,,,中国铁建,nan,,1.8.5-source-port,NONE,READY,NEW_READY
2026-08-31T22:12:04.838095+00:00,601238,HS300,2026-08-31,5.22,READY,2,2S,Bullish Zhongshu,Neutral,Waiting,SHORT,5.05,5.28,,,,,广汽集团,nan,,1.8.5-source-port,NONE,READY,NEW_READY
2026-08-31T22:12:04.838095+00:00,601319,HS300,2026-08-31,7.45,READY,2,2S,Bullish Zhongshu,Neutral,Bull Micro BOS,SHORT,7.18,7.27,,,,,中国人保,nan,,1.8.5-source-port,NONE,READY,NEW_READY
2026-08-31T22:12:04.838095+00:00,601336,HS300,2026-08-31,60.12,READY,2,2S,Bear Trend,Neutral,Waiting,SHORT,59.78,61.0,,,,,新华保险,nan,,1.8.5-source-port,NONE,READY,NEW_READY
2026-08-31T22:12:04.838095+00:00,601360,HS300,2026-08-31,9.22,READY,2,2B,Neutral Zhongshu,Neutral,Waiting,LONG,9.25,9.62,,,,,三六零,nan,,1.8.5-source-port,NONE,READY,NEW_READY
2026-08-31T22:12:04.838095+00:00,601390,HS300,2026-08-31,4.38,READY,2,2S,Bear Trend,Neutral,Waiting,SHORT,4.4,4.48,,,,,中国中铁,nan,,1.8.5-source-port,NONE,READY,NEW_READY
2026-08-31T22:12:04.838095+00:00,601600,HS300,2026-08-31,9.77,READY,2,2S,Bear Trend,Neutral,Bull Micro BOS,SHORT,9.21,9.81,,,,,中国铝业,nan,,1.8.5-source-port,NONE,READY,NEW_READY
2026-08-31T22:12:04.838095+00:00,601601,HS300,2026-08-31,32.0,READY,2,2S,Neutral Zhongshu,Neutral,Waiting,SHORT,31.8,32.17,,,,,中国太保,nan,,1.8.5-source-port,NONE,READY,NEW_READY
2026-08-31T22:12:04.838095+00:00,601607,HS300,2026-08-31,16.25,READY,2,2S,Bearish Zhongshu,Neutral,Waiting,SHORT,16.25,16.87,,,,,上海医药,nan,,1.8.5-source-port,NONE,READY,NEW_READY
2026-08-31T22:12:04.838095+00:00,601668,HS300,2026-08-31,4.33,READY,2,2S,Bearish Zhongshu,Neutral,Bear Micro BOS,SHORT,4.49,4.5,,,,,中国建筑,nan,,1.8.5-source-port,NONE,READY,NEW_READY
2026-08-31T22:12:04.838095+00:00,601669,HS300,2026-08-31,4.61,READY,2,2S,Bull Trend,Neutral,Waiting,SHORT,4.66,4.74,,,,,中国电建,nan,,1.8.5-source-port,NONE,READY,NEW_READY
2026-08-31T22:12:04.838095+00:00,601818,HS300,2026-08-31,2.97,READY,2,2S,Bearish Zhongshu,Neutral,Waiting,SHORT,3.01,3.1,,,,,光大银行,nan,,1.8.5-source-port,NONE,READY,NEW_READY
2026-08-31T22:12:04.838095+00:00,603260,HS300,2026-08-31,34.72,READY,2,2B,Bearish Zhongshu,Neutral,Waiting,LONG,35.39,36.18,,,,,合盛硅业,nan,,1.8.5-source-port,NONE,READY,NEW_READY
2026-08-31T22:12:04.838095+00:00,603288,HS300,2026-08-31,33.63,READY,2,2S,Bull Trend,Neutral,Bear Micro BOS,SHORT,35.7,36.28,,,,,海天味业,nan,,1.8.5-source-port,NONE,READY,NEW_READY
2026-08-31T22:12:04.838095+00:00,603296,HS300,2026-08-31,81.6,READY,2,2S,Bullish Zhongshu,Neutral,Waiting,SHORT,76.66,79.98,,,,,华勤技术,nan,,1.8.5-source-port,NONE,READY,NEW_READY
2026-08-31T22:12:04.838095+00:00,603799,HS300,2026-08-31,39.57,READY,2,2B,Bearish Zhongshu,Neutral,Waiting,LONG,45.56,47.17,,,,,华友钴业,nan,,1.8.5-source-port,NONE,READY,NEW_READY
2026-08-31T22:12:04.838095+00:00,603986,HS300,2026-08-31,406.0,READY,2,2B,Bearish Zhongshu,Neutral,Waiting,LONG,451.0,455.81,,,,,兆易创新,nan,,1.8.5-source-port,NONE,READY,NEW_READY
2026-08-31T22:12:04.838095+00:00,688012,HS300,2026-08-31,362.0,READY,2,2B,Neutral Zhongshu,Neutral,Waiting,LONG,341.64,388.23,,,,,中微公司,nan,,1.8.5-source-port,NONE,READY,NEW_READY
2026-08-31T22:12:04.838095+00:00,688082,HS300,2026-08-31,301.7,READY,2,2S,Bearish Zhongshu,Neutral,Waiting,SHORT,283.31,338.92,,,,,盛美上海,nan,,1.8.5-source-port,NONE,READY,NEW_READY
2026-08-31T22:12:04.838095+00:00,688126,HS300,2026-08-31,24.7,READY,2,2B,Bearish Zhongshu,Neutral,Waiting,LONG,23.02,29.09,,,,,沪硅产业,nan,,1.8.5-source-port,NONE,READY,NEW_READY
2026-08-31T22:12:04.838095+00:00,688223,HS300,2026-08-31,4.11,READY,2,2B,Bearish Zhongshu,Neutral,Bear Micro BOS,LONG,4.3,4.66,,,,,晶科能源,nan,,1.8.5-source-port,NONE,READY,NEW_READY
2026-08-31T22:12:04.838095+00:00,688396,HS300,2026-08-31,61.39,READY,2,2B,Bear Trend,Neutral,Waiting,LONG,60.49,62.71,,,,,华润微,nan,,1.8.5-source-port,NONE,READY,NEW_READY
2026-08-31T22:12:04.838095+00:00,000100,HS300,2026-08-31,5.09,WATCH,1,NONE,Neutral Zhongshu,Neutral,Waiting,,4.83,5.34,,,,,TCL科技,nan,,1.8.5-source-port,NONE,WATCH,NEW_WATCH
2026-08-31T22:12:04.838095+00:00,000301,HS300,2026-08-31,14.6,WATCH,1,NONE,Bull Trend,Neutral,Bull Micro BOS,,11.25,12.3,,,,,东方盛虹,nan,,1.8.5-source-port,NONE,WATCH,NEW_WATCH
2026-08-31T22:12:04.838095+00:00,000425,HS300,2026-08-31,7.89,WATCH,1,NONE,Bearish Zhongshu,Neutral,Bear Micro BOS,,7.82,8.12,,,,,徐工机械,nan,,1.8.5-source-port,NONE,WATCH,NEW_WATCH
2026-08-31T22:12:04.838095+00:00,000568,HS300,2026-08-31,77.0,WATCH,1,NONE,Bearish Zhongshu,Neutral,Bear Micro BOS,,85.04,87.24,,,,,泸州老窖,nan,,1.8.5-source-port,NONE,WATCH,NEW_WATCH
2026-08-31T22:12:04.838095+00:00,000596,HS300,2026-08-31,91.71,WATCH,1,NONE,Bullish Zhongshu,Neutral,Waiting,,87.87,92.69,,,,,古井贡酒,nan,,1.8.5-source-port,NONE,WATCH,NEW_WATCH
2026-08-31T22:12:04.838095+00:00,000617,HS300,2026-08-31,7.3,WATCH,1,NONE,Bull Trend,Distrib Watch,Waiting,,6.62,7.32,,,,,中油资本,nan,,1.8.5-source-port,NONE,WATCH,NEW_WATCH
2026-08-31T22:12:04.838095+00:00,000630,HS300,2026-08-31,6.67,WATCH,1,NONE,Bullish Zhongshu,Neutral,Waiting,,6.33,6.8,,,,,铜陵有色,nan,,1.8.5-source-port,NONE,WATCH,NEW_WATCH
2026-08-31T22:12:04.838095+00:00,000651,HS300,2026-08-31,38.95,WATCH,1,NONE,Bullish Zhongshu,Neutral,Waiting,,37.89,37.94,,,,,格力电器,nan,,1.8.5-source-port,NONE,WATCH,NEW_WATCH
2026-08-31T22:12:04.838095+00:00,000657,HS300,2026-08-31,65.8,WATCH,1,NONE,Bearish Zhongshu,Neutral,Waiting,,62.0,75.5,,,,,中钨高新,nan,,1.8.5-source-port,NONE,WATCH,NEW_WATCH
2026-08-31T22:12:04.838095+00:00,000725,HS300,2026-08-31,6.01,WATCH,1,NONE,Bullish Zhongshu,Neutral,Waiting,,5.71,6.17,,,,,京东方A,nan,,1.8.5-source-port,NONE,WATCH,NEW_WATCH
2026-08-31T22:12:04.838095+00:00,000768,HS300,2026-08-31,21.96,WATCH,1,NONE,Bull Trend,Neutral,Bull Micro BOS,,20.72,20.91,,,,,中航西飞,nan,,1.8.5-source-port,NONE,WATCH,NEW_WATCH
2026-08-31T22:12:04.838095+00:00,000792,HS300,2026-08-31,28.19,WATCH,1,NONE,Bullish Zhongshu,Neutral,Waiting,,27.72,28.26,,,,,盐湖股份,nan,,1.8.5-source-port,NONE,WATCH,NEW_WATCH
2026-08-31T22:12:04.838095+00:00,000895,HS300,2026-08-31,24.06,WATCH,1,NONE,Bearish Zhongshu,Neutral,Bear Micro BOS,,23.89,25.02,,,,,双汇发展,nan,,1.8.5-source-port,NONE,WATCH,NEW_WATCH
2026-08-31T22:12:04.838095+00:00,000938,HS300,2026-08-31,38.95,WATCH,1,NONE,Neutral Zhongshu,Neutral,Waiting,,36.6,40.28,,,,,紫光股份,nan,,1.8.5-source-port,NONE,WATCH,NEW_WATCH
2026-08-31T22:12:04.838095+00:00,000975,HS300,2026-08-31,26.35,WATCH,1,NONE,Bull Trend,Neutral,Waiting,,19.82,20.98,,,,,山金国际,nan,,1.8.5-source-port,NONE,WATCH,NEW_WATCH
2026-08-31T22:12:04.838095+00:00,000977,HS300,2026-08-31,85.18,WATCH,1,NONE,Bullish Zhongshu,Neutral,Bull Micro BOS,,76.5,79.3,,,,,浪潮信息,nan,,1.8.5-source-port,NONE,WATCH,NEW_WATCH
2026-08-31T22:12:04.838095+00:00,002028,HS300,2026-08-31,140.12,WATCH,1,NONE,Bull Trend,Neutral,Waiting,,169.28,170.5,,,,,思源电气,nan,,1.8.5-source-port,NONE,WATCH,NEW_WATCH
2026-08-31T22:12:04.838095+00:00,002142,HS300,2026-08-31,34.12,WATCH,1,NONE,Bull Trend,Neutral,Waiting,,31.4,32.26,,,,,宁波银行,nan,,1.8.5-source-port,NONE,WATCH,NEW_WATCH
2026-08-31T22:12:04.838095+00:00,002179,HS300,2026-08-31,35.25,WATCH,1,NONE,Bullish Zhongshu,Neutral,Bull Micro BOS,,34.79,35.22,,,,,中航光电,nan,,1.8.5-source-port,NONE,WATCH,NEW_WATCH
2026-08-31T22:12:04.838095+00:00,002202,HS300,2026-08-31,18.34,WATCH,1,NONE,Bearish Zhongshu,Neutral,Waiting,,20.6,21.9,,,,,金风科技,nan,,1.8.5-source-port,NONE,WATCH,NEW_WATCH
2026-08-31T22:12:04.838095+00:00,002371,HS300,2026-08-31,699.79,WATCH,1,NONE,Bullish Zhongshu,Neutral,Waiting,,669.01,687.04,,,,,北方华创,nan,,1.8.5-source-port,NONE,WATCH,NEW_WATCH
2026-08-31T22:12:04.838095+00:00,002415,HS300,2026-08-31,35.79,WATCH,1,NONE,Bull Trend,Neutral,Waiting,,34.0,35.59,,,,,海康威视,nan,,1.8.5-source-port,NONE,WATCH,NEW_WATCH
2026-08-31T22:12:04.838095+00:00,002460,HS300,2026-08-31,53.89,WATCH,1,NONE,Bullish Zhongshu,Neutral,Waiting,,50.81,55.18,,,,,赣锋锂业,nan,,1.8.5-source-port,NONE,WATCH,NEW_WATCH
2026-08-31T22:12:04.838095+00:00,002463,HS300,2026-08-31,124.91,WATCH,1,NONE,Bearish Zhongshu,Neutral,Bull Micro BOS,,125.13,127.77,,,,,沪电股份,nan,,1.8.5-source-port,NONE,WATCH,NEW_WATCH
2026-08-31T22:12:04.838095+00:00,002558,HS300,2026-08-31,27.45,WATCH,1,NONE,Bullish Zhongshu,Neutral,Waiting,,25.74,27.72,,,,,巨人网络,nan,,1.8.5-source-port,NONE,WATCH,NEW_WATCH
2026-08-31T22:12:04.838095+00:00,002594,HS300,2026-08-31,88.2,WATCH,1,NONE,Bearish Zhongshu,Neutral,Bear Micro BOS,,93.13,93.23,,,,,比亚迪,nan,,1.8.5-source-port,NONE,WATCH,NEW_WATCH
2026-08-31T22:12:04.838095+00:00,002602,HS300,2026-08-31,14.14,WATCH,1,NONE,Bullish Zhongshu,Neutral,Waiting,,13.51,13.93,,,,,世纪华通,nan,,1.8.5-source-port,NONE,WATCH,NEW_WATCH
2026-08-31T22:12:04.838095+00:00,002625,HS300,2026-08-31,28.58,WATCH,1,NONE,Bearish Zhongshu,Neutral,Waiting,,29.82,31.34,,,,,光启技术,nan,,1.8.5-source-port,NONE,WATCH,NEW_WATCH
2026-08-31T22:12:04.838095+00:00,002648,HS300,2026-08-31,28.48,WATCH,1,NONE,Bull Trend,Neutral,Waiting,,22.2,24.47,,,,,卫星化学,nan,,1.8.5-source-port,NONE,WATCH,NEW_WATCH
2026-08-31T22:12:04.838095+00:00,002709,HS300,2026-08-31,36.44,WATCH,1,NONE,Bearish Zhongshu,Neutral,Waiting,,35.5,40.48,,,,,天赐材料,nan,,1.8.5-source-port,NONE,WATCH,NEW_WATCH
2026-08-31T22:12:04.838095+00:00,002714,HS300,2026-08-31,42.31,WATCH,1,NONE,Bullish Zhongshu,Neutral,Bull Micro BOS,,38.51,40.18,,,,,牧原股份,nan,,1.8.5-source-port,NONE,WATCH,NEW_WATCH
2026-08-31T22:12:04.838095+00:00,002916,HS300,2026-08-31,369.08,WATCH,1,NONE,Neutral Zhongshu,Neutral,Waiting,,350.0,388.18,,,,,深南电路,nan,,1.8.5-source-port,NONE,WATCH,NEW_WATCH
2026-08-31T22:12:04.838095+00:00,002920,HS300,2026-08-31,88.25,WATCH,1,NONE,Bullish Zhongshu,Neutral,Waiting,,83.43,88.94,,,,,德赛西威,nan,,1.8.5-source-port,NONE,WATCH,NEW_WATCH
2026-08-31T22:12:04.838095+00:00,002938,HS300,2026-08-31,93.3,WATCH,1,NONE,Bearish Zhongshu,Neutral,Waiting,,99.88,103.24,,,,,鹏鼎控股,nan,,1.8.5-source-port,NONE,WATCH,NEW_WATCH
2026-08-31T22:12:04.838095+00:00,300014,HS300,2026-08-31,52.76,WATCH,1,NONE,Bull Trend,Neutral,Bear Micro BOS,,54.53,56.13,,,,,亿纬锂能,nan,,1.8.5-source-port,NONE,WATCH,NEW_WATCH
2026-08-31T22:12:04.838095+00:00,300033,HS300,2026-08-31,229.2,WATCH,1,NONE,Bull Trend,Neutral,Waiting,,230.41,231.45,,,,,同花顺,nan,,1.8.5-source-port,NONE,WATCH,NEW_WATCH
2026-08-31T22:12:04.838095+00:00,300122,HS300,2026-08-31,13.66,WATCH,1,NONE,Bull Trend,Neutral,Waiting,,12.71,12.85,,,,,智飞生物,nan,,1.8.5-source-port,NONE,WATCH,NEW_WATCH
2026-08-31T22:12:04.838095+00:00,300124,HS300,2026-08-31,61.87,WATCH,1,NONE,Neutral Zhongshu,Neutral,Waiting,,59.73,65.12,,,,,汇川技术,nan,,1.8.5-source-port,NONE,WATCH,NEW_WATCH
2026-08-31T22:12:04.838095+00:00,300408,HS300,2026-08-31,115.0,WATCH,1,NONE,Neutral Zhongshu,Neutral,Waiting,,108.69,121.54,,,,,三环集团,nan,,1.8.5-source-port,NONE,WATCH,NEW_WATCH
2026-08-31T22:12:04.838095+00:00,300413,HS300,2026-08-31,16.98,WATCH,1,NONE,Bullish Zhongshu,Neutral,Bull Micro BOS,,14.82,15.83,,,,,芒果超媒,nan,,1.8.5-source-port,NONE,WATCH,NEW_WATCH
2026-08-31T22:12:04.838095+00:00,300418,HS300,2026-08-31,43.99,WATCH,1,NONE,Bullish Zhongshu,Distribution,Waiting,,41.61,45.1,,,,,昆仑万维,nan,,1.8.5-source-port,NONE,WATCH,NEW_WATCH
2026-08-31T22:12:04.838095+00:00,300476,HS300,2026-08-31,243.14,WATCH,1,NONE,Bearish Zhongshu,Neutral,Waiting,,237.07,287.68,,,,,胜宏科技,nan,,1.8.5-source-port,NONE,WATCH,NEW_WATCH
2026-08-31T22:12:04.838095+00:00,300498,HS300,2026-08-31,14.27,WATCH,1,NONE,Bullish Zhongshu,Neutral,Waiting,,13.38,14.0,,,,,温氏股份,nan,,1.8.5-source-port,NONE,WATCH,NEW_WATCH
2026-08-31T22:12:04.838095+00:00,300661,HS300,2026-08-31,114.0,WATCH,1,NONE,Neutral Zhongshu,Neutral,Waiting,,108.36,123.8,,,,,圣邦股份,nan,,1.8.5-source-port,NONE,WATCH,NEW_WATCH
2026-08-31T22:12:04.838095+00:00,300866,HS300,2026-08-31,125.77,WATCH,1,NONE,Bullish Zhongshu,Neutral,Waiting,,114.05,118.6,,,,,安克创新,nan,,1.8.5-source-port,NONE,WATCH,NEW_WATCH
2026-08-31T22:12:04.838095+00:00,300896,HS300,2026-08-31,92.81,WATCH,1,NONE,Bearish Zhongshu,Neutral,Waiting,,112.52,113.08,,,,,爱美客,nan,,1.8.5-source-port,NONE,WATCH,NEW_WATCH
2026-08-31T22:12:04.838095+00:00,300999,HS300,2026-08-31,26.54,WATCH,1,NONE,Bullish Zhongshu,Neutral,Waiting,,25.68,26.63,,,,,金龙鱼,nan,,1.8.5-source-port,NONE,WATCH,NEW_WATCH
2026-08-31T22:12:04.838095+00:00,301165,HS300,2026-08-31,127.33,WATCH,1,NONE,Bull Trend,Neutral,Waiting,,111.1,114.99,,,,,锐捷网络,nan,,1.8.5-source-port,NONE,WATCH,NEW_WATCH
2026-08-31T22:12:04.838095+00:00,301236,HS300,2026-08-31,37.78,WATCH,1,NONE,Bearish Zhongshu,Neutral,Waiting,,38.9,41.12,,,,,软通动力,nan,,1.8.5-source-port,NONE,WATCH,NEW_WATCH
2026-08-31T22:12:04.838095+00:00,301269,HS300,2026-08-31,99.71,WATCH,1,NONE,Bullish Zhongshu,Neutral,Waiting,,93.5,95.99,,,,,华大九天,nan,,1.8.5-source-port,NONE,WATCH,NEW_WATCH
2026-08-31T22:12:04.838095+00:00,301308,HS300,2026-08-31,381.75,WATCH,1,NONE,Bearish Zhongshu,Neutral,Waiting,,373.6,442.0,,,,,江波龙,nan,,1.8.5-source-port,NONE,WATCH,NEW_WATCH
2026-08-31T22:12:04.838095+00:00,302132,HS300,2026-08-31,59.7,WATCH,1,NONE,Bullish Zhongshu,Neutral,Waiting,,56.85,59.6,,,,,中航成飞,nan,,1.8.5-source-port,NONE,WATCH,NEW_WATCH
2026-08-31T22:12:04.838095+00:00,600016,HS300,2026-08-31,3.53,WATCH,1,NONE,Bullish Zhongshu,Neutral,Waiting,,3.41,3.5,,,,,民生银行,nan,,1.8.5-source-port,NONE,WATCH,NEW_WATCH
2026-08-31T22:12:04.838095+00:00,600018,HS300,2026-08-31,5.26,WATCH,1,NONE,Bullish Zhongshu,Neutral,Waiting,,5.05,5.29,,,,,上港集团,nan,,1.8.5-source-port,NONE,WATCH,NEW_WATCH
2026-08-31T22:12:04.838095+00:00,600019,HS300,2026-08-31,5.82,WATCH,1,NONE,Bullish Zhongshu,Neutral,Waiting,,5.68,5.89,,,,,宝钢股份,nan,,1.8.5-source-port,NONE,WATCH,NEW_WATCH
2026-08-31T22:12:04.838095+00:00,600027,HS300,2026-08-31,4.59,WATCH,1,NONE,Bullish Zhongshu,Neutral,Waiting,,4.51,4.54,,,,,华电国际,nan,,1.8.5-source-port,NONE,WATCH,NEW_WATCH
2026-08-31T22:12:04.838095+00:00,600029,HS300,2026-08-31,5.01,WATCH,1,NONE,Bearish Zhongshu,Neutral,Waiting,,5.05,5.12,,,,,南方航空,nan,,1.8.5-source-port,NONE,WATCH,NEW_WATCH
2026-08-31T22:12:04.838095+00:00,600039,HS300,2026-08-31,9.06,WATCH,1,NONE,Bullish Zhongshu,Neutral,Bull Micro BOS,,8.27,8.39,,,,,四川路桥,nan,,1.8.5-source-port,NONE,WATCH,NEW_WATCH
2026-08-31T22:12:04.838095+00:00,600048,HS300,2026-08-31,4.97,WATCH,1,NONE,Bearish Zhongshu,Neutral,Bear Micro BOS,,5.2,5.52,,,,,保利发展,nan,,1.8.5-source-port,NONE,WATCH,NEW_WATCH
2026-08-31T22:12:04.838095+00:00,600066,HS300,2026-08-31,29.79,WATCH,1,NONE,Bullish Zhongshu,Neutral,Waiting,,28.38,30.24,,,,,宇通客车,nan,,1.8.5-source-port,NONE,WATCH,NEW_WATCH
2026-08-31T22:12:04.838095+00:00,600089,HS300,2026-08-31,19.13,WATCH,1,NONE,Bearish Zhongshu,Neutral,Waiting,,18.81,21.8,,,,,特变电工,nan,,1.8.5-source-port,NONE,WATCH,NEW_WATCH
2026-08-31T22:12:04.838095+00:00,600104,HS300,2026-08-31,10.4,WATCH,1,NONE,Bullish Zhongshu,Neutral,Waiting,,9.93,10.07,,,,,上汽集团,nan,,1.8.5-source-port,NONE,WATCH,NEW_WATCH
2026-08-31T22:12:04.838095+00:00,600150,HS300,2026-08-31,34.08,WATCH,1,NONE,Neutral Zhongshu,Neutral,Waiting,,33.51,34.96,,,,,中国船舶,nan,,1.8.5-source-port,NONE,WATCH,NEW_WATCH
2026-08-31T22:12:04.838095+00:00,600160,HS300,2026-08-31,40.54,WATCH,1,NONE,Bearish Zhongshu,Neutral,Waiting,,38.51,44.5,,,,,巨化股份,nan,,1.8.5-source-port,NONE,WATCH,NEW_WATCH
2026-08-31T22:12:04.838095+00:00,600176,HS300,2026-08-31,43.93,WATCH,1,NONE,Bullish Zhongshu,Neutral,Bull Micro BOS,,37.83,43.98,,,,,中国巨石,nan,,1.8.5-source-port,NONE,WATCH,NEW_WATCH
2026-08-31T22:12:04.838095+00:00,600219,HS300,2026-08-31,4.84,WATCH,1,NONE,Bullish Zhongshu,Neutral,Waiting,,4.61,4.77,,,,,南山铝业,nan,,1.8.5-source-port,NONE,WATCH,NEW_WATCH
2026-08-31T22:12:04.838095+00:00,600233,HS300,2026-08-31,16.94,WATCH,1,NONE,Bull Trend,Neutral,Waiting,,17.15,17.5,,,,,圆通速递,nan,,1.8.5-source-port,NONE,WATCH,NEW_WATCH
2026-08-31T22:12:04.838095+00:00,600346,HS300,2026-08-31,19.35,WATCH,1,NONE,Bullish Zhongshu,Neutral,Waiting,,15.98,16.71,,,,,恒力石化,nan,,1.8.5-source-port,NONE,WATCH,NEW_WATCH
2026-08-31T22:12:04.838095+00:00,600362,HS300,2026-08-31,48.4,WATCH,1,NONE,Bullish Zhongshu,Accumulation,Bull Micro BOS,,43.78,44.24,,,,,江西铜业,nan,,1.8.5-source-port,NONE,WATCH,NEW_WATCH
2026-08-31T22:12:04.838095+00:00,600415,HS300,2026-08-31,12.48,WATCH,1,NONE,Bearish Zhongshu,Neutral,Waiting,,12.38,12.75,,,,,小商品城,nan,,1.8.5-source-port,NONE,WATCH,NEW_WATCH
2026-08-31T22:12:04.838095+00:00,600426,HS300,2026-08-31,21.45,WATCH,1,NONE,Neutral Zhongshu,Neutral,Waiting,,20.46,22.37,,,,,华鲁恒升,nan,,1.8.5-source-port,NONE,WATCH,NEW_WATCH
2026-08-31T22:12:04.838095+00:00,600438,HS300,2026-08-31,11.59,WATCH,1,NONE,Bearish Zhongshu,Neutral,Bear Micro BOS,,12.69,13.0,,,,,通威股份,nan,,1.8.5-source-port,NONE,WATCH,NEW_WATCH
2026-08-31T22:12:04.838095+00:00,600489,HS300,2026-08-31,25.62,WATCH,1,NONE,Bull Trend,Neutral,Waiting,,24.63,26.7,,,,,中金黄金,nan,,1.8.5-source-port,NONE,WATCH,NEW_WATCH
2026-08-31T22:12:04.838095+00:00,600515,HS300,2026-08-31,2.76,WATCH,1,NONE,Bull Trend,Neutral,Waiting,,2.83,2.85,,,,,海南机场,nan,,1.8.5-source-port,NONE,WATCH,NEW_WATCH
2026-08-31T22:12:04.838095+00:00,600570,HS300,2026-08-31,22.0,WATCH,1,NONE,Bullish Zhongshu,Neutral,Waiting,,20.95,22.38,,,,,恒生电子,nan,,1.8.5-source-port,NONE,WATCH,NEW_WATCH
2026-08-31T22:12:04.838095+00:00,600588,HS300,2026-08-31,10.29,WATCH,1,NONE,Bull Trend,Neutral,Waiting,,10.01,10.1,,,,,用友网络,nan,,1.8.5-source-port,NONE,WATCH,NEW_WATCH
2026-08-31T22:12:04.838095+00:00,600600,HS300,2026-08-31,50.7,WATCH,1,NONE,Bearish Zhongshu,Neutral,Waiting,,56.5,57.75,,,,,青岛啤酒,nan,,1.8.5-source-port,NONE,WATCH,NEW_WATCH
2026-08-31T22:12:04.838095+00:00,600760,HS300,2026-08-31,46.92,WATCH,1,NONE,Bull Trend,Neutral,Bull Micro BOS,,42.03,42.04,,,,,中航沈飞,nan,,1.8.5-source-port,NONE,WATCH,NEW_WATCH
2026-08-31T22:12:04.838095+00:00,600809,HS300,2026-08-31,116.76,WATCH,1,NONE,Bull Trend,Neutral,Waiting,,99.35,107.64,,,,,山西汾酒,nan,,1.8.5-source-port,NONE,WATCH,NEW_WATCH
2026-08-31T22:12:04.838095+00:00,600893,HS300,2026-08-31,38.66,WATCH,1,NONE,Bullish Zhongshu,Neutral,Bull Micro BOS,,36.0,36.36,,,,,航发动力,nan,,1.8.5-source-port,NONE,WATCH,NEW_WATCH
2026-08-31T22:12:04.838095+00:00,600900,HS300,2026-08-31,28.09,WATCH,1,NONE,Neutral Zhongshu,Neutral,Waiting,,27.51,28.43,,,,,长江电力,nan,,1.8.5-source-port,NONE,WATCH,NEW_WATCH
2026-08-31T22:12:04.838095+00:00,600918,HS300,2026-08-31,5.69,WATCH,1,NONE,Bullish Zhongshu,Distribution,Waiting,,5.55,5.59,,,,,中泰证券,nan,,1.8.5-source-port,NONE,WATCH,NEW_WATCH
2026-08-31T22:12:04.838095+00:00,600919,HS300,2026-08-31,12.09,WATCH,1,NONE,Bull Trend,Neutral,Waiting,,11.53,11.78,,,,,江苏银行,nan,,1.8.5-source-port,NONE,WATCH,NEW_WATCH
2026-08-31T22:12:04.838095+00:00,600958,HS300,2026-08-31,9.19,WATCH,1,NONE,Bullish Zhongshu,Neutral,Waiting,,9.0,9.2,,,,,东方证券,nan,,1.8.5-source-port,NONE,WATCH,NEW_WATCH
2026-08-31T22:12:04.838095+00:00,600999,HS300,2026-08-31,18.71,WATCH,1,NONE,Bullish Zhongshu,Neutral,Waiting,,17.7,17.95,,,,,招商证券,nan,,1.8.5-source-port,NONE,WATCH,NEW_WATCH
2026-08-31T22:12:04.838095+00:00,601006,HS300,2026-08-31,4.76,WATCH,1,NONE,Bearish Zhongshu,Neutral,Waiting,,5.02,5.06,,,,,大秦铁路,nan,,1.8.5-source-port,NONE,WATCH,NEW_WATCH
2026-08-31T22:12:04.838095+00:00,601009,HS300,2026-08-31,11.66,WATCH,1,NONE,Bull Trend,Neutral,Waiting,,11.09,11.65,,,,,南京银行,nan,,1.8.5-source-port,NONE,WATCH,NEW_WATCH
2026-08-31T22:12:04.838095+00:00,601012,HS300,2026-08-31,12.07,WATCH,1,NONE,Bearish Zhongshu,Neutral,Bear Micro BOS,,12.56,12.82,,,,,隆基绿能,nan,,1.8.5-source-port,NONE,WATCH,NEW_WATCH
2026-08-31T22:12:04.838095+00:00,601018,HS300,2026-08-31,3.44,WATCH,1,NONE,Bull Trend,Neutral,Waiting,,3.35,3.43,,,,,宁波港,nan,,1.8.5-source-port,NONE,WATCH,NEW_WATCH
2026-08-31T22:12:04.838095+00:00,601058,HS300,2026-08-31,15.2,WATCH,1,NONE,Bullish Zhongshu,Neutral,Bull Micro BOS,,13.38,13.87,,,,,赛轮轮胎,nan,,1.8.5-source-port,NONE,WATCH,NEW_WATCH
2026-08-31T22:12:04.838095+00:00,601059,HS300,2026-08-31,16.83,WATCH,1,NONE,Bull Trend,Accumulation,Bull Micro BOS,,16.44,16.84,,,,,信达证券,nan,,1.8.5-source-port,NONE,WATCH,NEW_WATCH
2026-08-31T22:12:04.838095+00:00,601088,HS300,2026-08-31,48.78,WATCH,1,NONE,Bull Trend,Neutral,Bull Micro BOS,,43.96,44.36,,,,,中国神华,nan,,1.8.5-source-port,NONE,WATCH,NEW_WATCH
2026-08-31T22:12:04.838095+00:00,601111,HS300,2026-08-31,5.83,WATCH,1,NONE,Bearish Zhongshu,Neutral,Waiting,,5.92,5.95,,,,,中国国航,nan,,1.8.5-source-port,NONE,WATCH,NEW_WATCH
2026-08-31T22:12:04.838095+00:00,601117,HS300,2026-08-31,7.44,WATCH,1,NONE,Bearish Zhongshu,Neutral,Waiting,,7.35,7.62,,,,,中国化学,nan,,1.8.5-source-port,NONE,WATCH,NEW_WATCH
2026-08-31T22:12:04.838095+00:00,601136,HS300,2026-08-31,15.86,WATCH,1,NONE,Bullish Zhongshu,Neutral,Bull Micro BOS,,13.78,14.28,,,,,首创证券,nan,,1.8.5-source-port,NONE,WATCH,NEW_WATCH
2026-08-31T22:12:04.838095+00:00,601138,HS300,2026-08-31,64.84,WATCH,1,NONE,Bull Trend,Neutral,Waiting,,58.75,60.84,,,,,工业富联,nan,,1.8.5-source-port,NONE,WATCH,NEW_WATCH
2026-08-31T22:12:04.838095+00:00,601225,HS300,2026-08-31,27.62,WATCH,1,NONE,Bull Trend,Neutral,Bull Micro BOS,,23.77,24.0,,,,,陕西煤业,nan,,1.8.5-source-port,NONE,WATCH,NEW_WATCH
2026-08-31T22:12:04.838095+00:00,601229,HS300,2026-08-31,9.48,WATCH,1,NONE,Bull Trend,Neutral,Waiting,,9.18,9.41,,,,,上海银行,nan,,1.8.5-source-port,NONE,WATCH,NEW_WATCH
2026-08-31T22:12:04.838095+00:00,601318,HS300,2026-08-31,55.82,WATCH,1,NONE,Bull Trend,Neutral,Waiting,,51.17,55.8,,,,,中国平安,nan,,1.8.5-source-port,NONE,WATCH,NEW_WATCH
2026-08-31T22:12:04.838095+00:00,601618,HS300,2026-08-31,2.56,WATCH,1,NONE,Bearish Zhongshu,Neutral,Waiting,,2.52,2.65,,,,,中国中冶,nan,,1.8.5-source-port,NONE,WATCH,NEW_WATCH
2026-08-31T22:12:04.838095+00:00,601628,HS300,2026-08-31,38.5,WATCH,1,NONE,Bullish Zhongshu,Neutral,Bull Micro BOS,,37.15,38.88,,,,,中国人寿,nan,,1.8.5-source-port,NONE,WATCH,NEW_WATCH
2026-08-31T22:12:04.838095+00:00,601633,HS300,2026-08-31,15.18,WATCH,1,NONE,Bearish Zhongshu,Neutral,Waiting,,15.87,16.84,,,,,长城汽车,nan,,1.8.5-source-port,NONE,WATCH,NEW_WATCH
2026-08-31T22:12:04.838095+00:00,601658,HS300,2026-08-31,5.26,WATCH,1,NONE,Bullish Zhongshu,Neutral,Bull Micro BOS,,5.07,5.08,,,,,邮储银行,nan,,1.8.5-source-port,NONE,WATCH,NEW_WATCH
2026-08-31T22:12:04.838095+00:00,601689,HS300,2026-08-31,46.83,WATCH,1,NONE,Bearish Zhongshu,Neutral,Waiting,,51.16,51.73,,,,,拓普集团,nan,,1.8.5-source-port,NONE,WATCH,NEW_WATCH
2026-08-31T22:12:04.838095+00:00,601788,HS300,2026-08-31,14.72,WATCH,1,NONE,Bullish Zhongshu,Neutral,Waiting,,14.5,14.75,,,,,光大证券,nan,,1.8.5-source-port,NONE,WATCH,NEW_WATCH
2026-08-31T22:12:04.838095+00:00,601800,HS300,2026-08-31,5.93,WATCH,1,NONE,Neutral Zhongshu,Neutral,Waiting,,5.81,6.03,,,,,中国交建,nan,,1.8.5-source-port,NONE,WATCH,NEW_WATCH
2026-08-31T22:12:04.838095+00:00,601816,HS300,2026-08-31,4.89,WATCH,1,NONE,Bearish Zhongshu,Neutral,Waiting,,4.88,4.93,,,,,京沪高铁,nan,,1.8.5-source-port,NONE,WATCH,NEW_WATCH
2026-08-31T22:12:04.838095+00:00,601825,HS300,2026-08-31,8.9,WATCH,1,NONE,Bull Trend,Distribution,Waiting,,8.19,8.77,,,,,沪农商行,nan,,1.8.5-source-port,NONE,WATCH,NEW_WATCH
2026-08-31T22:12:04.838095+00:00,601838,HS300,2026-08-31,19.05,WATCH,1,NONE,Bull Trend,Neutral,Bull Micro BOS,,17.77,18.09,,,,,成都银行,nan,,1.8.5-source-port,NONE,WATCH,NEW_WATCH
2026-08-31T22:12:04.838095+00:00,601857,HS300,2026-08-31,11.42,WATCH,1,NONE,Bull Trend,Neutral,Bull Micro BOS,,11.08,11.11,,,,,中国石油,nan,,1.8.5-source-port,NONE,WATCH,NEW_WATCH
2026-08-31T22:12:04.838095+00:00,601868,HS300,2026-08-31,2.49,WATCH,1,NONE,Bearish Zhongshu,Neutral,Waiting,,2.47,2.54,,,,,中国能建,nan,,1.8.5-source-port,NONE,WATCH,NEW_WATCH
2026-08-31T22:12:04.838095+00:00,601877,HS300,2026-08-31,25.68,WATCH,1,NONE,Bullish Zhongshu,Neutral,Waiting,,25.37,25.49,,,,,正泰电器,nan,,1.8.5-source-port,NONE,WATCH,NEW_WATCH
2026-08-31T22:12:04.838095+00:00,601888,HS300,2026-08-31,52.48,WATCH,1,NONE,Bearish Zhongshu,Neutral,Waiting,,55.68,55.74,,,,,中国中免,nan,,1.8.5-source-port,NONE,WATCH,NEW_WATCH
2026-08-31T22:12:04.838095+00:00,601898,HS300,2026-08-31,16.19,WATCH,1,NONE,Bull Trend,Neutral,Bull Micro BOS,,12.85,13.3,,,,,中煤能源,nan,,1.8.5-source-port,NONE,WATCH,NEW_WATCH
2026-08-31T22:12:04.838095+00:00,601916,HS300,2026-08-31,2.9,WATCH,1,NONE,Bearish Zhongshu,Distrib Watch,Waiting,,2.88,2.96,,,,,浙商银行,nan,,1.8.5-source-port,NONE,WATCH,NEW_WATCH
2026-08-31T22:12:04.838095+00:00,601919,HS300,2026-08-31,17.0,WATCH,1,NONE,Bullish Zhongshu,Neutral,Waiting,,13.49,14.72,,,,,中远海控,nan,,1.8.5-source-port,NONE,WATCH,NEW_WATCH
2026-08-31T22:12:04.838095+00:00,601985,HS300,2026-08-31,8.89,WATCH,1,NONE,Bullish Zhongshu,Neutral,Waiting,,8.78,8.95,,,,,中国核电,nan,,1.8.5-source-port,NONE,WATCH,NEW_WATCH
2026-08-31T22:12:04.838095+00:00,603019,HS300,2026-08-31,88.27,WATCH,1,NONE,Bullish Zhongshu,Neutral,Waiting,,87.89,87.95,,,,,中科曙光,nan,,1.8.5-source-port,NONE,WATCH,NEW_WATCH
2026-08-31T22:12:04.838095+00:00,603259,HS300,2026-08-31,154.78,WATCH,1,NONE,Bull Trend,Neutral,Waiting,,121.41,129.15,,,,,药明康德,nan,,1.8.5-source-port,NONE,WATCH,NEW_WATCH
2026-08-31T22:12:04.838095+00:00,603369,HS300,2026-08-31,28.32,WATCH,1,NONE,Bull Trend,Re-Distribution,Waiting,,25.45,25.61,,,,,今世缘,nan,,1.8.5-source-port,NONE,WATCH,NEW_WATCH
2026-08-31T22:12:04.838095+00:00,603392,HS300,2026-08-31,28.99,WATCH,1,NONE,Neutral Zhongshu,Neutral,Waiting,,28.18,30.33,,,,,万泰生物,nan,,1.8.5-source-port,NONE,WATCH,NEW_WATCH
2026-08-31T22:12:04.838095+00:00,603893,HS300,2026-08-31,194.59,WATCH,1,NONE,Neutral Zhongshu,Neutral,Waiting,,176.75,212.66,,,,,瑞芯微,nan,,1.8.5-source-port,NONE,WATCH,NEW_WATCH
2026-08-31T22:12:04.838095+00:00,603993,HS300,2026-08-31,19.06,WATCH,1,NONE,Bearish Zhongshu,Distrib Watch,Waiting,,18.76,19.99,,,,,洛阳钼业,nan,,1.8.5-source-port,NONE,WATCH,NEW_WATCH
2026-08-31T22:12:04.838095+00:00,605117,HS300,2026-08-31,88.04,WATCH,1,NONE,Bearish Zhongshu,Neutral,Bear Micro BOS,,94.0,97.53,,,,,德业股份,nan,,1.8.5-source-port,NONE,WATCH,NEW_WATCH
2026-08-31T22:12:04.838095+00:00,688009,HS300,2026-08-31,4.96,WATCH,1,NONE,Bullish Zhongshu,Neutral,Waiting,,4.9,4.95,,,,,中国通号,nan,,1.8.5-source-port,NONE,WATCH,NEW_WATCH
2026-08-31T22:12:04.838095+00:00,688047,HS300,2026-08-31,108.0,WATCH,1,NONE,Neutral Zhongshu,Neutral,Waiting,,100.7,114.5,,,,,龙芯中科,nan,,1.8.5-source-port,NONE,WATCH,NEW_WATCH
2026-08-31T22:12:04.838095+00:00,688072,HS300,2026-08-31,677.86,WATCH,1,NONE,Neutral Zhongshu,Neutral,Waiting,,633.35,727.27,,,,,拓荆科技,nan,,1.8.5-source-port,NONE,WATCH,NEW_WATCH
2026-08-31T22:12:04.838095+00:00,688183,HS300,2026-08-31,128.88,WATCH,1,NONE,Bullish Zhongshu,Neutral,Bull Micro BOS,,121.38,121.39,,,,,生益电子,nan,,1.8.5-source-port,NONE,WATCH,NEW_WATCH
2026-08-31T22:12:04.838095+00:00,688472,HS300,2026-08-31,9.1,WATCH,1,NONE,Bearish Zhongshu,Neutral,Bear Micro BOS,,10.69,10.7,,,,,阿特斯,nan,,1.8.5-source-port,NONE,WATCH,NEW_WATCH
2026-08-31T22:12:04.838095+00:00,688981,HS300,2026-08-31,128.7,WATCH,1,NONE,Neutral Zhongshu,Neutral,Waiting,,120.0,137.48,,,,,中芯国际,nan,,1.8.5-source-port,NONE,WATCH,NEW_WATCH
2026-09-01T01:21:44.141168+00:00,SYY,SP500,2026-08-31,81.08000183105469,ENTRY,3,UTAD,Bearish Zhongshu,Distribution,Bear Micro BOS,SHORT,82.91,84.76,81.08,85.72,80.43,67.16,Sysco,Consumer Staples,,1.8.5-source-port,NONE,ENTRY,NEW_ENTRY
2026-09-01T01:21:44.141168+00:00,CBRE,SP500,2026-08-31,145.80999755859375,ENTRY,3,3S,Bull Trend,Neutral,Bear Micro BOS,SHORT,150.03,153.08,145.81,151.86,133.7,127.65,CBRE Group,Real Estate,,1.8.5-source-port,NONE,ENTRY,NEW_ENTRY
2026-09-01T01:21:44.141168+00:00,FRT,SP500,2026-08-31,116.02999877929688,ENTRY,3,3S,Bearish Zhongshu,Neutral,Bear Micro BOS,SHORT,116.95,119.27,116.03,117.21,113.66,112.48,Federal Realty Investment Trust,Real Estate,,1.8.5-source-port,NONE,ENTRY,NEW_ENTRY
2026-09-01T01:21:44.141168+00:00,LVS,SP500,2026-08-31,43.810001373291016,ENTRY,3,3S,Bearish Zhongshu,Neutral,Bear Micro BOS,SHORT,45.06,46.48,43.81,45.55,40.33,38.59,Las Vegas Sands,Consumer Discretionary,,1.8.5-source-port,NONE,ENTRY,NEW_ENTRY
2026-09-01T01:21:44.141168+00:00,PAYX,SP500,2026-08-31,127.33999633789062,ENTRY,3,3B,Bull Trend,Neutral,Bull Micro BOS,LONG,121.73,124.74,127.34,124.62,132.78,135.5,Paychex,Industrials,,1.8.5-source-port,NONE,ENTRY,NEW_ENTRY
2026-09-01T01:21:44.141168+00:00,SBAC,SP500,2026-08-31,189.66000366210938,ENTRY,3,3B,Bull Trend,Neutral,Bull Micro BOS,LONG,178.82,186.91,189.66,186.4,196.17,199.43,SBA Communications,Real Estate,,1.8.5-source-port,NONE,ENTRY,NEW_ENTRY
2026-09-01T01:21:44.141168+00:00,AIZ,SP500,2026-08-31,281.8599853515625,ENTRY,3,2S,Neutral Zhongshu,Neutral,Bear Micro BOS,SHORT,278.59,284.12,281.86,291.01,263.56,254.41,Assurant,Financials,,1.8.5-source-port,NONE,ENTRY,NEW_ENTRY
2026-09-01T01:21:44.141168+00:00,CFG,SP500,2026-08-31,68.87000274658203,ENTRY,3,2S,Bearish Zhongshu,Neutral,Bear Micro BOS,SHORT,70.12,71.0,68.87,71.35,63.91,61.42,Citizens Financial Group,Financials,,1.8.5-source-port,NONE,ENTRY,NEW_ENTRY
2026-09-01T01:21:44.141168+00:00,CTVA,SP500,2026-08-31,84.62999725341797,ENTRY,3,2B,Bear Trend,Neutral,Bull Micro BOS,LONG,82.98,84.13,84.63,80.66,92.57,96.54,Corteva,Materials,,1.8.5-source-port,NONE,ENTRY,NEW_ENTRY
2026-09-01T01:21:44.141168+00:00,EIX,SP500,2026-08-31,53.97999954223633,ENTRY,3,2S,Bearish Zhongshu,Distrib Watch,Bear Micro BOS,SHORT,72.65,75.9,53.98,76.83,8.28,-14.57,Edison International,Utilities,,1.8.5-source-port,NONE,ENTRY,NEW_ENTRY
2026-09-01T01:21:44.141168+00:00,ETN,SP500,2026-08-31,401.8800048828125,ENTRY,3,2S,Bull Trend,Neutral,Bear Micro BOS,SHORT,415.15,417.97,401.88,432.5,340.64,310.02,Eaton Corporation,Industrials,,1.8.5-source-port,NONE,ENTRY,NEW_ENTRY
2026-09-01T01:21:44.141168+00:00,FSLR,SP500,2026-08-31,201.89999389648438,ENTRY,3,2S,Bull Trend,Neutral,Bear Micro BOS,SHORT,221.26,234.45,201.9,216.34,173.03,158.59,First Solar,Information Technology,,1.8.5-source-port,NONE,ENTRY,NEW_ENTRY
2026-09-01T01:21:44.141168+00:00,GE,SP500,2026-08-31,335.7099914550781,ENTRY,3,2S,Bull Trend,Neutral,Bear Micro BOS,SHORT,359.55,366.77,335.71,359.23,288.66,265.14,GE Aerospace,Industrials,,1.8.5-source-port,NONE,ENTRY,NEW_ENTRY
2026-09-01T01:21:44.141168+00:00,IR,SP500,2026-08-31,77.05000305175781,ENTRY,3,2S,Bull Trend,Neutral,Bear Micro BOS,SHORT,82.88,83.18,77.05,82.29,66.57,61.33,Ingersoll Rand,Industrials,,1.8.5-source-port,NONE,ENTRY,NEW_ENTRY
2026-09-01T01:21:44.141168+00:00,JCI,SP500,2026-08-31,138.24000549316406,ENTRY,3,2S,Bull Trend,Neutral,Bear Micro BOS,SHORT,142.84,147.25,138.24,146.65,121.43,113.02,Johnson Controls,Industrials,,1.8.5-source-port,NONE,ENTRY,NEW_ENTRY
2026-09-01T01:21:44.141168+00:00,SNA,SP500,2026-08-31,386.30999755859375,ENTRY,3,2S,Bearish Zhongshu,Neutral,Bear Micro BOS,SHORT,396.0,400.63,386.31,402.77,353.39,336.94,Snap-on,Industrials,,1.8.5-source-port,NONE,ENTRY,NEW_ENTRY
2026-09-01T01:21:44.141168+00:00,VMC,SP500,2026-08-31,269.5799865722656,ENTRY,3,2S,Bear Trend,Neutral,Bear Micro BOS,SHORT,271.92,281.19,269.58,283.37,242.0,228.21,Vulcan Materials Company,Materials,,1.8.5-source-port,NONE,ENTRY,NEW_ENTRY
2026-09-01T01:21:44.141168+00:00,WY,SP500,2026-08-31,23.3700008392334,ENTRY,3,2S,Bearish Zhongshu,Neutral,Bear Micro BOS,SHORT,24.45,24.47,23.37,25.15,19.81,18.03,Weyerhaeuser,Real Estate,,1.8.5-source-port,NONE,ENTRY,NEW_ENTRY
2026-09-01T01:21:44.141168+00:00,AME,SP500,2026-08-31,235.1699981689453,ENTRY,3,BRK_SHORT,Bull Trend,Neutral,Bear Micro BOS,SHORT,237.4,244.71,235.17,239.03,227.46,223.6,Ametek,Industrials,,1.8.5-source-port,NONE,ENTRY,NEW_ENTRY
2026-09-01T01:21:44.141168+00:00,AOS,SP500,2026-08-31,59.130001068115234,ENTRY,3,BRK_SHORT,Bearish Zhongshu,Neutral,Bear Micro BOS,SHORT,60.56,61.33,59.13,61.09,55.21,53.26,A. O. Smith,Industrials,,1.8.5-source-port,NONE,ENTRY,NEW_ENTRY
2026-09-01T01:21:44.141168+00:00,AXON,SP500,2026-08-31,566.5599975585938,ENTRY,3,BRK_SHORT,Bearish Zhongshu,Neutral,Bear Micro BOS,SHORT,594.01,642.68,566.56,607.03,485.63,445.16,Axon Enterprise,Industrials,,1.8.5-source-port,NONE,ENTRY,NEW_ENTRY
2026-09-01T01:21:44.141168+00:00,BLDR,SP500,2026-08-31,66.4000015258789,ENTRY,3,BRK_SHORT,Bearish Zhongshu,Neutral,Bear Micro BOS,SHORT,67.52,72.72,66.4,68.35,62.5,60.55,Builders FirstSource,Industrials,,1.8.5-source-port,NONE,ENTRY,NEW_ENTRY
2026-09-01T01:21:44.141168+00:00,DAL,SP500,2026-08-31,78.0,ENTRY,3,BRK_SHORT,Bearish Zhongshu,Neutral,Bear Micro BOS,SHORT,80.67,84.99,78.0,81.39,71.22,67.82,Delta Air Lines,Industrials,,1.8.5-source-port,NONE,ENTRY,NEW_ENTRY
2026-09-01T01:21:44.141168+00:00,EMR,SP500,2026-08-31,152.44000244140625,ENTRY,3,BRK_SHORT,Bearish Zhongshu,Neutral,Bear Micro BOS,SHORT,154.08,158.98,152.44,155.68,145.97,142.73,Emerson Electric,Industrials,,1.8.5-source-port,NONE,ENTRY,NEW_ENTRY
2026-09-01T01:21:44.141168+00:00,GOOG,SP500,2026-08-31,335.4100036621094,ENTRY,3,BRK_SHORT,Bull Trend,Neutral,Bear Micro BOS,SHORT,339.82,341.98,335.41,343.07,320.09,312.43,Alphabet Inc. (Class C),Communication Services,,1.8.5-source-port,NONE,ENTRY,NEW_ENTRY
2026-09-01T01:21:44.141168+00:00,IP,SP500,2026-08-31,37.93000030517578,ENTRY,3,BRK_SHORT,Bearish Zhongshu,Neutral,Bear Micro BOS,SHORT,39.58,41.65,37.93,39.97,33.85,31.81,International Paper,Materials,,1.8.5-source-port,NONE,ENTRY,NEW_ENTRY
2026-09-01T01:21:44.141168+00:00,KEY,SP500,2026-08-31,21.610000610351562,ENTRY,3,BRK_SHORT,Bear Trend,Neutral,Bear Micro BOS,SHORT,22.13,22.24,21.61,22.25,20.33,19.69,KeyCorp,Financials,,1.8.5-source-port,NONE,ENTRY,NEW_ENTRY
2026-09-01T01:21:44.141168+00:00,NRG,SP500,2026-08-31,110.12000274658203,ENTRY,3,BRK_SHORT,Bear Trend,Neutral,Bear Micro BOS,SHORT,112.5,127.53,110.12,114.17,102.02,97.98,NRG Energy,Utilities,,1.8.5-source-port,NONE,ENTRY,NEW_ENTRY
2026-09-01T01:21:44.141168+00:00,PH,SP500,2026-08-31,979.4400024414062,ENTRY,3,BRK_SHORT,Bull Trend,Neutral,Bear Micro BOS,SHORT,993.52,1003.79,979.44,1001.02,936.27,914.69,Parker Hannifin,Industrials,,1.8.5-source-port,NONE,ENTRY,NEW_ENTRY
2026-09-01T01:21:44.141168+00:00,QCOM,SP500,2026-08-31,170.47999572753906,ENTRY,3,BRK,Bullish Zhongshu,Neutral,Bull Micro BOS,LONG,156.73,168.87,170.48,162.63,186.17,194.02,Qualcomm,Information Technology,,1.8.5-source-port,NONE,ENTRY,NEW_ENTRY
2026-09-01T01:21:44.141168+00:00,SHW,SP500,2026-08-31,338.80999755859375,ENTRY,3,BRK_SHORT,Bearish Zhongshu,Neutral,Bear Micro BOS,SHORT,344.35,352.85,338.81,346.84,322.75,314.71,Sherwin-Williams,Materials,,1.8.5-source-port,NONE,ENTRY,NEW_ENTRY
2026-09-01T01:21:44.141168+00:00,TDY,SP500,2026-08-31,612.9500122070312,ENTRY,3,BRK_SHORT,Bull Trend,Neutral,Bear Micro BOS,SHORT,619.08,629.94,612.95,628.54,581.78,566.19,Teledyne Technologies,Information Technology,,1.8.5-source-port,NONE,ENTRY,NEW_ENTRY
2026-09-01T01:21:44.141168+00:00,TFC,SP500,2026-08-31,49.58000183105469,ENTRY,3,BRK_SHORT,Bearish Zhongshu,Neutral,Bear Micro BOS,SHORT,50.11,51.53,49.58,50.66,47.43,46.35,Truist Financial,Financials,,1.8.5-source-port,NONE,ENTRY,NEW_ENTRY
2026-09-01T01:21:44.141168+00:00,ABBV,SP500,2026-08-31,256.4200134277344,READY,2,3B,Neutral Zhongshu,Neutral,Waiting,LONG,242.39,255.3,,,,,AbbVie,Health Care,,1.8.5-source-port,NONE,READY,NEW_READY
2026-09-01T01:21:44.141168+00:00,ABT,SP500,2026-08-31,110.36000061035156,READY,2,3B,Bull Trend,Neutral,Waiting,LONG,104.2,110.04,,,,,Abbott Laboratories,Health Care,,1.8.5-source-port,NONE,READY,NEW_READY
2026-09-01T01:21:44.141168+00:00,ACN,SP500,2026-08-31,189.75999450683594,READY,2,3B,Bull Trend,Neutral,Bull Micro BOS,LONG,157.76,176.4,,,,,Accenture,Information Technology,,1.8.5-source-port,NONE,READY,NEW_READY
2026-09-01T01:21:44.141168+00:00,AEE,SP500,2026-08-31,106.01000213623047,READY,2,3S,Bear Trend,Neutral,Waiting,SHORT,106.45,107.42,,,,,Ameren,Utilities,,1.8.5-source-port,NONE,READY,NEW_READY
2026-09-01T01:21:44.141168+00:00,AJG,SP500,2026-08-31,262.1499938964844,READY,2,3B,Bull Trend,Neutral,Waiting,LONG,245.33,261.92,,,,,Arthur J. Gallagher & Co.,Financials,,1.8.5-source-port,NONE,READY,NEW_READY
2026-09-01T01:21:44.141168+00:00,ALB,SP500,2026-08-31,134.97000122070312,READY,2,3B,Bullish Zhongshu,Neutral,Waiting,LONG,124.58,130.61,,,,,Albemarle Corporation,Materials,,1.8.5-source-port,NONE,READY,NEW_READY
2026-09-01T01:21:44.141168+00:00,ALLE,SP500,2026-08-31,155.25,READY,2,3S,Bearish Zhongshu,Neutral,Bear Micro BOS,SHORT,159.82,166.02,,,,,Allegion,Industrials,,1.8.5-source-port,NONE,READY,NEW_READY
2026-09-01T01:21:44.141168+00:00,AMGN,SP500,2026-08-31,429.8800048828125,READY,2,3B,Bull Trend,Neutral,Waiting,LONG,408.02,419.34,,,,,Amgen,Health Care,,1.8.5-source-port,NONE,READY,NEW_READY
2026-09-01T01:21:44.141168+00:00,ATO,SP500,2026-08-31,166.1300048828125,READY,2,3S,Bearish Zhongshu,Neutral,Waiting,SHORT,166.15,171.69,,,,,Atmos Energy,Utilities,,1.8.5-source-port,NONE,READY,NEW_READY
2026-09-01T01:21:44.141168+00:00,AVGO,SP500,2026-08-31,370.3399963378906,READY,2,3S,Bearish Zhongshu,Neutral,Waiting,SHORT,388.5,389.9,,,,,Broadcom,Information Technology,,1.8.5-source-port,NONE,READY,NEW_READY
2026-09-01T01:21:44.141168+00:00,BKR,SP500,2026-08-31,63.54999923706055,READY,2,3B,Bull Trend,Neutral,Waiting,LONG,61.13,62.44,,,,,Baker Hughes,Energy,,1.8.5-source-port,NONE,READY,NEW_READY
2026-09-01T01:21:44.141168+00:00,BLK,SP500,2026-08-31,1155.6099853515625,READY,2,3B,Bull Trend,Neutral,Waiting,LONG,1126.0,1150.3,,,,,BlackRock,Financials,,1.8.5-source-port,NONE,READY,NEW_READY
2026-09-01T01:21:44.141168+00:00,BR,SP500,2026-08-31,182.3800048828125,READY,2,3B,Bull Trend,Neutral,Waiting,LONG,165.81,176.94,,,,,Broadridge Financial Solutions,Industrials,,1.8.5-source-port,NONE,READY,NEW_READY
2026-09-01T01:21:44.141168+00:00,CASY,SP500,2026-08-31,752.2100219726562,READY,2,3S,Bear Trend,Neutral,Bear Micro BOS,SHORT,811.19,882.68,,,,,Casey's,Consumer Staples,,1.8.5-source-port,NONE,READY,NEW_READY
2026-09-01T01:21:44.141168+00:00,CB,SP500,2026-08-31,338.6000061035156,READY,2,3S,Bearish Zhongshu,Neutral,Waiting,SHORT,342.22,347.04,,,,,Chubb Limited,Financials,,1.8.5-source-port,NONE,READY,NEW_READY
2026-09-01T01:21:44.141168+00:00,CCL,SP500,2026-08-31,23.889999389648438,READY,2,3S,Bearish Zhongshu,Neutral,Bear Micro BOS,SHORT,25.19,26.46,,,,,Carnival Corporation,Consumer Discretionary,,1.8.5-source-port,NONE,READY,NEW_READY
2026-09-01T01:21:44.141168+00:00,CINF,SP500,2026-08-31,169.89999389648438,READY,2,3S,Bear Trend,Neutral,Waiting,SHORT,172.87,174.29,,,,,Cincinnati Financial,Financials,,1.8.5-source-port,NONE,READY,NEW_READY
2026-09-01T01:21:44.141168+00:00,CME,SP500,2026-08-31,285.5,READY,2,3B,Bull Trend,Neutral,Bull Micro BOS,LONG,256.83,270.0,,,,,CME Group,Financials,,1.8.5-source-port,NONE,READY,NEW_READY
2026-09-01T01:21:44.141168+00:00,CMS,SP500,2026-08-31,68.05999755859375,READY,2,3S,Bear Trend,Neutral,Waiting,SHORT,71.2,72.44,,,,,CMS Energy,Utilities,,1.8.5-source-port,NONE,READY,NEW_READY
2026-09-01T01:21:44.141168+00:00,COF,SP500,2026-08-31,214.50999450683594,READY,2,3B,Bullish Zhongshu,Neutral,Waiting,LONG,211.32,212.57,,,,,Capital One,Financials,,1.8.5-source-port,NONE,READY,NEW_READY
2026-09-01T01:21:44.141168+00:00,COIN,SP500,2026-08-31,188.1199951171875,READY,2,3B,Bullish Zhongshu,Neutral,Waiting,LONG,152.58,154.42,,,,,Coinbase,Financials,,1.8.5-source-port,NONE,READY,NEW_READY
2026-09-01T01:21:44.141168+00:00,COR,SP500,2026-08-31,323.6000061035156,READY,2,3B,Bullish Zhongshu,Neutral,Waiting,LONG,312.02,322.33,,,,,Cencora,Health Care,,1.8.5-source-port,NONE,READY,NEW_READY
2026-09-01T01:21:44.141168+00:00,CPRT,SP500,2026-08-31,32.9900016784668,READY,2,3B,Bull Trend,Neutral,Waiting,LONG,30.09,31.42,,,,,Copart,Industrials,,1.8.5-source-port,NONE,READY,NEW_READY
2026-09-01T01:21:44.141168+00:00,CSGP,SP500,2026-08-31,32.06999969482422,READY,2,3B,Bull Trend,Neutral,Waiting,LONG,31.29,31.4,,,,,CoStar Group,Real Estate,,1.8.5-source-port,NONE,READY,NEW_READY
2026-09-01T01:21:44.141168+00:00,CSX,SP500,2026-08-31,50.5099983215332,READY,2,3B,Bullish Zhongshu,Neutral,Waiting,LONG,49.42,50.67,,,,,CSX Corporation,Industrials,,1.8.5-source-port,NONE,READY,NEW_READY
2026-09-01T01:21:44.141168+00:00,D,SP500,2026-08-31,66.01000213623047,READY,2,3S,Bearish Zhongshu,Neutral,Waiting,SHORT,67.38,68.95,,,,,Dominion Energy,Utilities,,1.8.5-source-port,NONE,READY,NEW_READY
2026-09-01T01:21:44.141168+00:00,DASH,SP500,2026-08-31,231.74000549316406,READY,2,3B,Bull Trend,Neutral,Waiting,LONG,212.02,222.39,,,,,DoorDash,Consumer Discretionary,,1.8.5-source-port,NONE,READY,NEW_READY
2026-09-01T01:21:44.141168+00:00,DE,SP500,2026-08-31,654.9099731445312,READY,2,3B,Bear Trend,Neutral,Waiting,LONG,597.23,623.28,,,,,Deere & Company,Industrials,,1.8.5-source-port,NONE,READY,NEW_READY
2026-09-01T01:21:44.141168+00:00,DLTR,SP500,2026-08-31,126.58999633789062,READY,2,3S,Bull Trend,Neutral,Waiting,SHORT,127.09,132.1,,,,,Dollar Tree,Consumer Staples,,1.8.5-source-port,NONE,READY,NEW_READY
2026-09-01T01:21:44.141168+00:00,DRI,SP500,2026-08-31,214.25999450683594,READY,2,3S,Bull Trend,Neutral,Waiting,SHORT,217.57,217.62,,,,,Darden Restaurants,Consumer Discretionary,,1.8.5-source-port,NONE,READY,NEW_READY
2026-09-01T01:21:44.141168+00:00,DVN,SP500,2026-08-31,48.5099983215332,READY,2,3B,Bull Trend,Neutral,Waiting,LONG,46.16,46.21,,,,,Devon Energy,Energy,,1.8.5-source-port,NONE,READY,NEW_READY
2026-09-01T01:21:44.141168+00:00,ECHO,SP500,2026-08-31,86.44000244140625,READY,2,3S,Bearish Zhongshu,Neutral,Waiting,SHORT,87.71,91.86,,,,,EchoStar,Communication Services,,1.8.5-source-port,NONE,READY,NEW_READY
2026-09-01T01:21:44.141168+00:00,ES,SP500,2026-08-31,70.13999938964844,READY,2,3S,Bear Trend,Neutral,Waiting,SHORT,71.33,71.46,,,,,Eversource Energy,Utilities,,1.8.5-source-port,NONE,READY,NEW_READY
2026-09-01T01:21:44.141168+00:00,EXE,SP500,2026-08-31,98.16000366210938,READY,2,3B,Bull Trend,Neutral,Waiting,LONG,92.63,97.38,,,,,Expand Energy,Energy,,1.8.5-source-port,NONE,READY,NEW_READY
2026-09-01T01:21:44.141168+00:00,FCX,SP500,2026-08-31,75.73999786376953,READY,2,3B,Bull Trend,Neutral,Waiting,LONG,65.57,71.22,,,,,Freeport-McMoRan,Materials,,1.8.5-source-port,NONE,READY,NEW_READY
2026-09-01T01:21:44.141168+00:00,FERG,SP500,2026-08-31,224.50999450683594,READY,2,3S,Bull Trend,Neutral,Bear Micro BOS,SHORT,231.97,236.22,,,,,Ferguson Enterprises,Industrials,,1.8.5-source-port,NONE,READY,NEW_READY
2026-09-01T01:21:44.141168+00:00,FICO,SP500,2026-08-31,1147.2099609375,READY,2,3S,Bear Trend,Neutral,Waiting,SHORT,1172.69,1188.8,,,,,Fair Isaac,Information Technology,,1.8.5-source-port,NONE,READY,NEW_READY
2026-09-01T01:21:44.141168+00:00,FITB,SP500,2026-08-31,53.77000045776367,READY,2,3S,Bear Trend,Neutral,Bear Micro BOS,SHORT,56.28,58.01,,,,,Fifth Third Bancorp,Financials,,1.8.5-source-port,NONE,READY,NEW_READY
2026-09-01T01:21:44.141168+00:00,GNRC,SP500,2026-08-31,185.3800048828125,READY,2,3S,Bearish Zhongshu,Neutral,Waiting,SHORT,215.0,226.0,,,,,Generac,Industrials,,1.8.5-source-port,NONE,READY,NEW_READY
2026-09-01T01:21:44.141168+00:00,GPN,SP500,2026-08-31,91.05000305175781,READY,2,3B,Bull Trend,Neutral,Waiting,LONG,84.2,90.85,,,,,Global Payments,Financials,,1.8.5-source-port,NONE,READY,NEW_READY
2026-09-01T01:21:44.141168+00:00,HON,SP500,2026-08-31,213.52999877929688,READY,2,3S,Bear Trend,Neutral,Waiting,SHORT,217.45,221.45,,,,,Honeywell Technologies,Industrials,,1.8.5-source-port,NONE,READY,NEW_READY
2026-09-01T01:21:44.141168+00:00,ICE,SP500,2026-08-31,160.6999969482422,READY,2,3B,Bull Trend,Neutral,Waiting,LONG,147.47,158.55,,,,,Intercontinental Exchange,Financials,,1.8.5-source-port,NONE,READY,NEW_READY
2026-09-01T01:21:44.141168+00:00,IFF,SP500,2026-08-31,86.33000183105469,READY,2,3B,Bullish Zhongshu,Neutral,Waiting,LONG,83.62,83.83,,,,,International Flavors & Fragrances,Materials,,1.8.5-source-port,NONE,READY,NEW_READY
2026-09-01T01:21:44.141168+00:00,INTU,SP500,2026-08-31,359.29998779296875,READY,2,3B,Bull Trend,Neutral,Waiting,LONG,309.05,336.94,,,,,Intuit,Information Technology,,1.8.5-source-port,NONE,READY,NEW_READY
2026-09-01T01:21:44.141168+00:00,IT,SP500,2026-08-31,198.11000061035156,READY,2,3B,Bull Trend,Neutral,Waiting,LONG,172.65,194.53,,,,,Gartner,Information Technology,,1.8.5-source-port,NONE,READY,NEW_READY
2026-09-01T01:21:44.141168+00:00,JKHY,SP500,2026-08-31,167.91000366210938,READY,2,3B,Bull Trend,Neutral,Waiting,LONG,152.31,155.77,,,,,Jack Henry & Associates,Financials,,1.8.5-source-port,NONE,READY,NEW_READY
2026-09-01T01:21:44.141168+00:00,JNJ,SP500,2026-08-31,265.8500061035156,READY,2,3B,Bull Trend,Neutral,Waiting,LONG,256.74,262.85,,,,,Johnson & Johnson,Health Care,,1.8.5-source-port,NONE,READY,NEW_READY
2026-09-01T01:21:44.141168+00:00,JPM,SP500,2026-08-31,356.0199890136719,READY,2,3B,Bullish Zhongshu,Neutral,Waiting,LONG,350.37,351.24,,,,,JPMorgan Chase,Financials,,1.8.5-source-port,NONE,READY,NEW_READY
2026-09-01T01:21:44.141168+00:00,KIM,SP500,2026-08-31,23.709999084472656,READY,2,3S,Bear Trend,Neutral,Bear Micro BOS,SHORT,24.7,24.72,,,,,Kimco Realty,Real Estate,,1.8.5-source-port,NONE,READY,NEW_READY
2026-09-01T01:21:44.141168+00:00,MA,SP500,2026-08-31,589.3099975585938,READY,2,3B,Bull Trend,Neutral,Waiting,LONG,556.06,582.93,,,,,Mastercard,Financials,,1.8.5-source-port,NONE,READY,NEW_READY
2026-09-01T01:21:44.141168+00:00,MCD,SP500,2026-08-31,263.5400085449219,READY,2,3S,Bear Trend,Neutral,Waiting,SHORT,266.09,276.33,,,,,McDonald's,Consumer Discretionary,,1.8.5-source-port,NONE,READY,NEW_READY
2026-09-01T01:21:44.141168+00:00,MCO,SP500,2026-08-31,504.6400146484375,READY,2,3B,Bull Trend,Neutral,Waiting,LONG,472.27,490.06,,,,,Moody's Corporation,Financials,,1.8.5-source-port,NONE,READY,NEW_READY
2026-09-01T01:21:44.141168+00:00,MKC,SP500,2026-08-31,54.220001220703125,READY,2,3B,Bull Trend,Neutral,Waiting,LONG,50.49,53.13,,,,,McCormick & Company,Consumer Staples,,1.8.5-source-port,NONE,READY,NEW_READY
2026-09-01T01:21:44.141168+00:00,MLM,SP500,2026-08-31,518.7000122070312,READY,2,3S,Bear Trend,Neutral,Bear Micro BOS,SHORT,539.96,542.18,,,,,Martin Marietta Materials,Materials,,1.8.5-source-port,NONE,READY,NEW_READY
2026-09-01T01:21:44.141168+00:00,MMM,SP500,2026-08-31,171.8300018310547,READY,2,3S,Bear Trend,Neutral,Bear Micro BOS,SHORT,178.39,183.89,,,,,3M,Industrials,,1.8.5-source-port,NONE,READY,NEW_READY
2026-09-01T01:21:44.141168+00:00,MRNA,SP500,2026-08-31,140.33999633789062,READY,2,3B,Bull Trend,Neutral,Waiting,LONG,57.91,65.33,,,,,Moderna,Health Care,,1.8.5-source-port,NONE,READY,NEW_READY
2026-09-01T01:21:44.141168+00:00,MTB,SP500,2026-08-31,233.94000244140625,READY,2,3S,Bearish Zhongshu,Neutral,Bear Micro BOS,SHORT,244.29,254.69,,,,,M&T Bank,Financials,,1.8.5-source-port,NONE,READY,NEW_READY
2026-09-01T01:21:44.141168+00:00,MU,SP500,2026-08-31,958.72998046875,READY,2,3B,Bull Trend,Neutral,Waiting,LONG,891.66,928.98,,,,,Micron Technology,Information Technology,,1.8.5-source-port,NONE,READY,NEW_READY
2026-09-01T01:21:44.141168+00:00,NCLH,SP500,2026-08-31,16.139999389648438,READY,2,3S,Bear Trend,Neutral,Bear Micro BOS,SHORT,18.42,18.64,,,,,Norwegian Cruise Line Holdings,Consumer Discretionary,,1.8.5-source-port,NONE,READY,NEW_READY
2026-09-01T01:21:44.141168+00:00,NI,SP500,2026-08-31,40.91999816894531,READY,2,3S,Bear Trend,Neutral,Waiting,SHORT,41.41,43.22,,,,,NiSource,Utilities,,1.8.5-source-port,NONE,READY,NEW_READY
2026-09-01T01:21:44.141168+00:00,NVDA,SP500,2026-08-31,220.77999877929688,READY,2,3B,Bull Trend,Neutral,Waiting,LONG,207.25,214.39,,,,,Nvidia,Information Technology,,1.8.5-source-port,NONE,READY,NEW_READY
2026-09-01T01:21:44.141168+00:00,OKE,SP500,2026-08-31,96.01000213623047,READY,2,3B,Bull Trend,Neutral,Waiting,LONG,91.13,94.75,,,,,Oneok,Energy,,1.8.5-source-port,NONE,READY,NEW_READY
2026-09-01T01:21:44.141168+00:00,ON,SP500,2026-08-31,74.08999633789062,READY,2,3S,Bear Trend,Neutral,Waiting,SHORT,83.35,84.84,,,,,ON Semiconductor,Information Technology,,1.8.5-source-port,NONE,READY,NEW_READY
2026-09-01T01:21:44.141168+00:00,PCG,SP500,2026-08-31,13.270000457763672,READY,2,3S,Bearish Zhongshu,Neutral,Waiting,SHORT,16.95,17.2,,,,,PG&E Corporation,Utilities,,1.8.5-source-port,NONE,READY,NEW_READY
2026-09-01T01:21:44.141168+00:00,PEG,SP500,2026-08-31,73.33000183105469,READY,2,3S,Bear Trend,Neutral,Waiting,SHORT,74.2,76.62,,,,,Public Service Enterprise Group,Utilities,,1.8.5-source-port,NONE,READY,NEW_READY
2026-09-01T01:21:44.141168+00:00,PNC,SP500,2026-08-31,239.6300048828125,READY,2,3S,Bearish Zhongshu,Neutral,Bear Micro BOS,SHORT,246.61,254.46,,,,,PNC Financial Services,Financials,,1.8.5-source-port,NONE,READY,NEW_READY
2026-09-01T01:21:44.141168+00:00,PTC,SP500,2026-08-31,155.74000549316406,READY,2,3B,Bull Trend,Neutral,Waiting,LONG,137.23,143.6,,,,,PTC Inc.,Information Technology,,1.8.5-source-port,NONE,READY,NEW_READY
2026-09-01T01:21:44.141168+00:00,PWR,SP500,2026-08-31,607.0900268554688,READY,2,3S,Bull Trend,Re-Distribution,Waiting,SHORT,658.88,659.14,,,,,Quanta Services,Industrials,,1.8.5-source-port,NONE,READY,NEW_READY
2026-09-01T01:21:44.141168+00:00,PYPL,SP500,2026-08-31,52.665000915527344,READY,2,3S,Bull Trend,Neutral,Bear Micro BOS,SHORT,57.18,57.67,,,,,PayPal,Financials,,1.8.5-source-port,NONE,READY,NEW_READY
2026-09-01T01:21:44.141168+00:00,RCL,SP500,2026-08-31,268.739990234375,READY,2,3S,Bull Trend,Neutral,Bear Micro BOS,SHORT,297.14,299.75,,,,,Royal Caribbean Group,Consumer Discretionary,,1.8.5-source-port,NONE,READY,NEW_READY
2026-09-01T01:21:44.141168+00:00,RF,SP500,2026-08-31,29.8799991607666,READY,2,3S,Bear Trend,Neutral,Bear Micro BOS,SHORT,31.53,32.29,,,,,Regions Financial Corporation,Financials,,1.8.5-source-port,NONE,READY,NEW_READY
2026-09-01T01:21:44.141168+00:00,SLB,SP500,2026-08-31,60.099998474121094,READY,2,3B,Bull Trend,Neutral,Bull Micro BOS,LONG,52.52,53.2,,,,,Schlumberger,Energy,,1.8.5-source-port,NONE,READY,NEW_READY
2026-09-01T01:21:44.141168+00:00,SNPS,SP500,2026-08-31,439.5899963378906,READY,2,3B,Bullish Zhongshu,Neutral,Waiting,LONG,388.11,425.78,,,,,Synopsys,Information Technology,,1.8.5-source-port,NONE,READY,NEW_READY
2026-09-01T01:21:44.141168+00:00,SO,SP500,2026-08-31,88.0,READY,2,3S,Bear Trend,Neutral,Bear Micro BOS,SHORT,92.45,93.48,,,,,Southern Company,Utilities,,1.8.5-source-port,NONE,READY,NEW_READY
2026-09-01T01:21:44.141168+00:00,SYK,SP500,2026-08-31,323.79998779296875,READY,2,3S,Bear Trend,Neutral,Waiting,SHORT,330.16,336.15,,,,,Stryker Corporation,Health Care,,1.8.5-source-port,NONE,READY,NEW_READY
2026-09-01T01:21:44.141168+00:00,T,SP500,2026-08-31,25.889999389648438,READY,2,3B,Bull Trend,Neutral,Waiting,LONG,22.55,24.5,,,,,AT&T,Communication Services,,1.8.5-source-port,NONE,READY,NEW_READY
2026-09-01T01:21:44.141168+00:00,TGT,SP500,2026-08-31,160.8800048828125,READY,2,3B,Bull Trend,Neutral,Waiting,LONG,144.39,148.93,,,,,Target Corporation,Consumer Staples,,1.8.5-source-port,NONE,READY,NEW_READY
2026-09-01T01:21:44.141168+00:00,TYL,SP500,2026-08-31,372.2200012207031,READY,2,3B,Bull Trend,Neutral,Bull Micro BOS,LONG,300.4,330.73,,,,,Tyler Technologies,Information Technology,,1.8.5-source-port,NONE,READY,NEW_READY
2026-09-01T01:21:44.141168+00:00,UBER,SP500,2026-08-31,75.6500015258789,READY,2,3B,Bull Trend,Neutral,Waiting,LONG,73.97,76.3,,,,,Uber,Industrials,,1.8.5-source-port,NONE,READY,NEW_READY
2026-09-01T01:21:44.141168+00:00,ULTA,SP500,2026-08-31,537.0999755859375,READY,2,3B,Bullish Zhongshu,Neutral,Waiting,LONG,493.11,493.98,,,,,Ulta Beauty,Consumer Discretionary,,1.8.5-source-port,NONE,READY,NEW_READY
2026-09-01T01:21:44.141168+00:00,VRTX,SP500,2026-08-31,544.52001953125,READY,2,3B,Bull Trend,Neutral,Waiting,LONG,502.29,533.67,,,,,Vertex Pharmaceuticals,Health Care,,1.8.5-source-port,NONE,READY,NEW_READY
2026-09-01T01:21:44.141168+00:00,WAB,SP500,2026-08-31,285.92999267578125,READY,2,3S,Bearish Zhongshu,Neutral,Bear Micro BOS,SHORT,294.44,304.05,,,,,Wabtec,Industrials,,1.8.5-source-port,NONE,READY,NEW_READY
2026-09-01T01:21:44.141168+00:00,WEC,SP500,2026-08-31,106.16999816894531,READY,2,3S,Bear Trend,Neutral,Waiting,SHORT,109.84,111.89,,,,,WEC Energy Group,Utilities,,1.8.5-source-port,NONE,READY,NEW_READY
2026-09-01T01:21:44.141168+00:00,WM,SP500,2026-08-31,218.9199981689453,READY,2,3S,Bear Trend,Neutral,Waiting,SHORT,223.0,228.98,,,,,Waste Management,Industrials,,1.8.5-source-port,NONE,READY,NEW_READY
2026-09-01T01:21:44.141168+00:00,WST,SP500,2026-08-31,341.1099853515625,READY,2,3S,Bull Trend,Neutral,Waiting,SHORT,343.48,354.96,,,,,West Pharmaceutical Services,Health Care,,1.8.5-source-port,NONE,READY,NEW_READY
2026-09-01T01:21:44.141168+00:00,WYNN,SP500,2026-08-31,91.27999877929688,READY,2,3S,Bull Trend,Distrib Watch,Bear Micro BOS,SHORT,97.05,100.34,,,,,Wynn Resorts,Consumer Discretionary,,1.8.5-source-port,NONE,READY,NEW_READY
2026-09-01T01:21:44.141168+00:00,XEL,SP500,2026-08-31,75.69000244140625,READY,2,3S,Bearish Zhongshu,Neutral,Waiting,SHORT,76.12,77.5,,,,,Xcel Energy,Utilities,,1.8.5-source-port,NONE,READY,NEW_READY
2026-09-01T01:21:44.141168+00:00,XOM,SP500,2026-08-31,160.9499969482422,READY,2,3B,Bull Trend,Neutral,Waiting,LONG,155.32,158.05,,,,,ExxonMobil,Energy,,1.8.5-source-port,NONE,READY,NEW_READY
2026-09-01T01:21:44.141168+00:00,ZBH,SP500,2026-08-31,100.04000091552734,READY,2,3B,Bull Trend,Neutral,Waiting,LONG,94.77,97.6,,,,,Zimmer Biomet,Health Care,,1.8.5-source-port,NONE,READY,NEW_READY
2026-09-01T01:21:44.141168+00:00,AAPL,SP500,2026-08-31,316.8500061035156,READY,2,2S,Bull Trend,Neutral,Waiting,SHORT,302.94,309.97,,,,,Apple Inc.,Information Technology,,1.8.5-source-port,NONE,READY,NEW_READY
2026-09-01T01:21:44.141168+00:00,ANET,SP500,2026-08-31,195.69000244140625,READY,2,2S,Neutral Zhongshu,Neutral,Waiting,SHORT,182.83,206.13,,,,,Arista Networks,Information Technology,,1.8.5-source-port,NONE,READY,NEW_READY
2026-09-01T01:21:44.141168+00:00,APH,SP500,2026-08-31,158.5500030517578,READY,2,2B,Bull Trend,Neutral,Waiting,LONG,153.15,155.23,,,,,Amphenol,Information Technology,,1.8.5-source-port,NONE,READY,NEW_READY
2026-09-01T01:21:44.141168+00:00,ARE,SP500,2026-08-31,51.290000915527344,READY,2,2S,Bear Trend,Neutral,Waiting,SHORT,50.16,51.05,,,,,Alexandria Real Estate Equities,Real Estate,,1.8.5-source-port,NONE,READY,NEW_READY
2026-09-01T01:21:44.141168+00:00,BA,SP500,2026-08-31,207.77999877929688,READY,2,2B,Bull Trend,Neutral,Bear Micro BOS,LONG,228.18,237.48,,,,,Boeing,Industrials,,1.8.5-source-port,NONE,READY,NEW_READY
2026-09-01T01:21:44.141168+00:00,BAX,SP500,2026-08-31,26.0,READY,2,2S,Bearish Zhongshu,Neutral,Waiting,SHORT,25.74,26.75,,,,,Baxter International,Health Care,,1.8.5-source-port,NONE,READY,NEW_READY
2026-09-01T01:21:44.141168+00:00,BG,SP500,2026-08-31,116.20999908447266,READY,2,2B,Bear Trend,Neutral,Waiting,LONG,103.47,110.77,,,,,Bunge Global,Consumer Staples,,1.8.5-source-port,NONE,READY,NEW_READY
2026-09-01T01:21:44.141168+00:00,C,SP500,2026-08-31,131.6199951171875,READY,2,2B,Bearish Zhongshu,Neutral,Waiting,LONG,136.46,139.26,,,,,Citigroup,Financials,,1.8.5-source-port,NONE,READY,NEW_READY
2026-09-01T01:21:44.141168+00:00,CCI,SP500,2026-08-31,76.13999938964844,READY,2,2B,Bear Trend,Neutral,Waiting,LONG,73.52,75.89,,,,,Crown Castle,Real Estate,,1.8.5-source-port,NONE,READY,NEW_READY
2026-09-01T01:21:44.141168+00:00,CHTR,SP500,2026-08-31,152.44000244140625,READY,2,2B,Neutral Zhongshu,Neutral,Waiting,LONG,145.19,159.29,,,,,Charter Communications,Communication Services,,1.8.5-source-port,NONE,READY,NEW_READY
2026-09-01T01:21:44.141168+00:00,CIEN,SP500,2026-08-31,382.79998779296875,READY,2,2S,Bearish Zhongshu,Neutral,Waiting,SHORT,417.34,427.0,,,,,Ciena,Information Technology,,1.8.5-source-port,NONE,READY,NEW_READY
2026-09-01T01:21:44.141168+00:00,COHR,SP500,2026-08-31,277.8299865722656,READY,2,2B,Bull Trend,Neutral,Waiting,LONG,317.21,327.78,,,,,Coherent Corp.,Information Technology,,1.8.5-source-port,NONE,READY,NEW_READY
2026-09-01T01:21:44.141168+00:00,CSCO,SP500,2026-08-31,110.48999786376953,READY,2,2B,Bearish Zhongshu,Neutral,Waiting,LONG,109.23,112.95,,,,,Cisco,Information Technology,,1.8.5-source-port,NONE,READY,NEW_READY
2026-09-01T01:21:44.141168+00:00,CVNA,SP500,2026-08-31,73.45999908447266,READY,2,2B,Bullish Zhongshu,Neutral,Waiting,LONG,64.3,69.33,,,,,Carvana,Consumer Discretionary,,1.8.5-source-port,NONE,READY,NEW_READY
2026-09-01T01:21:44.141168+00:00,DPZ,SP500,2026-08-31,342.05999755859375,READY,2,2S,Neutral Zhongshu,Neutral,Waiting,SHORT,328.72,353.0,,,,,Domino's,Consumer Discretionary,,1.8.5-source-port,NONE,READY,NEW_READY
2026-09-01T01:21:44.141168+00:00,EG,SP500,2026-08-31,374.6499938964844,READY,2,2B,Bear Trend,Neutral,Waiting,LONG,364.36,377.74,,,,,Everest Group,Financials,,1.8.5-source-port,NONE,READY,NEW_READY
2026-09-01T01:21:44.141168+00:00,ERIE,SP500,2026-08-31,255.55999755859375,READY,2,2B,Bullish Zhongshu,Neutral,Waiting,LONG,209.58,227.83,,,,,Erie Indemnity,Financials,,1.8.5-source-port,NONE,READY,NEW_READY
2026-09-01T01:21:44.141168+00:00,EW,SP500,2026-08-31,90.75,READY,2,2B,Bearish Zhongshu,Neutral,Waiting,LONG,90.4,93.91,,,,,Edwards Lifesciences,Health Care,,1.8.5-source-port,NONE,READY,NEW_READY
2026-09-01T01:21:44.141168+00:00,FFIV,SP500,2026-08-31,407.1300048828125,READY,2,2B,Bullish Zhongshu,Neutral,Waiting,LONG,385.37,404.0,,,,,"F5, Inc.",Information Technology,,1.8.5-source-port,NONE,READY,NEW_READY
2026-09-01T01:21:44.141168+00:00,FIS,SP500,2026-08-31,40.77000045776367,READY,2,2B,Bearish Zhongshu,Neutral,Waiting,LONG,40.86,41.85,,,,,Fidelity National Information Services,Financials,,1.8.5-source-port,NONE,READY,NEW_READY
2026-09-01T01:21:44.141168+00:00,FOXA,SP500,2026-08-31,67.3499984741211,READY,2,2B,Bull Trend,Neutral,Waiting,LONG,66.98,69.18,,,,,Fox Corporation (Class A),Communication Services,,1.8.5-source-port,NONE,READY,NEW_READY
2026-09-01T01:21:44.141168+00:00,GL,SP500,2026-08-31,172.6699981689453,READY,2,2B,Bearish Zhongshu,Neutral,Waiting,LONG,174.84,177.0,,,,,Globe Life,Financials,,1.8.5-source-port,NONE,READY,NEW_READY
2026-09-01T01:21:44.141168+00:00,GWW,SP500,2026-08-31,1309.489990234375,READY,2,2B,Bear Trend,Neutral,Waiting,LONG,1326.36,1329.9,,,,,W. W. Grainger,Industrials,,1.8.5-source-port,NONE,READY,NEW_READY
2026-09-01T01:21:44.141168+00:00,HII,SP500,2026-08-31,291.20001220703125,READY,2,2S,Bull Trend,Neutral,Waiting,SHORT,286.1,294.82,,,,,Huntington Ingalls Industries,Industrials,,1.8.5-source-port,NONE,READY,NEW_READY
2026-09-01T01:21:44.141168+00:00,IBM,SP500,2026-08-31,233.8699951171875,READY,2,2B,Neutral Zhongshu,Neutral,Waiting,LONG,227.4,238.72,,,,,IBM,Information Technology,,1.8.5-source-port,NONE,READY,NEW_READY
2026-09-01T01:21:44.141168+00:00,IDXX,SP500,2026-08-31,556.6900024414062,READY,2,2S,Bullish Zhongshu,Neutral,Waiting,SHORT,544.01,561.28,,,,,Idexx Laboratories,Health Care,,1.8.5-source-port,NONE,READY,NEW_READY
2026-09-01T01:21:44.141168+00:00,INTC,SP500,2026-08-31,89.51000213623047,READY,2,2B,Neutral Zhongshu,Neutral,Waiting,LONG,85.14,93.7,,,,,Intel,Information Technology,,1.8.5-source-port,NONE,READY,NEW_READY
2026-09-01T01:21:44.141168+00:00,JBL,SP500,2026-08-31,305.260009765625,READY,2,2B,Bull Trend,Neutral,Waiting,LONG,309.94,331.68,,,,,Jabil,Information Technology,,1.8.5-source-port,NONE,READY,NEW_READY
2026-09-01T01:21:44.141168+00:00,KLAC,SP500,2026-08-31,175.4499969482422,READY,2,2B,Bearish Zhongshu,Neutral,Bear Micro BOS,LONG,210.62,214.56,,,,,KLA Corporation,Information Technology,,1.8.5-source-port,NONE,READY,NEW_READY
2026-09-01T01:21:44.141168+00:00,LEN,SP500,2026-08-31,84.11000061035156,READY,2,2B,Bearish Zhongshu,Neutral,Bear Micro BOS,LONG,85.35,88.09,,,,,Lennar,Consumer Discretionary,,1.8.5-source-port,NONE,READY,NEW_READY
2026-09-01T01:21:44.141168+00:00,LRCX,SP500,2026-08-31,301.489990234375,READY,2,2B,Bearish Zhongshu,Neutral,Waiting,LONG,313.1,323.64,,,,,Lam Research,Information Technology,,1.8.5-source-port,NONE,READY,NEW_READY
2026-09-01T01:21:44.141168+00:00,LYV,SP500,2026-08-31,179.88999938964844,READY,2,2S,Bearish Zhongshu,Neutral,Waiting,SHORT,181.17,187.2,,,,,Live Nation Entertainment,Communication Services,,1.8.5-source-port,NONE,READY,NEW_READY
2026-09-01T01:21:44.141168+00:00,MCHP,SP500,2026-08-31,73.44999694824219,READY,2,2B,Bearish Zhongshu,Neutral,Waiting,LONG,72.77,75.58,,,,,Microchip Technology,Information Technology,,1.8.5-source-port,NONE,READY,NEW_READY
2026-09-01T01:21:44.141168+00:00,MO,SP500,2026-08-31,68.4800033569336,READY,2,2B,Bear Trend,Neutral,Waiting,LONG,71.27,72.66,,,,,Altria,Consumer Staples,,1.8.5-source-port,NONE,READY,NEW_READY
2026-09-01T01:21:44.141168+00:00,MRSH,SP500,2026-08-31,189.8000030517578,READY,2,2S,Neutral Zhongshu,Neutral,Waiting,SHORT,184.13,195.67,,,,,Marsh McLennan,Financials,,1.8.5-source-port,NONE,READY,NEW_READY
2026-09-01T01:21:44.141168+00:00,MS,SP500,2026-08-31,213.32000732421875,READY,2,2S,Bearish Zhongshu,Neutral,Waiting,SHORT,213.52,217.96,,,,,Morgan Stanley,Financials,,1.8.5-source-port,NONE,READY,NEW_READY
2026-09-01T01:21:44.141168+00:00,MSI,SP500,2026-08-31,485.29998779296875,READY,2,2S,Bullish Zhongshu,Neutral,Waiting,SHORT,457.08,490.19,,,,,Motorola Solutions,Information Technology,,1.8.5-source-port,NONE,READY,NEW_READY
2026-09-01T01:21:44.141168+00:00,MTD,SP500,2026-08-31,1405.1400146484375,READY,2,2S,Neutral Zhongshu,Neutral,Waiting,SHORT,1377.1,1440.22,,,,,Mettler Toledo,Health Care,,1.8.5-source-port,NONE,READY,NEW_READY
2026-09-01T01:21:44.141168+00:00,NUE,SP500,2026-08-31,249.63999938964844,READY,2,2S,Bullish Zhongshu,Neutral,Waiting,SHORT,238.62,254.2,,,,,Nucor,Materials,,1.8.5-source-port,NONE,READY,NEW_READY
2026-09-01T01:21:44.141168+00:00,ORCL,SP500,2026-08-31,149.1199951171875,READY,2,2B,Bullish Zhongshu,Neutral,Waiting,LONG,137.43,153.99,,,,,Oracle Corporation,Information Technology,,1.8.5-source-port,NONE,READY,NEW_READY
2026-09-01T01:21:44.141168+00:00,PANW,SP500,2026-08-31,382.1300048828125,READY,2,2S,Bull Trend,Neutral,Waiting,SHORT,343.01,368.17,,,,,Palo Alto Networks,Information Technology,,1.8.5-source-port,NONE,READY,NEW_READY
2026-09-01T01:21:44.141168+00:00,PG,SP500,2026-08-31,145.1199951171875,READY,2,2S,Bearish Zhongshu,Neutral,Waiting,SHORT,143.79,152.35,,,,,Procter & Gamble,Consumer Staples,,1.8.5-source-port,NONE,READY,NEW_READY
2026-09-01T01:21:44.141168+00:00,PGR,SP500,2026-08-31,218.0800018310547,READY,2,2B,Bullish Zhongshu,Neutral,Waiting,LONG,205.9,206.13,,,,,Progressive Corporation,Financials,,1.8.5-source-port,NONE,READY,NEW_READY
2026-09-01T01:21:44.141168+00:00,PLD,SP500,2026-08-31,139.9199981689453,READY,2,2S,Neutral Zhongshu,Neutral,Waiting,SHORT,137.22,142.04,,,,,Prologis,Real Estate,,1.8.5-source-port,NONE,READY,NEW_READY
2026-09-01T01:21:44.141168+00:00,PNR,SP500,2026-08-31,60.459999084472656,READY,2,2B,Bearish Zhongshu,Neutral,Bear Micro BOS,LONG,65.1,70.97,,,,,Pentair,Industrials,,1.8.5-source-port,NONE,READY,NEW_READY
2026-09-01T01:21:44.141168+00:00,PODD,SP500,2026-08-31,148.66000366210938,READY,2,2B,Neutral Zhongshu,Neutral,Waiting,LONG,140.98,155.17,,,,,Insulet Corporation,Health Care,,1.8.5-source-port,NONE,READY,NEW_READY
2026-09-01T01:21:44.141168+00:00,RDDT,SP500,2026-08-31,147.80999755859375,READY,2,2B,Bearish Zhongshu,Neutral,Waiting,LONG,158.36,163.9,,,,,Reddit,Communication Services,,1.8.5-source-port,NONE,READY,NEW_READY
2026-09-01T01:21:44.141168+00:00,ROST,SP500,2026-08-31,228.5399932861328,READY,2,2S,Bearish Zhongshu,Neutral,Waiting,SHORT,242.14,242.5,,,,,Ross Stores,Consumer Discretionary,,1.8.5-source-port,NONE,READY,NEW_READY
2026-09-01T01:21:44.141168+00:00,RSG,SP500,2026-08-31,220.9199981689453,READY,2,2B,Bull Trend,Neutral,Waiting,LONG,218.86,222.66,,,,,Republic Services,Industrials,,1.8.5-source-port,NONE,READY,NEW_READY
2026-09-01T01:21:44.141168+00:00,SMCI,SP500,2026-08-31,37.279998779296875,READY,2,2S,Bull Trend,Neutral,Waiting,SHORT,29.68,29.94,,,,,Supermicro,Information Technology,,1.8.5-source-port,NONE,READY,NEW_READY
2026-09-01T01:21:44.141168+00:00,SNDK,SP500,2026-08-31,1566.699951171875,READY,2,2B,Bull Trend,Neutral,Waiting,LONG,1693.0,1812.54,,,,,Sandisk,Information Technology,,1.8.5-source-port,NONE,READY,NEW_READY
2026-09-01T01:21:44.141168+00:00,STLD,SP500,2026-08-31,232.6199951171875,READY,2,2S,Bear Trend,Neutral,Waiting,SHORT,228.77,236.94,,,,,Steel Dynamics,Materials,,1.8.5-source-port,NONE,READY,NEW_READY
2026-09-01T01:21:44.141168+00:00,SYF,SP500,2026-08-31,77.08000183105469,READY,2,2S,Bull Trend,Neutral,Waiting,SHORT,79.21,79.87,,,,,Synchrony Financial,Financials,,1.8.5-source-port,NONE,READY,NEW_READY
2026-09-01T01:21:44.141168+00:00,TKO,SP500,2026-08-31,182.61000061035156,READY,2,2B,Bear Trend,Neutral,Bear Micro BOS,LONG,189.4,194.51,,,,,TKO Group Holdings,Communication Services,,1.8.5-source-port,NONE,READY,NEW_READY
2026-09-01T01:21:44.141168+00:00,VRSN,SP500,2026-08-31,288.2799987792969,READY,2,2S,Bullish Zhongshu,Neutral,Waiting,SHORT,281.16,283.97,,,,,Verisign,Information Technology,,1.8.5-source-port,NONE,READY,NEW_READY
2026-09-01T01:21:44.141168+00:00,VTRS,SP500,2026-08-31,16.510000228881836,READY,2,2S,Bear Trend,Neutral,Waiting,SHORT,16.0,16.29,,,,,Viatris,Health Care,,1.8.5-source-port,NONE,READY,NEW_READY
2026-09-01T01:21:44.141168+00:00,WSM,SP500,2026-08-31,228.25,READY,2,2S,Bull Trend,Neutral,Waiting,SHORT,233.33,233.74,,,,,"Williams-Sonoma, Inc.",Consumer Discretionary,,1.8.5-source-port,NONE,READY,NEW_READY
2026-09-01T01:21:44.141168+00:00,ZTS,SP500,2026-08-31,77.0999984741211,READY,2,2B,Bear Trend,Neutral,Waiting,LONG,76.27,76.37,,,,,Zoetis,Health Care,,1.8.5-source-port,NONE,READY,NEW_READY
2026-09-01T01:21:44.141168+00:00,A,SP500,2026-08-31,153.55999755859375,WATCH,1,NONE,Bull Trend,Neutral,Waiting,,136.66,136.91,,,,,Agilent Technologies,Health Care,,1.8.5-source-port,NONE,WATCH,NEW_WATCH
2026-09-01T01:21:44.141168+00:00,ABNB,SP500,2026-08-31,183.22000122070312,WATCH,1,NONE,Bull Trend,Neutral,Waiting,,178.84,187.12,,,,,Airbnb,Consumer Discretionary,,1.8.5-source-port,NONE,WATCH,NEW_WATCH
2026-09-01T01:21:44.141168+00:00,ACGL,SP500,2026-08-31,98.06999969482422,WATCH,1,NONE,Bearish Zhongshu,Neutral,Waiting,,97.58,100.58,,,,,Arch Capital Group,Financials,,1.8.5-source-port,NONE,WATCH,NEW_WATCH
2026-09-01T01:21:44.141168+00:00,ADBE,SP500,2026-08-31,292.7900085449219,WATCH,1,NONE,Bull Trend,Neutral,Bull Micro BOS,,245.46,266.28,,,,,Adobe Inc.,Information Technology,,1.8.5-source-port,NONE,WATCH,NEW_WATCH
2026-09-01T01:21:44.141168+00:00,ADI,SP500,2026-08-31,362.1400146484375,WATCH,1,NONE,Bearish Zhongshu,Neutral,Bear Micro BOS,,390.81,396.26,,,,,Analog Devices,Information Technology,,1.8.5-source-port,NONE,WATCH,NEW_WATCH
2026-09-01T01:21:44.141168+00:00,ADM,SP500,2026-08-31,81.29000091552734,WATCH,1,NONE,Bullish Zhongshu,Neutral,Waiting,,78.57,80.34,,,,,Archer Daniels Midland,Consumer Staples,,1.8.5-source-port,NONE,WATCH,NEW_WATCH
2026-09-01T01:21:44.141168+00:00,ADP,SP500,2026-08-31,286.1600036621094,WATCH,1,NONE,Bull Trend,Neutral,Bull Micro BOS,,263.36,277.33,,,,,Automatic Data Processing,Industrials,,1.8.5-source-port,NONE,WATCH,NEW_WATCH
2026-09-01T01:21:44.141168+00:00,ADSK,SP500,2026-08-31,258.5299987792969,WATCH,1,NONE,Bull Trend,Neutral,Waiting,,246.51,249.14,,,,,Autodesk,Information Technology,,1.8.5-source-port,NONE,WATCH,NEW_WATCH
2026-09-01T01:21:44.141168+00:00,AEP,SP500,2026-08-31,122.43000030517578,WATCH,1,NONE,Bear Trend,Neutral,Waiting,,122.25,123.85,,,,,American Electric Power,Utilities,,1.8.5-source-port,NONE,WATCH,NEW_WATCH
2026-09-01T01:21:44.141168+00:00,AES,SP500,2026-08-31,14.739999771118164,WATCH,1,NONE,Bull Trend,Neutral,Waiting,,14.59,14.7,,,,,AES Corporation,Utilities,,1.8.5-source-port,NONE,WATCH,NEW_WATCH
2026-09-01T01:21:44.141168+00:00,AFL,SP500,2026-08-31,115.8499984741211,WATCH,1,NONE,Bearish Zhongshu,Neutral,Waiting,,123.66,125.3,,,,,Aflac,Financials,,1.8.5-source-port,NONE,WATCH,NEW_WATCH
2026-09-01T01:21:44.141168+00:00,AIG,SP500,2026-08-31,76.36000061035156,WATCH,1,NONE,Bear Trend,Neutral,Waiting,,77.19,77.45,,,,,American International Group,Financials,,1.8.5-source-port,NONE,WATCH,NEW_WATCH
2026-09-01T01:21:44.141168+00:00,AKAM,SP500,2026-08-31,108.62000274658203,WATCH,1,NONE,Bear Trend,Neutral,Waiting,,115.94,124.56,,,,,Akamai Technologies,Information Technology,,1.8.5-source-port,NONE,WATCH,NEW_WATCH
2026-09-01T01:21:44.141168+00:00,ALGN,SP500,2026-08-31,159.7899932861328,WATCH,1,NONE,Bear Trend,Neutral,Waiting,,175.35,176.46,,,,,Align Technology,Health Care,,1.8.5-source-port,NONE,WATCH,NEW_WATCH
2026-09-01T01:21:44.141168+00:00,ALL,SP500,2026-08-31,257.79998779296875,WATCH,1,NONE,Bullish Zhongshu,Neutral,Waiting,,256.23,257.67,,,,,Allstate,Financials,,1.8.5-source-port,NONE,WATCH,NEW_WATCH
2026-09-01T01:21:44.141168+00:00,AMAT,SP500,2026-08-31,458.3900146484375,WATCH,1,NONE,Bearish Zhongshu,Neutral,Bear Micro BOS,,542.6,553.49,,,,,Applied Materials,Information Technology,,1.8.5-source-port,NONE,WATCH,NEW_WATCH
2026-09-01T01:21:44.141168+00:00,AMCR,SP500,2026-08-31,45.88999938964844,WATCH,1,NONE,Bullish Zhongshu,Neutral,Waiting,,42.18,42.32,,,,,Amcor,Materials,,1.8.5-source-port,NONE,WATCH,NEW_WATCH
2026-09-01T01:21:44.141168+00:00,AMD,SP500,2026-08-31,470.7200012207031,WATCH,1,NONE,Bear Trend,Neutral,Waiting,,463.21,517.35,,,,,Advanced Micro Devices,Information Technology,,1.8.5-source-port,NONE,WATCH,NEW_WATCH
2026-09-01T01:21:44.141168+00:00,AMP,SP500,2026-08-31,553.1099853515625,WATCH,1,NONE,Neutral Zhongshu,Neutral,Waiting,,546.66,563.51,,,,,Ameriprise Financial,Financials,,1.8.5-source-port,NONE,WATCH,NEW_WATCH
2026-09-01T01:21:44.141168+00:00,AMT,SP500,2026-08-31,175.6999969482422,WATCH,1,NONE,Bull Trend,Neutral,Waiting,,168.5,172.68,,,,,American Tower,Real Estate,,1.8.5-source-port,NONE,WATCH,NEW_WATCH
2026-09-01T01:21:44.141168+00:00,AMZN,SP500,2026-08-31,259.7699890136719,WATCH,1,NONE,Bull Trend,Neutral,Waiting,,257.73,258.08,,,,,Amazon,Consumer Discretionary,,1.8.5-source-port,NONE,WATCH,NEW_WATCH
2026-09-01T01:21:44.141168+00:00,AON,SP500,2026-08-31,321.5199890136719,WATCH,1,NONE,Bear Trend,Neutral,Bear Micro BOS,,354.61,358.71,,,,,Aon plc,Financials,,1.8.5-source-port,NONE,WATCH,NEW_WATCH
2026-09-01T01:21:44.141168+00:00,APA,SP500,2026-08-31,43.150001525878906,WATCH,1,NONE,Bull Trend,Neutral,Waiting,,34.54,34.97,,,,,APA Corporation,Energy,,1.8.5-source-port,NONE,WATCH,NEW_WATCH
2026-09-01T01:21:44.141168+00:00,APD,SP500,2026-08-31,309.4599914550781,WATCH,1,NONE,Bullish Zhongshu,Distribution,Waiting,,299.5,308.83,,,,,Air Products,Materials,,1.8.5-source-port,NONE,WATCH,NEW_WATCH
2026-09-01T01:21:44.141168+00:00,APO,SP500,2026-08-31,136.5800018310547,WATCH,1,NONE,Bull Trend,Neutral,Waiting,,121.92,122.5,,,,,Apollo Global Management,Financials,,1.8.5-source-port,NONE,WATCH,NEW_WATCH
2026-09-01T01:21:44.141168+00:00,APP,SP500,2026-08-31,312.05999755859375,WATCH,1,NONE,Bear Trend,Neutral,Waiting,,500.5,576.46,,,,,AppLovin,Communication Services,,1.8.5-source-port,NONE,WATCH,NEW_WATCH
2026-09-01T01:21:44.141168+00:00,APTV,SP500,2026-08-31,44.7599983215332,WATCH,1,NONE,Bear Trend,Neutral,Bear Micro BOS,,56.51,59.61,,,,,Aptiv,Consumer Discretionary,,1.8.5-source-port,NONE,WATCH,NEW_WATCH
2026-09-01T01:21:44.141168+00:00,ARES,SP500,2026-08-31,143.1699981689453,WATCH,1,NONE,Bull Trend,Neutral,Waiting,,122.99,125.09,,,,,Ares Management,Financials,,1.8.5-source-port,NONE,WATCH,NEW_WATCH
2026-09-01T01:21:44.141168+00:00,AVY,SP500,2026-08-31,174.11000061035156,WATCH,1,NONE,Bearish Zhongshu,Neutral,Bear Micro BOS,,172.05,184.48,,,,,Avery Dennison,Materials,,1.8.5-source-port,NONE,WATCH,NEW_WATCH
2026-09-01T01:21:44.141168+00:00,AWK,SP500,2026-08-31,138.22999572753906,WATCH,1,NONE,Bullish Zhongshu,Distribution,Waiting,,131.03,137.51,,,,,American Water Works,Utilities,,1.8.5-source-port,NONE,WATCH,NEW_WATCH
2026-09-01T01:21:44.141168+00:00,AXP,SP500,2026-08-31,330.1700134277344,WATCH,1,NONE,Bearish Zhongshu,Neutral,Bear Micro BOS,,335.22,336.56,,,,,American Express,Financials,,1.8.5-source-port,NONE,WATCH,NEW_WATCH
2026-09-01T01:21:44.141168+00:00,AZO,SP500,2026-08-31,2991.239990234375,WATCH,1,NONE,Bear Trend,Neutral,Waiting,,3037.32,3103.0,,,,,AutoZone,Consumer Discretionary,,1.8.5-source-port,NONE,WATCH,NEW_WATCH
2026-09-01T01:21:44.141168+00:00,BAC,SP500,2026-08-31,61.939998626708984,WATCH,1,NONE,Bull Trend,Neutral,Waiting,,58.67,60.83,,,,,Bank of America,Financials,,1.8.5-source-port,NONE,WATCH,NEW_WATCH
2026-09-01T01:21:44.141168+00:00,BALL,SP500,2026-08-31,62.970001220703125,WATCH,1,NONE,Bull Trend,Neutral,Waiting,,60.94,63.31,,,,,Ball Corporation,Materials,,1.8.5-source-port,NONE,WATCH,NEW_WATCH
2026-09-01T01:21:44.141168+00:00,BBY,SP500,2026-08-31,80.1500015258789,WATCH,1,NONE,Bear Trend,Neutral,Waiting,,83.45,87.35,,,,,Best Buy,Consumer Discretionary,,1.8.5-source-port,NONE,WATCH,NEW_WATCH
2026-09-01T01:21:44.141168+00:00,BDX,SP500,2026-08-31,188.11000061035156,WATCH,1,NONE,Bull Trend,Neutral,Waiting,,148.34,149.68,,,,,Becton Dickinson,Health Care,,1.8.5-source-port,NONE,WATCH,NEW_WATCH
2026-09-01T01:21:44.141168+00:00,BEN,SP500,2026-08-31,34.150001525878906,WATCH,1,NONE,Bullish Zhongshu,Neutral,Waiting,,33.25,34.54,,,,,Franklin Resources,Financials,,1.8.5-source-port,NONE,WATCH,NEW_WATCH
2026-09-01T01:21:44.141168+00:00,BIIB,SP500,2026-08-31,216.64999389648438,WATCH,1,NONE,Bull Trend,Neutral,Waiting,,202.03,203.45,,,,,Biogen,Health Care,,1.8.5-source-port,NONE,WATCH,NEW_WATCH
2026-09-01T01:21:44.141168+00:00,BKNG,SP500,2026-08-31,199.08999633789062,WATCH,1,NONE,Bull Trend,Neutral,Bear Micro BOS,,190.37,204.61,,,,,Booking Holdings,Consumer Discretionary,,1.8.5-source-port,NONE,WATCH,NEW_WATCH
2026-09-01T01:21:44.141168+00:00,BMY,SP500,2026-08-31,66.80999755859375,WATCH,1,NONE,Bull Trend,Neutral,Waiting,,66.42,68.1,,,,,Bristol Myers Squibb,Health Care,,1.8.5-source-port,NONE,WATCH,NEW_WATCH
2026-09-01T01:21:44.141168+00:00,BNY,SP500,2026-08-31,161.27999877929688,WATCH,1,NONE,Bull Trend,Neutral,Waiting,,161.2,163.12,,,,,BNY Mellon,Financials,,1.8.5-source-port,NONE,WATCH,NEW_WATCH
2026-09-01T01:21:44.141168+00:00,BRK-B,SP500,2026-08-31,504.0299987792969,WATCH,1,NONE,Bullish Zhongshu,Neutral,Waiting,,498.07,506.58,,,,,Berkshire Hathaway,Financials,,1.8.5-source-port,NONE,WATCH,NEW_WATCH
2026-09-01T01:21:44.141168+00:00,BRO,SP500,2026-08-31,72.16999816894531,WATCH,1,NONE,Bullish Zhongshu,Neutral,Waiting,,69.97,70.34,,,,,Brown & Brown,Financials,,1.8.5-source-port,NONE,WATCH,NEW_WATCH
2026-09-01T01:21:44.141168+00:00,BSX,SP500,2026-08-31,48.29999923706055,WATCH,1,NONE,Bullish Zhongshu,Neutral,Waiting,,42.25,43.77,,,,,Boston Scientific,Health Care,,1.8.5-source-port,NONE,WATCH,NEW_WATCH
2026-09-01T01:21:44.141168+00:00,BX,SP500,2026-08-31,143.24000549316406,WATCH,1,NONE,Neutral Zhongshu,Neutral,Waiting,,141.05,145.77,,,,,Blackstone Inc.,Financials,,1.8.5-source-port,NONE,WATCH,NEW_WATCH
2026-09-01T01:21:44.141168+00:00,BXP,SP500,2026-08-31,67.98999786376953,WATCH,1,NONE,Bear Trend,Neutral,Waiting,,69.21,71.41,,,,,"BXP, Inc.",Real Estate,,1.8.5-source-port,NONE,WATCH,NEW_WATCH
2026-09-01T01:21:44.141168+00:00,CAH,SP500,2026-08-31,234.6199951171875,WATCH,1,NONE,Bull Trend,Neutral,Waiting,,227.68,229.86,,,,,Cardinal Health,Health Care,,1.8.5-source-port,NONE,WATCH,NEW_WATCH
2026-09-01T01:21:44.141168+00:00,CARR,SP500,2026-08-31,58.220001220703125,WATCH,1,NONE,Bear Trend,Neutral,Bear Micro BOS,,65.84,68.55,,,,,Carrier Global,Industrials,,1.8.5-source-port,NONE,WATCH,NEW_WATCH
2026-09-01T01:21:44.141168+00:00,CAT,SP500,2026-08-31,797.469970703125,WATCH,1,NONE,Bear Trend,Neutral,Bear Micro BOS,,835.86,887.91,,,,,Caterpillar Inc.,Industrials,,1.8.5-source-port,NONE,WATCH,NEW_WATCH
2026-09-01T01:21:44.141168+00:00,CBOE,SP500,2026-08-31,300.20001220703125,WATCH,1,NONE,Bull Trend,Neutral,Waiting,,284.35,300.89,,,,,Cboe Global Markets,Financials,,1.8.5-source-port,NONE,WATCH,NEW_WATCH
2026-09-01T01:21:44.141168+00:00,CDNS,SP500,2026-08-31,338.7799987792969,WATCH,1,NONE,Bear Trend,Neutral,Waiting,,331.68,348.12,,,,,Cadence Design Systems,Information Technology,,1.8.5-source-port,NONE,WATCH,NEW_WATCH
2026-09-01T01:21:44.141168+00:00,CDW,SP500,2026-08-31,151.5800018310547,WATCH,1,NONE,Bull Trend,Neutral,Bull Micro BOS,,133.99,136.98,,,,,CDW Corporation,Information Technology,,1.8.5-source-port,NONE,WATCH,NEW_WATCH
2026-09-01T01:21:44.141168+00:00,CEG,SP500,2026-08-31,274.7699890136719,WATCH,1,NONE,Neutral Zhongshu,Neutral,Waiting,,269.53,279.17,,,,,Constellation Energy,Utilities,,1.8.5-source-port,NONE,WATCH,NEW_WATCH
2026-09-01T01:21:44.141168+00:00,CF,SP500,2026-08-31,130.02999877929688,WATCH,1,NONE,Bull Trend,Neutral,Waiting,,114.53,117.57,,,,,CF Industries,Materials,,1.8.5-source-port,NONE,WATCH,NEW_WATCH
2026-09-01T01:21:44.141168+00:00,CHD,SP500,2026-08-31,99.77999877929688,WATCH,1,NONE,Bullish Zhongshu,Neutral,Waiting,,98.8,100.18,,,,,Church & Dwight,Consumer Staples,,1.8.5-source-port,NONE,WATCH,NEW_WATCH
2026-09-01T01:21:44.141168+00:00,CHRW,SP500,2026-08-31,149.66000366210938,WATCH,1,NONE,Bear Trend,Neutral,Waiting,,143.18,150.36,,,,,C.H. Robinson,Industrials,,1.8.5-source-port,NONE,WATCH,NEW_WATCH
2026-09-01T01:21:44.141168+00:00,CL,SP500,2026-08-31,89.81999969482422,WATCH,1,NONE,Bear Trend,Neutral,Waiting,,90.36,91.76,,,,,Colgate-Palmolive,Consumer Staples,,1.8.5-source-port,NONE,WATCH,NEW_WATCH
2026-09-01T01:21:44.141168+00:00,CMCSA,SP500,2026-08-31,26.6200008392334,WATCH,1,NONE,Bullish Zhongshu,Neutral,Waiting,,24.2,24.3,,,,,Comcast,Communication Services,,1.8.5-source-port,NONE,WATCH,NEW_WATCH
2026-09-01T01:21:44.141168+00:00,CMG,SP500,2026-08-31,38.029998779296875,WATCH,1,NONE,Bullish Zhongshu,Neutral,Waiting,,32.43,33.45,,,,,Chipotle Mexican Grill,Consumer Discretionary,,1.8.5-source-port,NONE,WATCH,NEW_WATCH
2026-09-01T01:21:44.141168+00:00,CMI,SP500,2026-08-31,564.4000244140625,WATCH,1,NONE,Bear Trend,Neutral,Bear Micro BOS,,641.2,650.58,,,,,Cummins,Industrials,,1.8.5-source-port,NONE,WATCH,NEW_WATCH
2026-09-01T01:21:44.141168+00:00,CNC,SP500,2026-08-31,64.33999633789062,WATCH,1,NONE,Bearish Zhongshu,Neutral,Waiting,,65.11,66.55,,,,,Centene Corporation,Health Care,,1.8.5-source-port,NONE,WATCH,NEW_WATCH
2026-09-01T01:21:44.141168+00:00,CNP,SP500,2026-08-31,39.599998474121094,WATCH,1,NONE,Bear Trend,Neutral,Waiting,,42.32,42.86,,,,,CenterPoint Energy,Utilities,,1.8.5-source-port,NONE,WATCH,NEW_WATCH
2026-09-01T01:21:44.141168+00:00,COO,SP500,2026-08-31,70.08999633789062,WATCH,1,NONE,Bull Trend,Neutral,Bear Micro BOS,,68.37,69.0,,,,,Cooper Companies (The),Health Care,,1.8.5-source-port,NONE,WATCH,NEW_WATCH
2026-09-01T01:21:44.141168+00:00,COP,SP500,2026-08-31,132.49000549316406,WATCH,1,NONE,Bull Trend,Neutral,Waiting,,115.43,120.71,,,,,ConocoPhillips,Energy,,1.8.5-source-port,NONE,WATCH,NEW_WATCH
2026-09-01T01:21:44.141168+00:00,COST,SP500,2026-08-31,943.8900146484375,WATCH,1,NONE,Bearish Zhongshu,Neutral,Waiting,,937.51,962.8,,,,,Costco,Consumer Staples,,1.8.5-source-port,NONE,WATCH,NEW_WATCH
2026-09-01T01:21:44.141168+00:00,CPAY,SP500,2026-08-31,404.29998779296875,WATCH,1,NONE,Bull Trend,Neutral,Bear Micro BOS,,349.51,364.29,,,,,Corpay,Financials,,1.8.5-source-port,NONE,WATCH,NEW_WATCH
2026-09-01T01:21:44.141168+00:00,CPT,SP500,2026-08-31,105.80000305175781,WATCH,1,NONE,Bear Trend,Neutral,Bear Micro BOS,,111.47,115.53,,,,,Camden Property Trust,Real Estate,,1.8.5-source-port,NONE,WATCH,NEW_WATCH
2026-09-01T01:21:44.141168+00:00,CRH,SP500,2026-08-31,94.29000091552734,WATCH,1,NONE,Bear Trend,Neutral,Waiting,,93.74,98.19,,,,,CRH plc,Materials,,1.8.5-source-port,NONE,WATCH,NEW_WATCH
2026-09-01T01:21:44.141168+00:00,CRL,SP500,2026-08-31,288.239990234375,WATCH,1,NONE,Bull Trend,Distribution,Waiting,,228.01,236.62,,,,,Charles River Laboratories,Health Care,,1.8.5-source-port,NONE,WATCH,NEW_WATCH
2026-09-01T01:21:44.141168+00:00,CRWD,SP500,2026-08-31,231.0,WATCH,1,NONE,Bull Trend,Neutral,Bull Micro BOS,,187.01,196.41,,,,,CrowdStrike,Information Technology,,1.8.5-source-port,NONE,WATCH,NEW_WATCH
2026-09-01T01:21:44.141168+00:00,CTAS,SP500,2026-08-31,201.7899932861328,WATCH,1,NONE,Neutral Zhongshu,Neutral,Waiting,,198.87,204.86,,,,,Cintas,Industrials,,1.8.5-source-port,NONE,WATCH,NEW_WATCH
2026-09-01T01:21:44.141168+00:00,CTSH,SP500,2026-08-31,64.58000183105469,WATCH,1,NONE,Bull Trend,Neutral,Bull Micro BOS,,44.9,45.22,,,,,Cognizant,Information Technology,,1.8.5-source-port,NONE,WATCH,NEW_WATCH
2026-09-01T01:21:44.141168+00:00,CVS,SP500,2026-08-31,93.91000366210938,WATCH,1,NONE,Bear Trend,Neutral,Waiting,,93.5,97.51,,,,,CVS Health,Health Care,,1.8.5-source-port,NONE,WATCH,NEW_WATCH
2026-09-01T01:21:44.141168+00:00,CVX,SP500,2026-08-31,206.13999938964844,WATCH,1,NONE,Bull Trend,Neutral,Waiting,,187.67,191.02,,,,,Chevron Corporation,Energy,,1.8.5-source-port,NONE,WATCH,NEW_WATCH
2026-09-01T01:21:44.141168+00:00,DDOG,SP500,2026-08-31,237.0399932861328,WATCH,1,NONE,Bearish Zhongshu,Neutral,Waiting,,249.74,271.26,,,,,Datadog,Information Technology,,1.8.5-source-port,NONE,WATCH,NEW_WATCH
2026-09-01T01:21:44.141168+00:00,DECK,SP500,2026-08-31,87.08000183105469,WATCH,1,NONE,Bear Trend,Neutral,Waiting,,98.78,101.67,,,,,Deckers Brands,Consumer Discretionary,,1.8.5-source-port,NONE,WATCH,NEW_WATCH
2026-09-01T01:21:44.141168+00:00,DELL,SP500,2026-08-31,456.010009765625,WATCH,1,NONE,Bullish Zhongshu,Neutral,Waiting,,431.01,462.72,,,,,Dell Technologies,Information Technology,,1.8.5-source-port,NONE,WATCH,NEW_WATCH
2026-09-01T01:21:44.141168+00:00,DG,SP500,2026-08-31,126.75,WATCH,1,NONE,Bull Trend,Neutral,Waiting,,118.0,120.32,,,,,Dollar General,Consumer Staples,,1.8.5-source-port,NONE,WATCH,NEW_WATCH
2026-09-01T01:21:44.141168+00:00,DGX,SP500,2026-08-31,240.3000030517578,WATCH,1,NONE,Bull Trend,Neutral,Waiting,,229.76,239.92,,,,,Quest Diagnostics,Health Care,,1.8.5-source-port,NONE,WATCH,NEW_WATCH
2026-09-01T01:21:44.141168+00:00,DHI,SP500,2026-08-31,144.55999755859375,WATCH,1,NONE,Bull Trend,Neutral,Bear Micro BOS,,150.47,151.01,,,,,D. R. Horton,Consumer Discretionary,,1.8.5-source-port,NONE,WATCH,NEW_WATCH
2026-09-01T01:21:44.141168+00:00,DHR,SP500,2026-08-31,213.55999755859375,WATCH,1,NONE,Bull Trend,Neutral,Waiting,,199.49,206.59,,,,,Danaher Corporation,Health Care,,1.8.5-source-port,NONE,WATCH,NEW_WATCH
2026-09-01T01:21:44.141168+00:00,DIS,SP500,2026-08-31,107.55000305175781,WATCH,1,NONE,Bullish Zhongshu,Neutral,Waiting,,97.21,99.41,,,,,Walt Disney Company (The),Communication Services,,1.8.5-source-port,NONE,WATCH,NEW_WATCH
2026-09-01T01:21:44.141168+00:00,DLR,SP500,2026-08-31,185.58999633789062,WATCH,1,NONE,Bearish Zhongshu,Neutral,Waiting,,185.16,201.56,,,,,Digital Realty,Real Estate,,1.8.5-source-port,NONE,WATCH,NEW_WATCH
2026-09-01T01:21:44.141168+00:00,DOC,SP500,2026-08-31,20.81999969482422,WATCH,1,NONE,Bear Trend,Neutral,Waiting,,21.32,21.8,,,,,Healthpeak Properties,Real Estate,,1.8.5-source-port,NONE,WATCH,NEW_WATCH
2026-09-01T01:21:44.141168+00:00,DOV,SP500,2026-08-31,194.22999572753906,WATCH,1,NONE,Bearish Zhongshu,Neutral,Bear Micro BOS,,210.21,214.57,,,,,Dover Corporation,Industrials,,1.8.5-source-port,NONE,WATCH,NEW_WATCH
2026-09-01T01:21:44.141168+00:00,DOW,SP500,2026-08-31,30.520000457763672,WATCH,1,NONE,Bull Trend,Neutral,Waiting,,29.73,30.51,,,,,Dow Inc.,Materials,,1.8.5-source-port,NONE,WATCH,NEW_WATCH
2026-09-01T01:21:44.141168+00:00,DTE,SP500,2026-08-31,135.6300048828125,WATCH,1,NONE,Bear Trend,Neutral,Waiting,,135.76,137.23,,,,,DTE Energy,Utilities,,1.8.5-source-port,NONE,WATCH,NEW_WATCH
2026-09-01T01:21:44.141168+00:00,DUK,SP500,2026-08-31,119.91000366210938,WATCH,1,NONE,Bear Trend,Neutral,Waiting,,123.02,124.43,,,,,Duke Energy,Utilities,,1.8.5-source-port,NONE,WATCH,NEW_WATCH
2026-09-01T01:21:44.141168+00:00,DVA,SP500,2026-08-31,176.00999450683594,WATCH,1,NONE,Bear Trend,Accum Watch,Waiting,,225.17,239.64,,,,,DaVita,Health Care,,1.8.5-source-port,NONE,WATCH,NEW_WATCH
2026-09-01T01:21:44.141168+00:00,DXCM,SP500,2026-08-31,91.05999755859375,WATCH,1,NONE,Bull Trend,Neutral,Waiting,,69.79,74.39,,,,,Dexcom,Health Care,,1.8.5-source-port,NONE,WATCH,NEW_WATCH
2026-09-01T01:21:44.141168+00:00,EBAY,SP500,2026-08-31,103.55999755859375,WATCH,1,NONE,Bear Trend,Neutral,Waiting,,104.56,107.04,,,,,eBay Inc.,Consumer Discretionary,,1.8.5-source-port,NONE,WATCH,NEW_WATCH
2026-09-01T01:21:44.141168+00:00,ECL,SP500,2026-08-31,283.20001220703125,WATCH,1,NONE,Bull Trend,Neutral,Waiting,,273.33,283.95,,,,,Ecolab,Materials,,1.8.5-source-port,NONE,WATCH,NEW_WATCH
2026-09-01T01:21:44.141168+00:00,ED,SP500,2026-08-31,107.0199966430664,WATCH,1,NONE,Bearish Zhongshu,Neutral,Waiting,,108.52,108.53,,,,,Consolidated Edison,Utilities,,1.8.5-source-port,NONE,WATCH,NEW_WATCH
2026-09-01T01:21:44.141168+00:00,EFX,SP500,2026-08-31,189.16000366210938,WATCH,1,NONE,Bull Trend,Neutral,Waiting,,172.23,178.84,,,,,Equifax,Industrials,,1.8.5-source-port,NONE,WATCH,NEW_WATCH
2026-09-01T01:21:44.141168+00:00,EL,SP500,2026-08-31,102.30000305175781,WATCH,1,NONE,Bull Trend,Neutral,Waiting,,83.85,84.0,,,,,Estée Lauder Companies (The),Consumer Staples,,1.8.5-source-port,NONE,WATCH,NEW_WATCH
2026-09-01T01:21:44.141168+00:00,ELV,SP500,2026-08-31,392.5400085449219,WATCH,1,NONE,Bull Trend,Neutral,Waiting,,393.81,404.72,,,,,Elevance Health,Health Care,,1.8.5-source-port,NONE,WATCH,NEW_WATCH
2026-09-01T01:21:44.141168+00:00,EME,SP500,2026-08-31,734.5399780273438,WATCH,1,NONE,Bull Trend,Neutral,Waiting,,748.61,783.9,,,,,Emcor,Industrials,,1.8.5-source-port,NONE,WATCH,NEW_WATCH
2026-09-01T01:21:44.141168+00:00,EOG,SP500,2026-08-31,144.9600067138672,WATCH,1,NONE,Bull Trend,Neutral,Waiting,,142.76,148.22,,,,,EOG Resources,Energy,,1.8.5-source-port,NONE,WATCH,NEW_WATCH
2026-09-01T01:21:44.141168+00:00,EQIX,SP500,2026-08-31,1046.719970703125,WATCH,1,NONE,Bull Trend,Neutral,Waiting,,1027.94,1049.53,,,,,Equinix,Real Estate,,1.8.5-source-port,NONE,WATCH,NEW_WATCH
2026-09-01T01:21:44.141168+00:00,EQT,SP500,2026-08-31,54.18000030517578,WATCH,1,NONE,Bull Trend,Neutral,Waiting,,53.12,53.26,,,,,EQT Corporation,Energy,,1.8.5-source-port,NONE,WATCH,NEW_WATCH
2026-09-01T01:21:44.141168+00:00,ESS,SP500,2026-08-31,282.9599914550781,WATCH,1,NONE,Bull Trend,Neutral,Waiting,,279.92,285.79,,,,,Essex Property Trust,Real Estate,,1.8.5-source-port,NONE,WATCH,NEW_WATCH
2026-09-01T01:21:44.141168+00:00,ETR,SP500,2026-08-31,106.30999755859375,WATCH,1,NONE,Bear Trend,Neutral,Waiting,,104.76,107.88,,,,,Entergy,Utilities,,1.8.5-source-port,NONE,WATCH,NEW_WATCH
2026-09-01T01:21:44.141168+00:00,EVRG,SP500,2026-08-31,81.0199966430664,WATCH,1,NONE,Bear Trend,Neutral,Waiting,,83.76,83.79,,,,,Evergy,Utilities,,1.8.5-source-port,NONE,WATCH,NEW_WATCH
2026-09-01T01:21:44.141168+00:00,EXC,SP500,2026-08-31,43.720001220703125,WATCH,1,NONE,Bear Trend,Neutral,Waiting,,45.75,46.08,,,,,Exelon,Utilities,,1.8.5-source-port,NONE,WATCH,NEW_WATCH
2026-09-01T01:21:44.141168+00:00,EXPD,SP500,2026-08-31,189.64999389648438,WATCH,1,NONE,Bull Trend,Neutral,Waiting,,185.56,187.74,,,,,Expeditors International,Industrials,,1.8.5-source-port,NONE,WATCH,NEW_WATCH
2026-09-01T01:21:44.141168+00:00,EXPE,SP500,2026-08-31,317.1199951171875,WATCH,1,NONE,Bull Trend,Neutral,Waiting,,250.76,275.41,,,,,Expedia Group,Consumer Discretionary,,1.8.5-source-port,NONE,WATCH,NEW_WATCH
2026-09-01T01:21:44.141168+00:00,EXR,SP500,2026-08-31,141.10000610351562,WATCH,1,NONE,Bear Trend,Neutral,Bear Micro BOS,,147.35,149.7,,,,,Extra Space Storage,Real Estate,,1.8.5-source-port,NONE,WATCH,NEW_WATCH
2026-09-01T01:21:44.141168+00:00,F,SP500,2026-08-31,13.9399995803833,WATCH,1,NONE,Neutral Zhongshu,Neutral,Waiting,,13.83,14.07,,,,,Ford Motor Company,Consumer Discretionary,,1.8.5-source-port,NONE,WATCH,NEW_WATCH
2026-09-01T01:21:44.141168+00:00,FANG,SP500,2026-08-31,200.47999572753906,WATCH,1,NONE,Bull Trend,Neutral,Waiting,,196.65,199.25,,,,,Diamondback Energy,Energy,,1.8.5-source-port,NONE,WATCH,NEW_WATCH
2026-09-01T01:21:44.141168+00:00,FAST,SP500,2026-08-31,49.310001373291016,WATCH,1,NONE,Bull Trend,Neutral,Bear Micro BOS,,46.98,48.74,,,,,Fastenal,Industrials,,1.8.5-source-port,NONE,WATCH,NEW_WATCH
2026-09-01T01:21:44.141168+00:00,FDS,SP500,2026-08-31,313.54998779296875,WATCH,1,NONE,Bull Trend,Neutral,Bull Micro BOS,,264.49,269.79,,,,,FactSet,Financials,,1.8.5-source-port,NONE,WATCH,NEW_WATCH
2026-09-01T01:21:44.141168+00:00,FDX,SP500,2026-08-31,327.3999938964844,WATCH,1,NONE,Bull Trend,Neutral,Waiting,,304.06,314.96,,,,,FedEx,Industrials,,1.8.5-source-port,NONE,WATCH,NEW_WATCH
2026-09-01T01:21:44.141168+00:00,FISV,SP500,2026-08-31,53.310001373291016,WATCH,1,NONE,Bullish Zhongshu,Neutral,Waiting,,53.02,53.15,,,,,Fiserv,Financials,,1.8.5-source-port,NONE,WATCH,NEW_WATCH
2026-09-01T01:21:44.141168+00:00,FIX,SP500,2026-08-31,1545.6199951171875,WATCH,1,NONE,Bearish Zhongshu,Neutral,Waiting,,1749.09,1823.62,,,,,Comfort Systems USA,Industrials,,1.8.5-source-port,NONE,WATCH,NEW_WATCH
2026-09-01T01:21:44.141168+00:00,FLEX,SP500,2026-08-31,109.25,WATCH,1,NONE,Bearish Zhongshu,Neutral,Waiting,,111.38,129.38,,,,,Flex Ltd.,Information Technology,,1.8.5-source-port,NONE,WATCH,NEW_WATCH
2026-09-01T01:21:44.141168+00:00,FOX,SP500,2026-08-31,60.220001220703125,WATCH,1,NONE,Bull Trend,Neutral,Waiting,,51.22,52.9,,,,,Fox Corporation (Class B),Communication Services,,1.8.5-source-port,NONE,WATCH,NEW_WATCH
2026-09-01T01:21:44.141168+00:00,FTNT,SP500,2026-08-31,170.92999267578125,WATCH,1,NONE,Bull Trend,Neutral,Waiting,,160.0,170.35,,,,,Fortinet,Information Technology,,1.8.5-source-port,NONE,WATCH,NEW_WATCH
2026-09-01T01:21:44.141168+00:00,FTV,SP500,2026-08-31,58.84000015258789,WATCH,1,NONE,Bearish Zhongshu,Neutral,Bear Micro BOS,,60.33,60.62,,,,,Fortive,Industrials,,1.8.5-source-port,NONE,WATCH,NEW_WATCH
2026-09-01T01:21:44.141168+00:00,GD,SP500,2026-08-31,371.3500061035156,WATCH,1,NONE,Bear Trend,Neutral,Bear Micro BOS,,389.79,397.2,,,,,General Dynamics,Industrials,,1.8.5-source-port,NONE,WATCH,NEW_WATCH
2026-09-01T01:21:44.141168+00:00,GDDY,SP500,2026-08-31,97.87999725341797,WATCH,1,NONE,Neutral Zhongshu,Neutral,Waiting,,95.51,101.99,,,,,GoDaddy,Information Technology,,1.8.5-source-port,NONE,WATCH,NEW_WATCH
2026-09-01T01:21:44.141168+00:00,GEHC,SP500,2026-08-31,71.2300033569336,WATCH,1,NONE,Bull Trend,Neutral,Waiting,,69.58,72.04,,,,,GE HealthCare,Health Care,,1.8.5-source-port,NONE,WATCH,NEW_WATCH
2026-09-01T01:21:44.141168+00:00,GEN,SP500,2026-08-31,31.0,WATCH,1,NONE,Bull Trend,Neutral,Bull Micro BOS,,27.01,27.16,,,,,Gen Digital,Information Technology,,1.8.5-source-port,NONE,WATCH,NEW_WATCH
2026-09-01T01:21:44.141168+00:00,GEV,SP500,2026-08-31,898.530029296875,WATCH,1,NONE,Bearish Zhongshu,Neutral,Waiting,,1042.0,1046.93,,,,,GE Vernova,Industrials,,1.8.5-source-port,NONE,WATCH,NEW_WATCH
2026-09-01T01:21:44.141168+00:00,GILD,SP500,2026-08-31,146.33999633789062,WATCH,1,NONE,Bull Trend,Neutral,Waiting,,127.61,128.2,,,,,Gilead Sciences,Health Care,,1.8.5-source-port,NONE,WATCH,NEW_WATCH
2026-09-01T01:21:44.141168+00:00,GIS,SP500,2026-08-31,41.20000076293945,WATCH,1,NONE,Bull Trend,Neutral,Waiting,,35.53,37.13,,,,,General Mills,Consumer Staples,,1.8.5-source-port,NONE,WATCH,NEW_WATCH
2026-09-01T01:21:44.141168+00:00,GLW,SP500,2026-08-31,148.72999572753906,WATCH,1,NONE,Bearish Zhongshu,Neutral,Waiting,,157.91,170.43,,,,,Corning Inc.,Information Technology,,1.8.5-source-port,NONE,WATCH,NEW_WATCH
2026-09-01T01:21:44.141168+00:00,GM,SP500,2026-08-31,86.31999969482422,WATCH,1,NONE,Bear Trend,Neutral,Waiting,,86.03,88.27,,,,,General Motors,Consumer Discretionary,,1.8.5-source-port,NONE,WATCH,NEW_WATCH
2026-09-01T01:21:44.141168+00:00,GOOGL,SP500,2026-08-31,339.3500061035156,WATCH,1,NONE,Bull Trend,Neutral,Waiting,,340.88,342.5,,,,,Alphabet Inc. (Class A),Communication Services,,1.8.5-source-port,NONE,WATCH,NEW_WATCH
2026-09-01T01:21:44.141168+00:00,GPC,SP500,2026-08-31,135.6699981689453,WATCH,1,NONE,Bull Trend,Neutral,Waiting,,131.85,132.0,,,,,Genuine Parts Company,Consumer Discretionary,,1.8.5-source-port,NONE,WATCH,NEW_WATCH
2026-09-01T01:21:44.141168+00:00,HAL,SP500,2026-08-31,36.849998474121094,WATCH,1,NONE,Bullish Zhongshu,Neutral,Waiting,,33.54,33.95,,,,,Halliburton,Energy,,1.8.5-source-port,NONE,WATCH,NEW_WATCH
2026-09-01T01:21:44.141168+00:00,HAS,SP500,2026-08-31,94.0999984741211,WATCH,1,NONE,Bull Trend,Neutral,Waiting,,92.01,96.28,,,,,Hasbro,Consumer Discretionary,,1.8.5-source-port,NONE,WATCH,NEW_WATCH
2026-09-01T01:21:44.141168+00:00,HBAN,SP500,2026-08-31,16.684999465942383,WATCH,1,NONE,Bear Trend,Neutral,Bear Micro BOS,,17.3,17.77,,,,,Huntington Bancshares,Financials,,1.8.5-source-port,NONE,WATCH,NEW_WATCH
2026-09-01T01:21:44.141168+00:00,HCA,SP500,2026-08-31,414.45001220703125,WATCH,1,NONE,Bull Trend,Neutral,Waiting,,400.0,419.33,,,,,HCA Healthcare,Health Care,,1.8.5-source-port,NONE,WATCH,NEW_WATCH
2026-09-01T01:21:44.141168+00:00,HD,SP500,2026-08-31,327.8299865722656,WATCH,1,NONE,Bearish Zhongshu,Neutral,Bear Micro BOS,,335.43,342.22,,,,,Home Depot (The),Consumer Discretionary,,1.8.5-source-port,NONE,WATCH,NEW_WATCH
2026-09-01T01:21:44.141168+00:00,HIG,SP500,2026-08-31,137.3800048828125,WATCH,1,NONE,Bearish Zhongshu,Neutral,Waiting,,136.62,140.0,,,,,Hartford (The),Financials,,1.8.5-source-port,NONE,WATCH,NEW_WATCH
2026-09-01T01:21:44.141168+00:00,HLT,SP500,2026-08-31,316.2799987792969,WATCH,1,NONE,Bear Trend,Distribution,Bear Micro BOS,,330.97,335.65,,,,,Hilton Worldwide,Consumer Discretionary,,1.8.5-source-port,NONE,WATCH,NEW_WATCH
2026-09-01T01:21:44.141168+00:00,HOOD,SP500,2026-08-31,104.80999755859375,WATCH,1,NONE,Bullish Zhongshu,Neutral,Waiting,,93.03,94.4,,,,,Robinhood Markets,Financials,,1.8.5-source-port,NONE,WATCH,NEW_WATCH
2026-09-01T01:21:44.141168+00:00,HPE,SP500,2026-08-31,52.2400016784668,WATCH,1,NONE,Bull Trend,Neutral,Waiting,,44.61,50.45,,,,,Hewlett Packard Enterprise,Information Technology,,1.8.5-source-port,NONE,WATCH,NEW_WATCH
2026-09-01T01:21:44.141168+00:00,HPQ,SP500,2026-08-31,30.020000457763672,WATCH,1,NONE,Bull Trend,Neutral,Waiting,,28.29,29.12,,,,,HP Inc.,Information Technology,,1.8.5-source-port,NONE,WATCH,NEW_WATCH
2026-09-01T01:21:44.141168+00:00,HRL,SP500,2026-08-31,21.850000381469727,WATCH,1,NONE,Bear Trend,Neutral,Waiting,,24.73,24.84,,,,,Hormel Foods,Consumer Staples,,1.8.5-source-port,NONE,WATCH,NEW_WATCH
2026-09-01T01:21:44.141168+00:00,HSIC,SP500,2026-08-31,89.80000305175781,WATCH,1,NONE,Bullish Zhongshu,Neutral,Waiting,,87.47,89.34,,,,,Henry Schein,Health Care,,1.8.5-source-port,NONE,WATCH,NEW_WATCH
2026-09-01T01:21:44.141168+00:00,HST,SP500,2026-08-31,21.93000030517578,WATCH,1,NONE,Bear Trend,Neutral,Bear Micro BOS,,22.64,23.42,,,,,Host Hotels & Resorts,Real Estate,,1.8.5-source-port,NONE,WATCH,NEW_WATCH
2026-09-01T01:21:44.141168+00:00,HUBB,SP500,2026-08-31,453.0,WATCH,1,NONE,Bearish Zhongshu,Neutral,Bear Micro BOS,,481.67,491.17,,,,,Hubbell Incorporated,Industrials,,1.8.5-source-port,NONE,WATCH,NEW_WATCH
2026-09-01T01:21:44.141168+00:00,HUM,SP500,2026-08-31,383.2300109863281,WATCH,1,NONE,Bull Trend,Neutral,Waiting,,390.46,393.48,,,,,Humana,Health Care,,1.8.5-source-port,NONE,WATCH,NEW_WATCH
2026-09-01T01:21:44.141168+00:00,HWM,SP500,2026-08-31,244.9499969482422,WATCH,1,NONE,Bearish Zhongshu,Neutral,Bear Micro BOS,,276.26,280.36,,,,,Howmet Aerospace,Industrials,,1.8.5-source-port,NONE,WATCH,NEW_WATCH
2026-09-01T01:21:44.141168+00:00,IBKR,SP500,2026-08-31,97.29000091552734,WATCH,1,NONE,Bullish Zhongshu,Neutral,Waiting,,89.5,90.92,,,,,Interactive Brokers,Financials,,1.8.5-source-port,NONE,WATCH,NEW_WATCH
2026-09-01T01:21:44.141168+00:00,IEX,SP500,2026-08-31,228.63999938964844,WATCH,1,NONE,Bull Trend,Distribution,Waiting,,228.58,229.43,,,,,IDEX Corporation,Industrials,,1.8.5-source-port,NONE,WATCH,NEW_WATCH
2026-09-01T01:21:44.141168+00:00,INCY,SP500,2026-08-31,123.22000122070312,WATCH,1,NONE,Bullish Zhongshu,Neutral,Waiting,,117.0,118.95,,,,,Incyte,Health Care,,1.8.5-source-port,NONE,WATCH,NEW_WATCH
2026-09-01T01:21:44.141168+00:00,IQV,SP500,2026-08-31,261.19000244140625,WATCH,1,NONE,Bull Trend,Neutral,Waiting,,233.76,245.3,,,,,IQVIA,Health Care,,1.8.5-source-port,NONE,WATCH,NEW_WATCH
2026-09-01T01:21:44.141168+00:00,IRM,SP500,2026-08-31,115.3499984741211,WATCH,1,NONE,Bear Trend,Neutral,Bear Micro BOS,,121.56,128.26,,,,,Iron Mountain,Real Estate,,1.8.5-source-port,NONE,WATCH,NEW_WATCH
2026-09-01T01:21:44.141168+00:00,ISRG,SP500,2026-08-31,376.8599853515625,WATCH,1,NONE,Bearish Zhongshu,Neutral,Waiting,,397.52,404.98,,,,,Intuitive Surgical,Health Care,,1.8.5-source-port,NONE,WATCH,NEW_WATCH
2026-09-01T01:21:44.141168+00:00,ITW,SP500,2026-08-31,275.3699951171875,WATCH,1,NONE,Bear Trend,Neutral,Bear Micro BOS,,284.36,297.76,,,,,Illinois Tool Works,Industrials,,1.8.5-source-port,NONE,WATCH,NEW_WATCH
2026-09-01T01:21:44.141168+00:00,IVZ,SP500,2026-08-31,32.779998779296875,WATCH,1,NONE,Bull Trend,Neutral,Waiting,,30.89,32.33,,,,,Invesco,Financials,,1.8.5-source-port,NONE,WATCH,NEW_WATCH
2026-09-01T01:21:44.141168+00:00,J,SP500,2026-08-31,149.0500030517578,WATCH,1,NONE,Bull Trend,Neutral,Waiting,,142.06,151.61,,,,,Jacobs Solutions,Industrials,,1.8.5-source-port,NONE,WATCH,NEW_WATCH
2026-09-01T01:21:44.141168+00:00,JBHT,SP500,2026-08-31,265.4700012207031,WATCH,1,NONE,Bearish Zhongshu,Neutral,Waiting,,268.94,275.32,,,,,J.B. Hunt,Industrials,,1.8.5-source-port,NONE,WATCH,NEW_WATCH
2026-09-01T01:21:44.141168+00:00,KDP,SP500,2026-08-31,31.860000610351562,WATCH,1,NONE,Bullish Zhongshu,Neutral,Waiting,,30.37,31.66,,,,,Keurig Dr Pepper,Consumer Staples,,1.8.5-source-port,NONE,WATCH,NEW_WATCH
2026-09-01T01:21:44.141168+00:00,KEYS,SP500,2026-08-31,322.70001220703125,WATCH,1,NONE,Bull Trend,Neutral,Waiting,,327.04,331.99,,,,,Keysight Technologies,Information Technology,,1.8.5-source-port,NONE,WATCH,NEW_WATCH
2026-09-01T01:21:44.141168+00:00,KHC,SP500,2026-08-31,25.670000076293945,WATCH,1,NONE,Neutral Zhongshu,Neutral,Waiting,,24.71,25.75,,,,,Kraft Heinz,Consumer Staples,,1.8.5-source-port,NONE,WATCH,NEW_WATCH
2026-09-01T01:21:44.141168+00:00,KKR,SP500,2026-08-31,109.72000122070312,WATCH,1,NONE,Bull Trend,Neutral,Waiting,,93.95,96.81,,,,,KKR & Co.,Financials,,1.8.5-source-port,NONE,WATCH,NEW_WATCH
2026-09-01T01:21:44.141168+00:00,KMB,SP500,2026-08-31,107.94999694824219,WATCH,1,NONE,Bull Trend,Neutral,Bear Micro BOS,,108.07,109.6,,,,,Kimberly-Clark,Consumer Staples,,1.8.5-source-port,NONE,WATCH,NEW_WATCH
2026-09-01T01:21:44.141168+00:00,KMI,SP500,2026-08-31,32.2400016784668,WATCH,1,NONE,Bullish Zhongshu,Neutral,Waiting,,31.48,31.63,,,,,Kinder Morgan,Energy,,1.8.5-source-port,NONE,WATCH,NEW_WATCH
2026-09-01T01:21:44.141168+00:00,KO,SP500,2026-08-31,88.66999816894531,WATCH,1,NONE,Bull Trend,Neutral,Waiting,,85.16,85.68,,,,,Coca-Cola Company (The),Consumer Staples,,1.8.5-source-port,NONE,WATCH,NEW_WATCH
2026-09-01T01:21:44.141168+00:00,KR,SP500,2026-08-31,57.540000915527344,WATCH,1,NONE,Bull Trend,Neutral,Waiting,,54.76,57.69,,,,,Kroger,Consumer Staples,,1.8.5-source-port,NONE,WATCH,NEW_WATCH
2026-09-01T01:21:44.141168+00:00,KVUE,SP500,2026-08-31,18.8799991607666,WATCH,1,NONE,Bull Trend,Neutral,Waiting,,18.87,19.02,,,,,Kenvue,Consumer Staples,,1.8.5-source-port,NONE,WATCH,NEW_WATCH
2026-09-01T01:21:44.141168+00:00,L,SP500,2026-08-31,108.29000091552734,WATCH,1,NONE,Bearish Zhongshu,Neutral,Bear Micro BOS,,113.94,119.03,,,,,Loews Corporation,Financials,,1.8.5-source-port,NONE,WATCH,NEW_WATCH
2026-09-01T01:21:44.141168+00:00,LDOS,SP500,2026-08-31,140.2100067138672,WATCH,1,NONE,Bull Trend,Neutral,Waiting,,104.01,111.0,,,,,Leidos,Industrials,,1.8.5-source-port,NONE,WATCH,NEW_WATCH
2026-09-01T01:21:44.141168+00:00,LH,SP500,2026-08-31,332.6600036621094,WATCH,1,NONE,Bull Trend,Neutral,Waiting,,261.55,274.41,,,,,Labcorp,Health Care,,1.8.5-source-port,NONE,WATCH,NEW_WATCH
2026-09-01T01:21:44.141168+00:00,LHX,SP500,2026-08-31,266.25,WATCH,1,NONE,Bearish Zhongshu,Neutral,Waiting,,300.27,303.1,,,,,L3Harris,Industrials,,1.8.5-source-port,NONE,WATCH,NEW_WATCH
2026-09-01T01:21:44.141168+00:00,LII,SP500,2026-08-31,382.6400146484375,WATCH,1,NONE,Bear Trend,Neutral,Bear Micro BOS,,411.41,456.5,,,,,Lennox International,Industrials,,1.8.5-source-port,NONE,WATCH,NEW_WATCH
2026-09-01T01:21:44.141168+00:00,LIN,SP500,2026-08-31,489.5799865722656,WATCH,1,NONE,Bear Trend,Neutral,Waiting,,510.67,514.78,,,,,Linde plc,Materials,,1.8.5-source-port,NONE,WATCH,NEW_WATCH
2026-09-01T01:21:44.141168+00:00,LITE,SP500,2026-08-31,914.760009765625,WATCH,1,NONE,Bull Trend,Neutral,Waiting,,784.47,839.88,,,,,Lumentum,Information Technology,,1.8.5-source-port,NONE,WATCH,NEW_WATCH
2026-09-01T01:21:44.141168+00:00,LLY,SP500,2026-08-31,1156.72998046875,WATCH,1,NONE,Neutral Zhongshu,Neutral,Bear Micro BOS,,1132.78,1181.04,,,,,Lilly (Eli),Health Care,,1.8.5-source-port,NONE,WATCH,NEW_WATCH
2026-09-01T01:21:44.141168+00:00,LNT,SP500,2026-08-31,67.9800033569336,WATCH,1,NONE,Bearish Zhongshu,Neutral,Waiting,,67.68,71.46,,,,,Alliant Energy,Utilities,,1.8.5-source-port,NONE,WATCH,NEW_WATCH
2026-09-01T01:21:44.141168+00:00,LOW,SP500,2026-08-31,204.6999969482422,WATCH,1,NONE,Bull Trend,Neutral,Bear Micro BOS,,215.27,218.99,,,,,Lowe's,Consumer Discretionary,,1.8.5-source-port,NONE,WATCH,NEW_WATCH
2026-09-01T01:21:44.141168+00:00,LULU,SP500,2026-08-31,120.26000213623047,WATCH,1,NONE,Bull Trend,Neutral,Waiting,,116.63,117.8,,,,,Lululemon Athletica,Consumer Discretionary,,1.8.5-source-port,NONE,WATCH,NEW_WATCH
2026-09-01T01:21:44.141168+00:00,LUV,SP500,2026-08-31,38.529998779296875,WATCH,1,NONE,Bearish Zhongshu,Neutral,Bear Micro BOS,,47.17,49.0,,,,,Southwest Airlines,Industrials,,1.8.5-source-port,NONE,WATCH,NEW_WATCH
2026-09-01T01:21:44.141168+00:00,LYB,SP500,2026-08-31,65.08000183105469,WATCH,1,NONE,Bull Trend,Neutral,Waiting,,58.44,63.72,,,,,LyondellBasell,Materials,,1.8.5-source-port,NONE,WATCH,NEW_WATCH
2026-09-01T01:21:44.141168+00:00,MAA,SP500,2026-08-31,128.85000610351562,WATCH,1,NONE,Bear Trend,Neutral,Bear Micro BOS,,131.59,134.04,,,,,Mid-America Apartment Communities,Real Estate,,1.8.5-source-port,NONE,WATCH,NEW_WATCH
2026-09-01T01:21:44.141168+00:00,MAR,SP500,2026-08-31,341.760009765625,WATCH,1,NONE,Bear Trend,Neutral,Bear Micro BOS,,370.53,377.55,,,,,Marriott International,Consumer Discretionary,,1.8.5-source-port,NONE,WATCH,NEW_WATCH
2026-09-01T01:21:44.141168+00:00,MAS,SP500,2026-08-31,72.16000366210938,WATCH,1,NONE,Bearish Zhongshu,Neutral,Bear Micro BOS,,72.26,74.54,,,,,Masco,Industrials,,1.8.5-source-port,NONE,WATCH,NEW_WATCH
2026-09-01T01:21:44.141168+00:00,MCK,SP500,2026-08-31,885.3200073242188,WATCH,1,NONE,Bullish Zhongshu,Neutral,Waiting,,837.88,900.22,,,,,McKesson Corporation,Health Care,,1.8.5-source-port,NONE,WATCH,NEW_WATCH
2026-09-01T01:21:44.141168+00:00,MDLZ,SP500,2026-08-31,62.06999969482422,WATCH,1,NONE,Bearish Zhongshu,Neutral,Waiting,,61.67,65.55,,,,,Mondelez International,Consumer Staples,,1.8.5-source-port,NONE,WATCH,NEW_WATCH
2026-09-01T01:21:44.141168+00:00,MDT,SP500,2026-08-31,90.6500015258789,WATCH,1,NONE,Bull Trend,Neutral,Waiting,,84.95,85.99,,,,,Medtronic,Health Care,,1.8.5-source-port,NONE,WATCH,NEW_WATCH
2026-09-01T01:21:44.141168+00:00,MET,SP500,2026-08-31,95.16999816894531,WATCH,1,NONE,Bullish Zhongshu,Neutral,Waiting,,93.37,94.28,,,,,MetLife,Financials,,1.8.5-source-port,NONE,WATCH,NEW_WATCH
2026-09-01T01:21:44.141168+00:00,META,SP500,2026-08-31,572.3400268554688,WATCH,1,NONE,Bearish Zhongshu,Neutral,Waiting,,592.05,593.34,,,,,Meta Platforms,Communication Services,,1.8.5-source-port,NONE,WATCH,NEW_WATCH
2026-09-01T01:21:44.141168+00:00,MNST,SP500,2026-08-31,45.91999816894531,WATCH,1,NONE,Bearish Zhongshu,Neutral,Waiting,,85.2,88.77,,,,,Monster Beverage,Consumer Staples,,1.8.5-source-port,NONE,WATCH,NEW_WATCH
2026-09-01T01:21:44.141168+00:00,MPC,SP500,2026-08-31,373.32000732421875,WATCH,1,NONE,Bull Trend,Neutral,Waiting,,304.07,314.64,,,,,Marathon Petroleum,Energy,,1.8.5-source-port,NONE,WATCH,NEW_WATCH
2026-09-01T01:21:44.141168+00:00,MPWR,SP500,2026-08-31,1267.77001953125,WATCH,1,NONE,Bull Trend,Neutral,Waiting,,1402.86,1406.04,,,,,Monolithic Power Systems,Information Technology,,1.8.5-source-port,NONE,WATCH,NEW_WATCH
2026-09-01T01:21:44.141168+00:00,MRK,SP500,2026-08-31,147.75999450683594,WATCH,1,NONE,Bull Trend,Neutral,Waiting,,126.22,130.29,,,,,Merck & Co.,Health Care,,1.8.5-source-port,NONE,WATCH,NEW_WATCH
2026-09-01T01:21:44.141168+00:00,MRVL,SP500,2026-08-31,211.66000366210938,WATCH,1,NONE,Bear Trend,Neutral,Bear Micro BOS,,250.46,252.52,,,,,Marvell Technology,Information Technology,,1.8.5-source-port,NONE,WATCH,NEW_WATCH
2026-09-01T01:21:44.141168+00:00,MSCI,SP500,2026-08-31,570.6400146484375,WATCH,1,NONE,Bullish Zhongshu,Neutral,Waiting,,550.52,574.98,,,,,MSCI,Financials,,1.8.5-source-port,NONE,WATCH,NEW_WATCH
2026-09-01T01:21:44.141168+00:00,MSFT,SP500,2026-08-31,507.2900085449219,WATCH,1,NONE,Bull Trend,Neutral,Waiting,,476.25,512.76,,,,,Microsoft,Information Technology,,1.8.5-source-port,NONE,WATCH,NEW_WATCH
2026-09-01T01:21:44.141168+00:00,NDAQ,SP500,2026-08-31,98.61000061035156,WATCH,1,NONE,Bull Trend,Neutral,Waiting,,93.27,93.3,,,,,"Nasdaq, Inc.",Financials,,1.8.5-source-port,NONE,WATCH,NEW_WATCH
2026-09-01T01:21:44.141168+00:00,NDSN,SP500,2026-08-31,321.7200012207031,WATCH,1,NONE,Bull Trend,Neutral,Waiting,,306.96,307.74,,,,,Nordson Corporation,Industrials,,1.8.5-source-port,NONE,WATCH,NEW_WATCH
2026-09-01T01:21:44.141168+00:00,NEE,SP500,2026-08-31,82.33999633789062,WATCH,1,NONE,Bear Trend,Neutral,Waiting,,82.87,85.88,,,,,NextEra Energy,Utilities,,1.8.5-source-port,NONE,WATCH,NEW_WATCH
2026-09-01T01:21:44.141168+00:00,NEM,SP500,2026-08-31,126.05999755859375,WATCH,1,NONE,Bullish Zhongshu,Neutral,Waiting,,92.02,98.19,,,,,Newmont,Materials,,1.8.5-source-port,NONE,WATCH,NEW_WATCH
2026-09-01T01:21:44.141168+00:00,NFLX,SP500,2026-08-31,81.05000305175781,WATCH,1,NONE,Bullish Zhongshu,Accumulation,Waiting,,72.51,73.76,,,,,Netflix,Communication Services,,1.8.5-source-port,NONE,WATCH,NEW_WATCH
2026-09-01T01:21:44.141168+00:00,NKE,SP500,2026-08-31,39.060001373291016,WATCH,1,NONE,Bear Trend,Neutral,Waiting,,40.91,41.34,,,,,"Nike, Inc.",Consumer Discretionary,,1.8.5-source-port,NONE,WATCH,NEW_WATCH
2026-09-01T01:21:44.141168+00:00,NOC,SP500,2026-08-31,539.7000122070312,WATCH,1,NONE,Bearish Zhongshu,Neutral,Waiting,,541.09,552.63,,,,,Northrop Grumman,Industrials,,1.8.5-source-port,NONE,WATCH,NEW_WATCH
2026-09-01T01:21:44.141168+00:00,NOW,SP500,2026-08-31,147.99000549316406,WATCH,1,NONE,Bull Trend,Neutral,Bull Micro BOS,,102.61,113.79,,,,,ServiceNow,Information Technology,,1.8.5-source-port,NONE,WATCH,NEW_WATCH
2026-09-01T01:21:44.141168+00:00,NSC,SP500,2026-08-31,342.7900085449219,WATCH,1,NONE,Bull Trend,Neutral,Waiting,,332.53,343.63,,,,,Norfolk Southern,Industrials,,1.8.5-source-port,NONE,WATCH,NEW_WATCH
2026-09-01T01:21:44.141168+00:00,NTAP,SP500,2026-08-31,185.2899932861328,WATCH,1,NONE,Bull Trend,Neutral,Waiting,,156.26,167.21,,,,,NetApp,Information Technology,,1.8.5-source-port,NONE,WATCH,NEW_WATCH
2026-09-01T01:21:44.141168+00:00,NTRS,SP500,2026-08-31,185.55999755859375,WATCH,1,NONE,Neutral Zhongshu,Neutral,Waiting,,182.41,188.75,,,,,Northern Trust,Financials,,1.8.5-source-port,NONE,WATCH,NEW_WATCH
2026-09-01T01:21:44.141168+00:00,NVR,SP500,2026-08-31,6315.22998046875,WATCH,1,NONE,Bearish Zhongshu,Neutral,Waiting,,6269.16,6526.86,,,,,"NVR, Inc.",Consumer Discretionary,,1.8.5-source-port,NONE,WATCH,NEW_WATCH
2026-09-01T01:21:44.141168+00:00,NWS,SP500,2026-08-31,34.40999984741211,WATCH,1,NONE,Bull Trend,Distribution,Waiting,,31.54,32.91,,,,,News Corp (Class B),Communication Services,,1.8.5-source-port,NONE,WATCH,NEW_WATCH
2026-09-01T01:21:44.141168+00:00,NWSA,SP500,2026-08-31,30.709999084472656,WATCH,1,NONE,Bull Trend,Neutral,Waiting,,27.53,27.62,,,,,News Corp (Class A),Communication Services,,1.8.5-source-port,NONE,WATCH,NEW_WATCH
2026-09-01T01:21:44.141168+00:00,NXPI,SP500,2026-08-31,224.63999938964844,WATCH,1,NONE,Bear Trend,Neutral,Waiting,,223.51,242.49,,,,,NXP Semiconductors,Information Technology,,1.8.5-source-port,NONE,WATCH,NEW_WATCH
2026-09-01T01:21:44.141168+00:00,ODFL,SP500,2026-08-31,199.9600067138672,WATCH,1,NONE,Bear Trend,Neutral,Waiting,,212.45,220.0,,,,,Old Dominion,Industrials,,1.8.5-source-port,NONE,WATCH,NEW_WATCH
2026-09-01T01:21:44.141168+00:00,OMC,SP500,2026-08-31,87.52999877929688,WATCH,1,NONE,Bull Trend,Neutral,Waiting,,77.89,78.1,,,,,Omnicom Group,Communication Services,,1.8.5-source-port,NONE,WATCH,NEW_WATCH
2026-09-01T01:21:44.141168+00:00,ORLY,SP500,2026-08-31,88.80000305175781,WATCH,1,NONE,Bearish Zhongshu,Neutral,Waiting,,89.37,90.58,,,,,O'Reilly Automotive,Consumer Discretionary,,1.8.5-source-port,NONE,WATCH,NEW_WATCH
2026-09-01T01:21:44.141168+00:00,OTIS,SP500,2026-08-31,71.12999725341797,WATCH,1,NONE,Neutral Zhongshu,Neutral,Waiting,,70.31,72.61,,,,,Otis Worldwide,Industrials,,1.8.5-source-port,NONE,WATCH,NEW_WATCH
2026-09-01T01:21:44.141168+00:00,OXY,SP500,2026-08-31,60.18000030517578,WATCH,1,NONE,Bull Trend,Neutral,Waiting,,55.44,55.49,,,,,Occidental Petroleum,Energy,,1.8.5-source-port,NONE,WATCH,NEW_WATCH
2026-09-01T01:21:44.141168+00:00,PCAR,SP500,2026-08-31,124.12999725341797,WATCH,1,NONE,Bear Trend,Neutral,Bear Micro BOS,,129.44,130.97,,,,,Paccar,Industrials,,1.8.5-source-port,NONE,WATCH,NEW_WATCH
2026-09-01T01:21:44.141168+00:00,PEP,SP500,2026-08-31,140.33999633789062,WATCH,1,NONE,Bull Trend,Neutral,Waiting,,139.37,141.55,,,,,PepsiCo,Consumer Staples,,1.8.5-source-port,NONE,WATCH,NEW_WATCH
2026-09-01T01:21:44.141168+00:00,PFE,SP500,2026-08-31,28.459999084472656,WATCH,1,NONE,Bull Trend,Neutral,Waiting,,24.84,25.21,,,,,Pfizer,Health Care,,1.8.5-source-port,NONE,WATCH,NEW_WATCH
2026-09-01T01:21:44.141168+00:00,PFG,SP500,2026-08-31,110.16000366210938,WATCH,1,NONE,Bull Trend,Neutral,Waiting,,112.94,114.9,,,,,Principal Financial Group,Financials,,1.8.5-source-port,NONE,WATCH,NEW_WATCH
2026-09-01T01:21:44.141168+00:00,PHM,SP500,2026-08-31,126.31999969482422,WATCH,1,NONE,Bear Trend,Neutral,Waiting,,127.2,131.56,,,,,PulteGroup,Consumer Discretionary,,1.8.5-source-port,NONE,WATCH,NEW_WATCH
2026-09-01T01:21:44.141168+00:00,PLTR,SP500,2026-08-31,186.3800048828125,WATCH,1,NONE,Bullish Zhongshu,Neutral,Bull Micro BOS,,136.3,136.62,,,,,Palantir Technologies,Information Technology,,1.8.5-source-port,NONE,WATCH,NEW_WATCH
2026-09-01T01:21:44.141168+00:00,PM,SP500,2026-08-31,187.3000030517578,WATCH,1,NONE,Neutral Zhongshu,Neutral,Waiting,,184.36,189.7,,,,,Philip Morris International,Consumer Staples,,1.8.5-source-port,NONE,WATCH,NEW_WATCH
2026-09-01T01:21:44.141168+00:00,PNW,SP500,2026-08-31,97.63999938964844,WATCH,1,NONE,Bear Trend,Neutral,Waiting,,99.53,99.63,,,,,Pinnacle West Capital,Utilities,,1.8.5-source-port,NONE,WATCH,NEW_WATCH
2026-09-01T01:21:44.141168+00:00,PPL,SP500,2026-08-31,34.130001068115234,WATCH,1,NONE,Bear Trend,Neutral,Waiting,,35.67,36.6,,,,,PPL Corporation,Utilities,,1.8.5-source-port,NONE,WATCH,NEW_WATCH
2026-09-01T01:21:44.141168+00:00,PSA,SP500,2026-08-31,306.989990234375,WATCH,1,NONE,Bearish Zhongshu,Neutral,Bear Micro BOS,,320.53,327.48,,,,,Public Storage,Real Estate,,1.8.5-source-port,NONE,WATCH,NEW_WATCH
2026-09-01T01:21:44.141168+00:00,PSKY,SP500,2026-08-31,10.90999984741211,WATCH,1,NONE,Bullish Zhongshu,Neutral,Bull Micro BOS,,9.35,9.38,,,,,Paramount Skydance Corporation,Communication Services,,1.8.5-source-port,NONE,WATCH,NEW_WATCH
2026-09-01T01:21:44.141168+00:00,PSX,SP500,2026-08-31,246.5800018310547,WATCH,1,NONE,Bull Trend,Neutral,Waiting,,202.83,210.31,,,,,Phillips 66,Energy,,1.8.5-source-port,NONE,WATCH,NEW_WATCH
2026-09-01T01:21:44.141168+00:00,Q,SP500,2026-08-31,119.43000030517578,WATCH,1,NONE,Bear Trend,Neutral,Bear Micro BOS,,135.2,144.92,,,,,Qnity Electronics,Information Technology,,1.8.5-source-port,NONE,WATCH,NEW_WATCH
2026-09-01T01:21:44.141168+00:00,REG,SP500,2026-08-31,74.7699966430664,WATCH,1,NONE,Bear Trend,Neutral,Bear Micro BOS,,81.01,81.04,,,,,Regency Centers,Real Estate,,1.8.5-source-port,NONE,WATCH,NEW_WATCH
2026-09-01T01:21:44.141168+00:00,REGN,SP500,2026-08-31,799.0800170898438,WATCH,1,NONE,Bull Trend,Neutral,Waiting,,667.07,677.13,,,,,Regeneron Pharmaceuticals,Health Care,,1.8.5-source-port,NONE,WATCH,NEW_WATCH
2026-09-01T01:21:44.141168+00:00,RJF,SP500,2026-08-31,178.1699981689453,WATCH,1,NONE,Bull Trend,Neutral,Waiting,,171.91,172.43,,,,,Raymond James Financial,Financials,,1.8.5-source-port,NONE,WATCH,NEW_WATCH
2026-09-01T01:21:44.141168+00:00,RMD,SP500,2026-08-31,240.10000610351562,WATCH,1,NONE,Bull Trend,Neutral,Bull Micro BOS,,197.45,202.1,,,,,ResMed|,Health Care,,1.8.5-source-port,NONE,WATCH,NEW_WATCH
2026-09-01T01:21:44.141168+00:00,ROK,SP500,2026-08-31,424.42999267578125,WATCH,1,NONE,Bear Trend,Neutral,Bear Micro BOS,,454.6,454.69,,,,,Rockwell Automation,Industrials,,1.8.5-source-port,NONE,WATCH,NEW_WATCH
2026-09-01T01:21:44.141168+00:00,ROL,SP500,2026-08-31,36.06999969482422,WATCH,1,NONE,Bear Trend,Neutral,Waiting,,44.21,44.38,,,,,"Rollins, Inc.",Industrials,,1.8.5-source-port,NONE,WATCH,NEW_WATCH
2026-09-01T01:21:44.141168+00:00,ROP,SP500,2026-08-31,424.6400146484375,WATCH,1,NONE,Bull Trend,Neutral,Bull Micro BOS,,394.02,405.77,,,,,Roper Technologies,Information Technology,,1.8.5-source-port,NONE,WATCH,NEW_WATCH
2026-09-01T01:21:44.141168+00:00,RTX,SP500,2026-08-31,207.72999572753906,WATCH,1,NONE,Bull Trend,Neutral,Waiting,,192.21,193.53,,,,,RTX Corporation,Industrials,,1.8.5-source-port,NONE,WATCH,NEW_WATCH
2026-09-01T01:21:44.141168+00:00,RVTY,SP500,2026-08-31,128.6699981689453,WATCH,1,NONE,Bullish Zhongshu,Neutral,Bull Micro BOS,,110.95,111.98,,,,,Revvity,Health Care,,1.8.5-source-port,NONE,WATCH,NEW_WATCH
2026-09-01T01:21:44.141168+00:00,SBUX,SP500,2026-08-31,106.25,WATCH,1,NONE,Neutral Zhongshu,Distribution,Waiting,,103.08,103.1,,,,,Starbucks,Consumer Discretionary,,1.8.5-source-port,NONE,WATCH,NEW_WATCH
2026-09-01T01:21:44.141168+00:00,SCHW,SP500,2026-08-31,109.81999969482422,WATCH,1,NONE,Bull Trend,Neutral,Waiting,,87.38,88.68,,,,,Charles Schwab Corporation,Financials,,1.8.5-source-port,NONE,WATCH,NEW_WATCH
2026-09-01T01:21:44.141168+00:00,SJM,SP500,2026-08-31,131.16000366210938,WATCH,1,NONE,Bull Trend,Neutral,Waiting,,114.57,116.15,,,,,J.M. Smucker Company (The),Consumer Staples,,1.8.5-source-port,NONE,WATCH,NEW_WATCH
2026-09-01T01:21:44.141168+00:00,SOLV,SP500,2026-08-31,91.05999755859375,WATCH,1,NONE,Bull Trend,Neutral,Waiting,,82.25,89.75,,,,,Solventum,Health Care,,1.8.5-source-port,NONE,WATCH,NEW_WATCH
2026-09-01T01:21:44.141168+00:00,SPG,SP500,2026-08-31,212.32000732421875,WATCH,1,NONE,Bearish Zhongshu,Neutral,Bear Micro BOS,,224.22,231.53,,,,,Simon Property Group,Real Estate,,1.8.5-source-port,NONE,WATCH,NEW_WATCH
2026-09-01T01:21:44.141168+00:00,SPGI,SP500,2026-08-31,435.8399963378906,WATCH,1,NONE,Bullish Zhongshu,Neutral,Waiting,,405.09,406.76,,,,,S&P Global,Financials,,1.8.5-source-port,NONE,WATCH,NEW_WATCH
2026-09-01T01:21:44.141168+00:00,SRE,SP500,2026-08-31,81.69999694824219,WATCH,1,NONE,Bear Trend,Neutral,Waiting,,86.48,87.26,,,,,Sempra,Utilities,,1.8.5-source-port,NONE,WATCH,NEW_WATCH
2026-09-01T01:21:44.141168+00:00,STE,SP500,2026-08-31,232.63999938964844,WATCH,1,NONE,Bull Trend,Neutral,Waiting,,214.54,222.54,,,,,Steris,Health Care,,1.8.5-source-port,NONE,WATCH,NEW_WATCH
2026-09-01T01:21:44.141168+00:00,STT,SP500,2026-08-31,191.3800048828125,WATCH,1,NONE,Bull Trend,Neutral,Waiting,,175.5,188.85,,,,,State Street Corporation,Financials,,1.8.5-source-port,NONE,WATCH,NEW_WATCH
2026-09-01T01:21:44.141168+00:00,STX,SP500,2026-08-31,828.3800048828125,WATCH,1,NONE,Bull Trend,Neutral,Waiting,,880.01,906.3,,,,,Seagate Technology,Information Technology,,1.8.5-source-port,NONE,WATCH,NEW_WATCH
2026-09-01T01:21:44.141168+00:00,STZ,SP500,2026-08-31,130.6199951171875,WATCH,1,NONE,Neutral Zhongshu,Neutral,Waiting,,127.67,133.45,,,,,Constellation Brands,Consumer Staples,,1.8.5-source-port,NONE,WATCH,NEW_WATCH
2026-09-01T01:21:44.141168+00:00,SWK,SP500,2026-08-31,96.37000274658203,WATCH,1,NONE,Bearish Zhongshu,Neutral,Bear Micro BOS,,97.05,100.85,,,,,Stanley Black & Decker,Industrials,,1.8.5-source-port,NONE,WATCH,NEW_WATCH
2026-09-01T01:21:44.141168+00:00,SWKS,SP500,2026-08-31,67.01000213623047,WATCH,1,NONE,Bull Trend,Neutral,Waiting,,64.8,65.52,,,,,Skyworks Solutions,Information Technology,,1.8.5-source-port,NONE,WATCH,NEW_WATCH
2026-09-01T01:21:44.141168+00:00,TAP,SP500,2026-08-31,39.7599983215332,WATCH,1,NONE,Bull Trend,Distribution,Bear Micro BOS,,40.82,42.56,,,,,Molson Coors Beverage Company,Consumer Staples,,1.8.5-source-port,NONE,WATCH,NEW_WATCH
2026-09-01T01:21:44.141168+00:00,TDG,SP500,2026-08-31,1171.739990234375,WATCH,1,NONE,Bear Trend,Neutral,Bear Micro BOS,,1212.69,1225.97,,,,,TransDigm Group,Industrials,,1.8.5-source-port,NONE,WATCH,NEW_WATCH
2026-09-01T01:21:44.141168+00:00,TECH,SP500,2026-08-31,72.30999755859375,WATCH,1,NONE,Bullish Zhongshu,Neutral,Waiting,,50.88,52.07,,,,,Bio-Techne,Health Care,,1.8.5-source-port,NONE,WATCH,NEW_WATCH
2026-09-01T01:21:44.141168+00:00,TEL,SP500,2026-08-31,205.25,WATCH,1,NONE,Bullish Zhongshu,Neutral,Waiting,,200.33,203.5,,,,,TE Connectivity,Information Technology,,1.8.5-source-port,NONE,WATCH,NEW_WATCH
2026-09-01T01:21:44.141168+00:00,TER,SP500,2026-08-31,349.8299865722656,WATCH,1,NONE,Bearish Zhongshu,Neutral,Waiting,,364.26,365.0,,,,,Teradyne,Information Technology,,1.8.5-source-port,NONE,WATCH,NEW_WATCH
2026-09-01T01:21:44.141168+00:00,TJX,SP500,2026-08-31,133.91000366210938,WATCH,1,NONE,Bearish Zhongshu,Neutral,Bear Micro BOS,,154.81,155.25,,,,,TJX Companies,Consumer Discretionary,,1.8.5-source-port,NONE,WATCH,NEW_WATCH
2026-09-01T01:21:44.141168+00:00,TMO,SP500,2026-08-31,617.0999755859375,WATCH,1,NONE,Bull Trend,Neutral,Waiting,,562.5,588.56,,,,,Thermo Fisher Scientific,Health Care,,1.8.5-source-port,NONE,WATCH,NEW_WATCH
2026-09-01T01:21:44.141168+00:00,TMUS,SP500,2026-08-31,180.44000244140625,WATCH,1,NONE,Bullish Zhongshu,Neutral,Waiting,,175.21,179.34,,,,,T-Mobile US,Communication Services,,1.8.5-source-port,NONE,WATCH,NEW_WATCH
2026-09-01T01:21:44.141168+00:00,TPL,SP500,2026-08-31,374.3399963378906,WATCH,1,NONE,Bearish Zhongshu,Neutral,Waiting,,390.0,396.78,,,,,Texas Pacific Land Corporation,Energy,,1.8.5-source-port,NONE,WATCH,NEW_WATCH
2026-09-01T01:21:44.141168+00:00,TPR,SP500,2026-08-31,123.38999938964844,WATCH,1,NONE,Bear Trend,Neutral,Bear Micro BOS,,142.89,143.86,,,,,"Tapestry, Inc.",Consumer Discretionary,,1.8.5-source-port,NONE,WATCH,NEW_WATCH
2026-09-01T01:21:44.141168+00:00,TRGP,SP500,2026-08-31,293.6499938964844,WATCH,1,NONE,Bull Trend,Neutral,Waiting,,259.44,266.89,,,,,Targa Resources,Energy,,1.8.5-source-port,NONE,WATCH,NEW_WATCH
2026-09-01T01:21:44.141168+00:00,TRMB,SP500,2026-08-31,59.939998626708984,WATCH,1,NONE,Bull Trend,Neutral,Waiting,,52.8,53.57,,,,,Trimble Inc.,Information Technology,,1.8.5-source-port,NONE,WATCH,NEW_WATCH
2026-09-01T01:21:44.141168+00:00,TROW,SP500,2026-08-31,111.27999877929688,WATCH,1,NONE,Bear Trend,Neutral,Waiting,,113.06,113.49,,,,,T. Rowe Price,Financials,,1.8.5-source-port,NONE,WATCH,NEW_WATCH
2026-09-01T01:21:44.141168+00:00,TRV,SP500,2026-08-31,365.92999267578125,WATCH,1,NONE,Bear Trend,Neutral,Waiting,,370.15,373.55,,,,,Travelers Companies (The),Financials,,1.8.5-source-port,NONE,WATCH,NEW_WATCH
2026-09-01T01:21:44.141168+00:00,TSCO,SP500,2026-08-31,34.900001525878906,WATCH,1,NONE,Bull Trend,Neutral,Waiting,,29.22,31.12,,,,,Tractor Supply,Consumer Discretionary,,1.8.5-source-port,NONE,WATCH,NEW_WATCH
2026-09-01T01:21:44.141168+00:00,TSLA,SP500,2026-08-31,367.95001220703125,WATCH,1,NONE,Bullish Zhongshu,Accum Watch,Bull Micro BOS,,345.2,366.5,,,,,"Tesla, Inc.",Consumer Discretionary,,1.8.5-source-port,NONE,WATCH,NEW_WATCH
2026-09-01T01:21:44.141168+00:00,TSN,SP500,2026-08-31,55.13999938964844,WATCH,1,NONE,Bear Trend,Neutral,Bear Micro BOS,,57.28,58.98,,,,,Tyson Foods,Consumer Staples,,1.8.5-source-port,NONE,WATCH,NEW_WATCH
2026-09-01T01:21:44.141168+00:00,TT,SP500,2026-08-31,444.3999938964844,WATCH,1,NONE,Bear Trend,Neutral,Bear Micro BOS,,468.98,488.56,,,,,Trane Technologies,Industrials,,1.8.5-source-port,NONE,WATCH,NEW_WATCH
2026-09-01T01:21:44.141168+00:00,TTD,SP500,2026-08-31,13.720000267028809,WATCH,1,NONE,Neutral Zhongshu,Neutral,Waiting,,13.14,14.7,,,,,Trade Desk (The),Communication Services,,1.8.5-source-port,NONE,WATCH,NEW_WATCH
2026-09-01T01:21:44.141168+00:00,TTWO,SP500,2026-08-31,219.6999969482422,WATCH,1,NONE,Bearish Zhongshu,Neutral,Bear Micro BOS,,236.24,241.29,,,,,Take-Two Interactive,Communication Services,,1.8.5-source-port,NONE,WATCH,NEW_WATCH
2026-09-01T01:21:44.141168+00:00,TXN,SP500,2026-08-31,260.9100036621094,WATCH,1,NONE,Bear Trend,Neutral,Waiting,,282.73,284.92,,,,,Texas Instruments,Information Technology,,1.8.5-source-port,NONE,WATCH,NEW_WATCH
2026-09-01T01:21:44.141168+00:00,TXT,SP500,2026-08-31,80.55999755859375,WATCH,1,NONE,Bear Trend,Neutral,Bear Micro BOS,,88.25,90.25,,,,,Textron,Industrials,,1.8.5-source-port,NONE,WATCH,NEW_WATCH
2026-09-01T01:21:44.141168+00:00,UAL,SP500,2026-08-31,107.98999786376953,WATCH,1,NONE,Bear Trend,Neutral,Bear Micro BOS,,114.04,117.96,,,,,United Airlines Holdings,Industrials,,1.8.5-source-port,NONE,WATCH,NEW_WATCH
2026-09-01T01:21:44.141168+00:00,UDR,SP500,2026-08-31,36.95000076293945,WATCH,1,NONE,Bear Trend,Neutral,Bear Micro BOS,,37.5,37.97,,,,,"UDR, Inc.",Real Estate,,1.8.5-source-port,NONE,WATCH,NEW_WATCH
2026-09-01T01:21:44.141168+00:00,UHS,SP500,2026-08-31,170.3300018310547,WATCH,1,NONE,Bull Trend,Neutral,Bear Micro BOS,,164.9,176.03,,,,,Universal Health Services,Health Care,,1.8.5-source-port,NONE,WATCH,NEW_WATCH
2026-09-01T01:21:44.141168+00:00,UNH,SP500,2026-08-31,389.4100036621094,WATCH,1,NONE,Bear Trend,Neutral,Waiting,,414.37,434.3,,,,,UnitedHealth Group,Health Care,,1.8.5-source-port,NONE,WATCH,NEW_WATCH
2026-09-01T01:21:44.141168+00:00,UNP,SP500,2026-08-31,300.6700134277344,WATCH,1,NONE,Bullish Zhongshu,Neutral,Waiting,,284.79,298.15,,,,,Union Pacific Corporation,Industrials,,1.8.5-source-port,NONE,WATCH,NEW_WATCH
2026-09-01T01:21:44.141168+00:00,UPS,SP500,2026-08-31,104.2300033569336,WATCH,1,NONE,Bull Trend,Neutral,Waiting,,101.57,104.15,,,,,United Parcel Service,Industrials,,1.8.5-source-port,NONE,WATCH,NEW_WATCH
2026-09-01T01:21:44.141168+00:00,URI,SP500,2026-08-31,1038.0,WATCH,1,NONE,Bull Trend,Neutral,Waiting,,1083.05,1104.09,,,,,United Rentals,Industrials,,1.8.5-source-port,NONE,WATCH,NEW_WATCH
2026-09-01T01:21:44.141168+00:00,USB,SP500,2026-08-31,61.58000183105469,WATCH,1,NONE,Bear Trend,Neutral,Waiting,,62.34,62.98,,,,,U.S. Bancorp,Financials,,1.8.5-source-port,NONE,WATCH,NEW_WATCH
2026-09-01T01:21:44.141168+00:00,V,SP500,2026-08-31,379.3699951171875,WATCH,1,NONE,Bull Trend,Neutral,Waiting,,359.42,364.34,,,,,Visa Inc.,Financials,,1.8.5-source-port,NONE,WATCH,NEW_WATCH
2026-09-01T01:21:44.141168+00:00,VEEV,SP500,2026-08-31,285.69000244140625,WATCH,1,NONE,Bull Trend,Neutral,Waiting,,188.43,191.97,,,,,Veeva Systems,Health Care,,1.8.5-source-port,NONE,WATCH,NEW_WATCH
2026-09-01T01:21:44.141168+00:00,VICI,SP500,2026-08-31,25.649999618530273,WATCH,1,NONE,Bear Trend,Neutral,Bear Micro BOS,,26.56,26.82,,,,,Vici Properties,Real Estate,,1.8.5-source-port,NONE,WATCH,NEW_WATCH
2026-09-01T01:21:44.141168+00:00,VLO,SP500,2026-08-31,358.9200134277344,WATCH,1,NONE,Bull Trend,Neutral,Waiting,,293.08,315.0,,,,,Valero Energy,Energy,,1.8.5-source-port,NONE,WATCH,NEW_WATCH
2026-09-01T01:21:44.141168+00:00,VLTO,SP500,2026-08-31,98.56999969482422,WATCH,1,NONE,Bearish Zhongshu,Neutral,Waiting,,97.33,101.0,,,,,Veralto,Industrials,,1.8.5-source-port,NONE,WATCH,NEW_WATCH
2026-09-01T01:21:44.141168+00:00,VMRK,SP500,2026-08-31,65.13999938964844,WATCH,1,NONE,Bearish Zhongshu,Neutral,Waiting,,68.1,68.32,,,,,Vivmark Residential,Real Estate,,1.8.5-source-port,NONE,WATCH,NEW_WATCH
2026-09-01T01:21:44.141168+00:00,VRSK,SP500,2026-08-31,193.77999877929688,WATCH,1,NONE,Bear Trend,Neutral,Waiting,,187.63,194.79,,,,,Verisk Analytics,Industrials,,1.8.5-source-port,NONE,WATCH,NEW_WATCH
2026-09-01T01:21:44.141168+00:00,VRT,SP500,2026-08-31,258.7200012207031,WATCH,1,NONE,Bearish Zhongshu,Neutral,Waiting,,272.93,286.36,,,,,Vertiv,Industrials,,1.8.5-source-port,NONE,WATCH,NEW_WATCH
2026-09-01T01:21:44.141168+00:00,VST,SP500,2026-08-31,137.3699951171875,WATCH,1,NONE,Bear Trend,Neutral,Waiting,,148.5,156.99,,,,,Vistra Corp.,Utilities,,1.8.5-source-port,NONE,WATCH,NEW_WATCH
2026-09-01T01:21:44.141168+00:00,VTR,SP500,2026-08-31,91.16999816894531,WATCH,1,NONE,Bear Trend,Neutral,Waiting,,91.75,92.35,,,,,Ventas,Real Estate,,1.8.5-source-port,NONE,WATCH,NEW_WATCH
2026-09-01T01:21:44.141168+00:00,VZ,SP500,2026-08-31,50.02000045776367,WATCH,1,NONE,Bull Trend,Neutral,Waiting,,45.09,45.81,,,,,Verizon,Communication Services,,1.8.5-source-port,NONE,WATCH,NEW_WATCH
2026-09-01T01:21:44.141168+00:00,WBD,SP500,2026-08-31,28.530000686645508,WATCH,1,NONE,Bullish Zhongshu,Neutral,Waiting,,26.0,26.53,,,,,Warner Bros. Discovery,Communication Services,,1.8.5-source-port,NONE,WATCH,NEW_WATCH
2026-09-01T01:21:44.141168+00:00,WDAY,SP500,2026-08-31,197.4499969482422,WATCH,1,NONE,Bull Trend,Neutral,Waiting,,127.11,127.84,,,,,"Workday, Inc.",Information Technology,,1.8.5-source-port,NONE,WATCH,NEW_WATCH
2026-09-01T01:21:44.141168+00:00,WDC,SP500,2026-08-31,450.54998779296875,WATCH,1,NONE,Bear Trend,Neutral,Waiting,,510.37,564.66,,,,,Western Digital,Information Technology,,1.8.5-source-port,NONE,WATCH,NEW_WATCH
2026-09-01T01:21:44.141168+00:00,WELL,SP500,2026-08-31,236.24000549316406,WATCH,1,NONE,Bear Trend,Neutral,Waiting,,231.45,238.21,,,,,Welltower,Real Estate,,1.8.5-source-port,NONE,WATCH,NEW_WATCH
2026-09-01T01:21:44.141168+00:00,WFC,SP500,2026-08-31,86.38999938964844,WATCH,1,NONE,Bull Trend,Neutral,Bull Micro BOS,,84.61,86.58,,,,,Wells Fargo,Financials,,1.8.5-source-port,NONE,WATCH,NEW_WATCH
2026-09-01T01:21:44.141168+00:00,WMB,SP500,2026-08-31,75.05000305175781,WATCH,1,NONE,Bear Trend,Neutral,Waiting,,72.76,75.88,,,,,Williams Companies,Energy,,1.8.5-source-port,NONE,WATCH,NEW_WATCH
2026-09-01T01:21:44.141168+00:00,WMT,SP500,2026-08-31,104.87000274658203,WATCH,1,NONE,Bear Trend,Neutral,Waiting,,112.46,113.02,,,,,Walmart,Consumer Staples,,1.8.5-source-port,NONE,WATCH,NEW_WATCH
2026-09-01T01:21:44.141168+00:00,WRB,SP500,2026-08-31,67.55999755859375,WATCH,1,NONE,Bear Trend,Neutral,Bear Micro BOS,,69.31,71.38,,,,,W. R. Berkley Corporation,Financials,,1.8.5-source-port,NONE,WATCH,NEW_WATCH
2026-09-01T01:21:44.141168+00:00,WTW,SP500,2026-08-31,338.54998779296875,WATCH,1,NONE,Bull Trend,Neutral,Waiting,,325.66,345.52,,,,,Willis Towers Watson,Financials,,1.8.5-source-port,NONE,WATCH,NEW_WATCH
2026-09-01T01:21:44.141168+00:00,XYL,SP500,2026-08-31,110.11000061035156,WATCH,1,NONE,Bear Trend,Neutral,Bear Micro BOS,,114.38,115.24,,,,,Xylem Inc.,Industrials,,1.8.5-source-port,NONE,WATCH,NEW_WATCH
2026-09-01T01:21:44.141168+00:00,XYZ,SP500,2026-08-31,82.0199966430664,WATCH,1,NONE,Bull Trend,Neutral,Waiting,,77.23,77.62,,,,,"Block, Inc.",Financials,,1.8.5-source-port,NONE,WATCH,NEW_WATCH
2026-09-01T01:21:44.141168+00:00,YUM,SP500,2026-08-31,153.30999755859375,WATCH,1,NONE,Bear Trend,Neutral,Waiting,,150.77,151.41,,,,,Yum! Brands,Consumer Discretionary,,1.8.5-source-port,NONE,WATCH,NEW_WATCH
2026-09-01T01:21:44.141168+00:00,ZBRA,SP500,2026-08-31,353.54998779296875,WATCH,1,NONE,Bearish Zhongshu,Neutral,Waiting,,350.36,367.18,,,,,Zebra Technologies,Information Technology,,1.8.5-source-port,NONE,WATCH,NEW_WATCH
2026-09-01T14:02:17.319699+00:00,600309,HS300,2026-09-01,77.02,ENTRY,3,3B,Bullish Zhongshu,Neutral,Bull Micro BOS,LONG,72.48,75.43,77.02,75.38,80.31,81.95,万华化学,nan,,1.8.5-source-port,READY,ENTRY,READY_TO_ENTRY
2026-09-01T14:02:17.319699+00:00,601288,HS300,2026-09-01,7.05,ENTRY,3,3B,Bullish Zhongshu,Neutral,Bull Micro BOS,LONG,6.41,6.85,7.05,6.84,7.46,7.67,农业银行,nan,,1.8.5-source-port,READY,ENTRY,READY_TO_ENTRY
2026-09-01T14:02:17.319699+00:00,000425,HS300,2026-09-01,8.24,ENTRY,3,BRK,Bullish Zhongshu,Neutral,Bull Micro BOS,LONG,7.82,8.12,8.24,7.95,8.82,9.11,徐工机械,nan,,1.8.5-source-port,WATCH,ENTRY,WATCH_TO_ENTRY
2026-09-01T14:02:17.319699+00:00,302132,HS300,2026-09-01,60.76,ENTRY,3,BRK,Bullish Zhongshu,Neutral,Bull Micro BOS,LONG,56.85,59.6,60.76,58.81,64.66,66.61,中航成飞,nan,,1.8.5-source-port,WATCH,ENTRY,WATCH_TO_ENTRY
2026-09-01T14:02:17.319699+00:00,600000,HS300,2026-09-01,9.35,ENTRY,3,BRK,Bullish Zhongshu,Neutral,Bull Micro BOS,LONG,9.14,9.28,9.35,9.05,9.94,10.24,浦发银行,nan,,1.8.5-source-port,READY,ENTRY,READY_TO_ENTRY
2026-09-01T14:02:17.319699+00:00,600018,HS300,2026-09-01,5.55,ENTRY,3,BRK,Bullish Zhongshu,Neutral,Bull Micro BOS,LONG,5.05,5.29,5.55,5.22,6.21,6.54,上港集团,nan,,1.8.5-source-port,WATCH,ENTRY,WATCH_TO_ENTRY
2026-09-01T14:02:17.319699+00:00,600741,HS300,2026-09-01,15.72,ENTRY,3,BRK,Bullish Zhongshu,Neutral,Bull Micro BOS,LONG,15.18,15.55,15.72,15.34,16.48,16.86,华域汽车,nan,,1.8.5-source-port,READY,ENTRY,READY_TO_ENTRY
2026-09-01T14:02:17.319699+00:00,600926,HS300,2026-09-01,17.07,ENTRY,3,BRK,Bull Trend,Neutral,Bull Micro BOS,LONG,16.53,16.54,17.07,16.47,18.27,18.88,杭州银行,nan,,1.8.5-source-port,READY,ENTRY,READY_TO_ENTRY
2026-09-01T14:02:17.319699+00:00,601318,HS300,2026-09-01,57.23,ENTRY,3,BRK,Bull Trend,Neutral,Bull Micro BOS,LONG,51.17,55.8,57.23,55.15,61.38,63.46,中国平安,nan,,1.8.5-source-port,WATCH,ENTRY,WATCH_TO_ENTRY
2026-09-01T14:02:17.319699+00:00,601601,HS300,2026-09-01,33.07,ENTRY,3,BRK,Bullish Zhongshu,Neutral,Bull Micro BOS,LONG,31.8,32.17,33.07,31.56,36.09,37.61,中国太保,nan,,1.8.5-source-port,READY,ENTRY,READY_TO_ENTRY
2026-09-01T14:02:17.319699+00:00,600066,HS300,2026-09-01,30.54,READY,2,3B,Bullish Zhongshu,Neutral,Waiting,LONG,29.58,30.24,,,,,宇通客车,nan,,1.8.5-source-port,WATCH,READY,WATCH_TO_READY
2026-09-01T14:02:17.319699+00:00,600183,HS300,2026-09-01,144.42,READY,2,3B,Bullish Zhongshu,Neutral,Waiting,LONG,126.0,143.48,,,,,生益科技,nan,,1.8.5-source-port,ENTRY,READY,ENTRY_TO_READY
2026-09-01T14:02:17.319699+00:00,600958,HS300,2026-09-01,9.25,READY,2,3B,Bullish Zhongshu,Neutral,Waiting,LONG,9.0,9.2,,,,,东方证券,nan,,1.8.5-source-port,WATCH,READY,WATCH_TO_READY
2026-09-01T14:02:17.319699+00:00,601878,HS300,2026-09-01,9.48,READY,2,3B,Bear Trend,Neutral,Waiting,LONG,9.28,9.39,,,,,浙商证券,nan,,1.8.5-source-port,NONE,READY,NEW_READY
2026-09-01T14:02:17.319699+00:00,002558,HS300,2026-09-01,26.95,READY,2,2S,Neutral Zhongshu,Neutral,Waiting,SHORT,25.74,27.72,,,,,巨人网络,nan,,1.8.5-source-port,WATCH,READY,WATCH_TO_READY
2026-09-01T14:02:17.319699+00:00,300033,HS300,2026-09-01,227.03,READY,2,2S,Bull Trend,Neutral,Waiting,SHORT,230.41,231.45,,,,,同花顺,nan,,1.8.5-source-port,WATCH,READY,WATCH_TO_READY
2026-09-01T14:02:17.319699+00:00,601138,HS300,2026-09-01,62.94,READY,2,2S,Bull Trend,Neutral,Waiting,SHORT,58.75,60.84,,,,,工业富联,nan,,1.8.5-source-port,WATCH,READY,WATCH_TO_READY
2026-09-01T14:02:17.319699+00:00,002422,HS300,2026-09-01,40.83,WATCH,1,NONE,Bearish Zhongshu,Neutral,Waiting,,41.0,48.18,,,,,科伦药业,nan,,1.8.5-source-port,READY,WATCH,READY_TO_WATCH
2026-09-01T14:02:17.319699+00:00,002600,HS300,2026-09-01,12.52,WATCH,1,NONE,Bearish Zhongshu,Neutral,Waiting,,12.48,13.06,,,,,领益智造,nan,,1.8.5-source-port,ENTRY,WATCH,ENTRY_TO_WATCH
2026-09-01T14:02:17.319699+00:00,003816,HS300,2026-09-01,4.31,WATCH,1,NONE,Bullish Zhongshu,Neutral,Bull Micro BOS,,4.04,4.2,,,,,中国广核,nan,,1.8.5-source-port,ENTRY,WATCH,ENTRY_TO_WATCH
2026-09-01T14:02:17.319699+00:00,600010,HS300,2026-09-01,2.27,WATCH,1,NONE,Bearish Zhongshu,Neutral,Waiting,,2.27,2.28,,,,,包钢股份,nan,,1.8.5-source-port,READY,WATCH,READY_TO_WATCH
2026-09-01T14:02:17.319699+00:00,600118,HS300,2026-09-01,59.42,WATCH,1,NONE,Bearish Zhongshu,Neutral,Waiting,,68.67,69.99,,,,,中国卫星,nan,,1.8.5-source-port,NONE,WATCH,NEW_WATCH
2026-09-01T14:02:17.319699+00:00,600188,HS300,2026-09-01,22.48,WATCH,1,NONE,Bullish Zhongshu,Neutral,Waiting,,20.89,22.92,,,,,兖矿能源,nan,,1.8.5-source-port,ENTRY,WATCH,ENTRY_TO_WATCH
2026-09-01T14:02:17.319699+00:00,600482,HS300,2026-09-01,31.91,WATCH,1,NONE,Bearish Zhongshu,Neutral,Waiting,,31.41,33.58,,,,,中国动力,nan,,1.8.5-source-port,ENTRY,WATCH,ENTRY_TO_WATCH
2026-09-01T14:02:17.319699+00:00,600803,HS300,2026-09-01,18.74,WATCH,1,NONE,Bullish Zhongshu,Neutral,Bull Micro BOS,,17.16,17.86,,,,,新奥股份,nan,,1.8.5-source-port,ENTRY,WATCH,ENTRY_TO_WATCH
2026-09-01T14:02:17.319699+00:00,601319,HS300,2026-09-01,7.91,WATCH,1,NONE,Bullish Zhongshu,Neutral,Bull Micro BOS,,7.18,7.27,,,,,中国人保,nan,,1.8.5-source-port,READY,WATCH,READY_TO_WATCH
2026-09-01T14:02:17.319699+00:00,601698,HS300,2026-09-01,24.3,WATCH,1,NONE,Bearish Zhongshu,Neutral,Waiting,,27.02,27.72,,,,,中国卫通,nan,,1.8.5-source-port,NONE,WATCH,NEW_WATCH
2026-09-01T14:02:17.319699+00:00,601728,HS300,2026-09-01,6.47,WATCH,1,NONE,Bullish Zhongshu,Neutral,Waiting,,6.23,6.3,,,,,中国电信,nan,,1.8.5-source-port,READY,WATCH,READY_TO_WATCH
2026-09-01T14:02:17.319699+00:00,603296,HS300,2026-09-01,79.22,WATCH,1,NONE,Bullish Zhongshu,Neutral,Waiting,,76.66,79.98,,,,,华勤技术,nan,,1.8.5-source-port,READY,WATCH,READY_TO_WATCH
2026-09-01T14:02:17.319699+00:00,688082,HS300,2026-09-01,284.81,WATCH,1,NONE,Bearish Zhongshu,Neutral,Waiting,,283.31,338.92,,,,,盛美上海,nan,,1.8.5-source-port,READY,WATCH,READY_TO_WATCH
2026-09-01T14:02:17.319699+00:00,601127,HS300,2026-09-01,50.55,NONE,0,NONE,Bear Trend,Neutral,Waiting,,55.59,63.36,,,,,赛力斯,nan,,1.8.5-source-port,READY,NONE,DROPPED
2026-09-01T14:02:17.319699+00:00,688472,HS300,2026-09-01,8.95,NONE,0,NONE,Bear Trend,Neutral,Waiting,,10.69,10.7,,,,,阿特斯,nan,,1.8.5-source-port,WATCH,NONE,DROPPED
2026-09-02T00:23:24.311812+00:00,EXE,SP500,2026-09-01,99.9800033569336,ENTRY,3,3B,Bull Trend,Neutral,Bull Micro BOS,LONG,92.63,97.38,99.98,97.3,105.33,108.01,Expand Energy,Energy,,1.8.5-source-port,READY,ENTRY,READY_TO_ENTRY,,,,
2026-09-02T00:23:24.311812+00:00,JBL,SP500,2026-09-01,299.1400146484375,ENTRY,3,3S,Bull Trend,Neutral,Bear Micro BOS,SHORT,309.94,331.68,299.14,310.23,276.96,265.87,Jabil,Information Technology,,1.8.5-source-port,READY,ENTRY,READY_TO_ENTRY,,,,
2026-09-02T00:23:24.311812+00:00,SYK,SP500,2026-09-01,317.3999938964844,ENTRY,3,3S,Bear Trend,Neutral,Bear Micro BOS,SHORT,330.16,336.15,317.4,334.37,283.45,266.48,Stryker Corporation,Health Care,,1.8.5-source-port,READY,ENTRY,READY_TO_ENTRY,,,,
2026-09-02T00:23:24.311812+00:00,WST,SP500,2026-09-01,338.6499938964844,ENTRY,3,3S,Bearish Zhongshu,Neutral,Bear Micro BOS,SHORT,343.48,354.96,338.65,345.08,325.79,319.36,West Pharmaceutical Services,Health Care,,1.8.5-source-port,READY,ENTRY,READY_TO_ENTRY,,,,
2026-09-02T00:23:24.311812+00:00,BAX,SP500,2026-09-01,25.479999542236328,ENTRY,3,2S,Bearish Zhongshu,Neutral,Bear Micro BOS,SHORT,25.74,26.75,25.48,27.0,22.45,20.93,Baxter International,Health Care,,1.8.5-source-port,READY,ENTRY,READY_TO_ENTRY,,,,
2026-09-02T00:23:24.311812+00:00,BG,SP500,2026-09-01,121.04000091552734,ENTRY,3,2B,Bullish Zhongshu,Neutral,Bull Micro BOS,LONG,109.82,110.77,121.04,105.34,152.43,168.13,Bunge Global,Consumer Staples,,1.8.5-source-port,READY,ENTRY,READY_TO_ENTRY,,,,
2026-09-02T00:23:24.311812+00:00,CIEN,SP500,2026-09-01,360.3299865722656,ENTRY,3,2S,Bearish Zhongshu,Neutral,Bear Micro BOS,SHORT,417.34,427.0,360.33,426.79,227.41,160.95,Ciena,Information Technology,,1.8.5-source-port,READY,ENTRY,READY_TO_ENTRY,,,,
2026-09-02T00:23:24.311812+00:00,DE,SP500,2026-09-01,676.0800170898438,ENTRY,3,2B,Bear Trend,Neutral,Bull Micro BOS,LONG,597.23,623.28,676.08,611.21,805.83,870.7,Deere & Company,Industrials,,1.8.5-source-port,READY,ENTRY,READY_TO_ENTRY,,,,
2026-09-02T00:23:24.311812+00:00,FAST,SP500,2026-09-01,48.75,ENTRY,3,2S,Bull Trend,Neutral,Bear Micro BOS,SHORT,46.98,48.74,48.75,51.85,42.56,39.46,Fastenal,Industrials,,1.8.5-source-port,WATCH,ENTRY,WATCH_TO_ENTRY,,,,
2026-09-02T00:23:24.311812+00:00,HON,SP500,2026-09-01,209.97999572753906,ENTRY,3,2S,Bear Trend,Neutral,Bear Micro BOS,SHORT,217.45,221.45,209.98,223.15,183.64,170.47,Honeywell Technologies,Industrials,,1.8.5-source-port,READY,ENTRY,READY_TO_ENTRY,,,,
2026-09-02T00:23:24.311812+00:00,LMT,SP500,2026-09-01,544.5,ENTRY,3,2S,Bearish Zhongshu,Neutral,Bear Micro BOS,SHORT,577.0,593.77,544.5,573.93,485.64,456.21,Lockheed Martin,Industrials,,1.8.5-source-port,NONE,ENTRY,NEW_ENTRY,,,,
2026-09-02T00:23:24.311812+00:00,LYV,SP500,2026-09-01,177.1999969482422,ENTRY,3,2S,Bearish Zhongshu,Neutral,Bear Micro BOS,SHORT,181.17,187.2,177.2,190.25,151.1,138.05,Live Nation Entertainment,Communication Services,,1.8.5-source-port,READY,ENTRY,READY_TO_ENTRY,,,,
2026-09-02T00:23:24.311812+00:00,MO,SP500,2026-09-01,69.56999969482422,ENTRY,3,2B,Bear Trend,Neutral,Bull Micro BOS,LONG,71.27,72.66,69.57,66.93,74.85,77.49,Altria,Consumer Staples,,1.8.5-source-port,READY,ENTRY,READY_TO_ENTRY,,,,
2026-09-02T00:23:24.311812+00:00,MTD,SP500,2026-09-01,1375.9599609375,ENTRY,3,2S,Bearish Zhongshu,Neutral,Bear Micro BOS,SHORT,1377.1,1440.22,1375.96,1450.55,1226.77,1152.18,Mettler Toledo,Health Care,,1.8.5-source-port,READY,ENTRY,READY_TO_ENTRY,,,,
2026-09-02T00:23:24.311812+00:00,NOC,SP500,2026-09-01,532.9099731445312,ENTRY,3,2S,Bearish Zhongshu,Neutral,Bear Micro BOS,SHORT,541.09,552.63,532.91,554.79,489.16,467.28,Northrop Grumman,Industrials,,1.8.5-source-port,WATCH,ENTRY,WATCH_TO_ENTRY,,,,
2026-09-02T00:23:24.311812+00:00,PFG,SP500,2026-09-01,109.36000061035156,ENTRY,3,2S,Bull Trend,Neutral,Bear Micro BOS,SHORT,112.94,114.9,109.36,113.9,100.29,95.75,Principal Financial Group,Financials,,1.8.5-source-port,WATCH,ENTRY,WATCH_TO_ENTRY,,,,
2026-09-02T00:23:24.311812+00:00,PNC,SP500,2026-09-01,237.49000549316406,ENTRY,3,2S,Bearish Zhongshu,Neutral,Bear Micro BOS,SHORT,246.61,254.46,237.49,247.92,216.63,206.2,PNC Financial Services,Financials,,1.8.5-source-port,READY,ENTRY,READY_TO_ENTRY,,,,
2026-09-02T00:23:24.311812+00:00,AMP,SP500,2026-09-01,542.6400146484375,ENTRY,3,BRK_SHORT,Bearish Zhongshu,Neutral,Bear Micro BOS,SHORT,546.66,563.51,542.64,561.74,504.44,485.34,Ameriprise Financial,Financials,,1.8.5-source-port,WATCH,ENTRY,WATCH_TO_ENTRY,,,,
2026-09-02T00:23:24.311812+00:00,BEN,SP500,2026-09-01,33.099998474121094,ENTRY,3,BRK_SHORT,Bearish Zhongshu,Neutral,Bear Micro BOS,SHORT,33.25,34.54,33.1,34.24,30.82,29.69,Franklin Resources,Financials,,1.8.5-source-port,WATCH,ENTRY,WATCH_TO_ENTRY,,,,
2026-09-02T00:23:24.311812+00:00,BX,SP500,2026-09-01,136.66000366210938,ENTRY,3,BRK_SHORT,Bearish Zhongshu,Neutral,Bear Micro BOS,SHORT,141.05,145.77,136.66,142.26,125.47,119.87,Blackstone Inc.,Financials,,1.8.5-source-port,WATCH,ENTRY,WATCH_TO_ENTRY,,,,
2026-09-02T00:23:24.311812+00:00,CPT,SP500,2026-09-01,105.95999908447266,ENTRY,3,BRK_SHORT,Bear Trend,Neutral,Bear Micro BOS,SHORT,107.23,109.39,105.96,107.77,102.33,100.52,Camden Property Trust,Real Estate,,1.8.5-source-port,WATCH,ENTRY,WATCH_TO_ENTRY,,,,
2026-09-02T00:23:24.311812+00:00,CRH,SP500,2026-09-01,91.19999694824219,ENTRY,3,BRK_SHORT,Bear Trend,Neutral,Bear Micro BOS,SHORT,93.74,98.19,91.2,94.95,83.71,79.96,CRH plc,Materials,,1.8.5-source-port,WATCH,ENTRY,WATCH_TO_ENTRY,,,,
2026-09-02T00:23:24.311812+00:00,CSX,SP500,2026-09-01,48.70000076293945,ENTRY,3,BRK_SHORT,Bearish Zhongshu,Neutral,Bear Micro BOS,SHORT,49.42,50.67,48.7,50.76,44.58,42.52,CSX Corporation,Industrials,,1.8.5-source-port,READY,ENTRY,READY_TO_ENTRY,,,,
2026-09-02T00:23:24.311812+00:00,DLR,SP500,2026-09-01,183.27000427246094,ENTRY,3,BRK_SHORT,Bearish Zhongshu,Neutral,Bear Micro BOS,SHORT,185.16,201.56,183.27,188.6,172.61,167.27,Digital Realty,Real Estate,,1.8.5-source-port,WATCH,ENTRY,WATCH_TO_ENTRY,,,,
2026-09-02T00:23:24.311812+00:00,FOXA,SP500,2026-09-01,65.93000030517578,ENTRY,3,BRK_SHORT,Bull Trend,Neutral,Bear Micro BOS,SHORT,66.98,69.18,65.93,68.13,61.52,59.32,Fox Corporation (Class A),Communication Services,,1.8.5-source-port,READY,ENTRY,READY_TO_ENTRY,,,,
2026-09-02T00:23:24.311812+00:00,GOOGL,SP500,2026-09-01,335.0199890136719,ENTRY,3,BRK_SHORT,Bull Trend,Neutral,Bear Micro BOS,SHORT,340.88,342.5,335.02,343.44,318.17,309.75,Alphabet Inc. (Class A),Communication Services,,1.8.5-source-port,WATCH,ENTRY,WATCH_TO_ENTRY,,,,
2026-09-02T00:23:24.311812+00:00,IEX,SP500,2026-09-01,222.86000061035156,ENTRY,3,BRK_SHORT,Bull Trend,Distribution,Bear Micro BOS,SHORT,228.58,229.43,222.86,230.1,208.37,201.13,IDEX Corporation,Industrials,,1.8.5-source-port,WATCH,ENTRY,WATCH_TO_ENTRY,,,,
2026-09-02T00:23:24.311812+00:00,JBHT,SP500,2026-09-01,256.4800109863281,ENTRY,3,BRK_SHORT,Bear Trend,Neutral,Bear Micro BOS,SHORT,261.28,266.11,256.48,267.48,234.48,223.49,J.B. Hunt,Industrials,,1.8.5-source-port,WATCH,ENTRY,WATCH_TO_ENTRY,,,,
2026-09-02T00:23:24.311812+00:00,KMB,SP500,2026-09-01,107.08000183105469,ENTRY,3,BRK_SHORT,Bull Trend,Neutral,Bear Micro BOS,SHORT,108.07,109.6,107.08,109.6,102.03,99.51,Kimberly-Clark,Consumer Staples,,1.8.5-source-port,WATCH,ENTRY,WATCH_TO_ENTRY,,,,
2026-09-02T00:23:24.311812+00:00,MAS,SP500,2026-09-01,70.25,ENTRY,3,BRK_SHORT,Bearish Zhongshu,Neutral,Bear Micro BOS,SHORT,72.26,74.54,70.25,72.86,65.04,62.43,Masco,Industrials,,1.8.5-source-port,WATCH,ENTRY,WATCH_TO_ENTRY,,,,
2026-09-02T00:23:24.311812+00:00,MCHP,SP500,2026-09-01,71.41000366210938,ENTRY,3,BRK_SHORT,Bearish Zhongshu,Neutral,Bear Micro BOS,SHORT,72.77,75.58,71.41,73.59,67.06,64.88,Microchip Technology,Information Technology,,1.8.5-source-port,READY,ENTRY,READY_TO_ENTRY,,,,
2026-09-02T00:23:24.311812+00:00,PPG,SP500,2026-09-01,109.69999694824219,ENTRY,3,BRK_SHORT,Bear Trend,Neutral,Bear Micro BOS,SHORT,112.31,115.98,109.7,113.0,103.1,99.81,PPG Industries,Materials,,1.8.5-source-port,NONE,ENTRY,NEW_ENTRY,,,,
2026-09-02T00:23:24.311812+00:00,SWK,SP500,2026-09-01,94.51000213623047,ENTRY,3,BRK_SHORT,Bearish Zhongshu,Neutral,Bear Micro BOS,SHORT,97.05,100.85,94.51,98.53,86.46,82.44,Stanley Black & Decker,Industrials,,1.8.5-source-port,WATCH,ENTRY,WATCH_TO_ENTRY,,,,
2026-09-02T00:23:24.311812+00:00,ZBRA,SP500,2026-09-01,343.70001220703125,ENTRY,3,BRK_SHORT,Bearish Zhongshu,Neutral,Bear Micro BOS,SHORT,350.36,367.18,343.7,358.03,315.05,300.72,Zebra Technologies,Information Technology,,1.8.5-source-port,WATCH,ENTRY,WATCH_TO_ENTRY,,,,
2026-09-02T00:23:24.311812+00:00,APD,SP500,2026-09-01,305.32000732421875,READY,2,UTAD,Bull Trend,Distribution,Waiting,SHORT,299.5,308.83,,,,,Air Products,Materials,,1.8.5-source-port,WATCH,READY,WATCH_TO_READY,,,,
2026-09-02T00:23:24.311812+00:00,AME,SP500,2026-09-01,231.32000732421875,READY,2,3S,Bull Trend,Neutral,Bear Micro BOS,SHORT,237.4,244.71,,,,,Ametek,Industrials,,1.8.5-source-port,ENTRY,READY,ENTRY_TO_READY,,,,
2026-09-02T00:23:24.311812+00:00,AOS,SP500,2026-09-01,58.4900016784668,READY,2,3S,Bearish Zhongshu,Neutral,Bear Micro BOS,SHORT,60.56,61.33,,,,,A. O. Smith,Industrials,,1.8.5-source-port,ENTRY,READY,ENTRY_TO_READY,,,,
2026-09-02T00:23:24.311812+00:00,APTV,SP500,2026-09-01,44.849998474121094,READY,2,3S,Bear Trend,Neutral,Waiting,SHORT,46.16,50.51,,,,,Aptiv,Consumer Discretionary,,1.8.5-source-port,WATCH,READY,WATCH_TO_READY,,,,
2026-09-02T00:23:24.311812+00:00,AXON,SP500,2026-09-01,518.2999877929688,READY,2,3S,Bearish Zhongshu,Neutral,Bear Micro BOS,SHORT,594.01,642.68,,,,,Axon Enterprise,Industrials,,1.8.5-source-port,ENTRY,READY,ENTRY_TO_READY,,,,
2026-09-02T00:23:24.311812+00:00,BF-B,SP500,2026-09-01,26.360000610351562,READY,2,3S,Bearish Zhongshu,Neutral,Bear Micro BOS,SHORT,27.12,28.54,,,,,Brown–Forman,Consumer Staples,,1.8.5-source-port,NONE,READY,NEW_READY,,,,
2026-09-02T00:23:24.311812+00:00,BLDR,SP500,2026-09-01,62.790000915527344,READY,2,3S,Bearish Zhongshu,Neutral,Bear Micro BOS,SHORT,67.52,72.72,,,,,Builders FirstSource,Industrials,,1.8.5-source-port,ENTRY,READY,ENTRY_TO_READY,,,,
2026-09-02T00:23:24.311812+00:00,CFG,SP500,2026-09-01,68.16000366210938,READY,2,3S,Bear Trend,Neutral,Bear Micro BOS,SHORT,70.12,71.0,,,,,Citizens Financial Group,Financials,,1.8.5-source-port,ENTRY,READY,ENTRY_TO_READY,,,,
2026-09-02T00:23:24.311812+00:00,DAL,SP500,2026-09-01,76.37999725341797,READY,2,3S,Bearish Zhongshu,Neutral,Bear Micro BOS,SHORT,80.67,84.99,,,,,Delta Air Lines,Industrials,,1.8.5-source-port,ENTRY,READY,ENTRY_TO_READY,,,,
2026-09-02T00:23:24.311812+00:00,EIX,SP500,2026-09-01,58.79999923706055,READY,2,3S,Bearish Zhongshu,Distrib Watch,Waiting,SHORT,72.65,75.9,,,,,Edison International,Utilities,,1.8.5-source-port,ENTRY,READY,ENTRY_TO_READY,,,,
2026-09-02T00:23:24.311812+00:00,EMR,SP500,2026-09-01,147.6300048828125,READY,2,3S,Bearish Zhongshu,Neutral,Bear Micro BOS,SHORT,154.08,158.98,,,,,Emerson Electric,Industrials,,1.8.5-source-port,ENTRY,READY,ENTRY_TO_READY,,,,
2026-09-02T00:23:24.311812+00:00,GE,SP500,2026-09-01,331.0899963378906,READY,2,3S,Bull Trend,Neutral,Bear Micro BOS,SHORT,359.55,366.77,,,,,GE Aerospace,Industrials,,1.8.5-source-port,ENTRY,READY,ENTRY_TO_READY,,,,
2026-09-02T00:23:24.311812+00:00,GOOG,SP500,2026-09-01,332.0299987792969,READY,2,3S,Bull Trend,Neutral,Bear Micro BOS,SHORT,339.82,341.98,,,,,Alphabet Inc. (Class C),Communication Services,,1.8.5-source-port,ENTRY,READY,ENTRY_TO_READY,,,,
2026-09-02T00:23:24.311812+00:00,IP,SP500,2026-09-01,36.459999084472656,READY,2,3S,Bearish Zhongshu,Neutral,Bear Micro BOS,SHORT,39.58,41.65,,,,,International Paper,Materials,,1.8.5-source-port,ENTRY,READY,ENTRY_TO_READY,,,,
2026-09-02T00:23:24.311812+00:00,IR,SP500,2026-09-01,74.63999938964844,READY,2,3S,Bull Trend,Neutral,Bear Micro BOS,SHORT,82.88,83.18,,,,,Ingersoll Rand,Industrials,,1.8.5-source-port,ENTRY,READY,ENTRY_TO_READY,,,,
2026-09-02T00:23:24.311812+00:00,JCI,SP500,2026-09-01,139.25,READY,2,3S,Bull Trend,Neutral,Waiting,SHORT,142.84,147.25,,,,,Johnson Controls,Industrials,,1.8.5-source-port,ENTRY,READY,ENTRY_TO_READY,,,,
2026-09-02T00:23:24.311812+00:00,KEY,SP500,2026-09-01,21.209999084472656,READY,2,3S,Bear Trend,Neutral,Bear Micro BOS,SHORT,22.13,22.24,,,,,KeyCorp,Financials,,1.8.5-source-port,ENTRY,READY,ENTRY_TO_READY,,,,
2026-09-02T00:23:24.311812+00:00,KVUE,SP500,2026-09-01,18.75,READY,2,3S,Bull Trend,Neutral,Waiting,SHORT,18.87,19.02,,,,,Kenvue,Consumer Staples,,1.8.5-source-port,WATCH,READY,WATCH_TO_READY,,,,
2026-09-02T00:23:24.311812+00:00,NRG,SP500,2026-09-01,109.51000213623047,READY,2,3S,Bear Trend,Neutral,Waiting,SHORT,112.5,127.53,,,,,NRG Energy,Utilities,,1.8.5-source-port,ENTRY,READY,ENTRY_TO_READY,,,,
2026-09-02T00:23:24.311812+00:00,PH,SP500,2026-09-01,952.0900268554688,READY,2,3S,Bull Trend,Neutral,Bear Micro BOS,SHORT,991.52,1003.79,,,,,Parker Hannifin,Industrials,,1.8.5-source-port,ENTRY,READY,ENTRY_TO_READY,,,,
2026-09-02T00:23:24.311812+00:00,PKG,SP500,2026-09-01,229.1199951171875,READY,2,3S,Bearish Zhongshu,Neutral,Bear Micro BOS,SHORT,248.66,258.81,,,,,Packaging Corporation of America,Materials,,1.8.5-source-port,NONE,READY,NEW_READY,,,,
2026-09-02T00:23:24.311812+00:00,SYY,SP500,2026-09-01,82.11000061035156,READY,2,3S,Bearish Zhongshu,Distribution,Waiting,SHORT,82.91,84.76,,,,,Sysco,Consumer Staples,,1.8.5-source-port,ENTRY,READY,ENTRY_TO_READY,,,,
2026-09-02T00:23:24.311812+00:00,VLTO,SP500,2026-09-01,97.05000305175781,READY,2,3S,Bearish Zhongshu,Neutral,Waiting,SHORT,97.33,101.0,,,,,Veralto,Industrials,,1.8.5-source-port,WATCH,READY,WATCH_TO_READY,,,,
2026-09-02T00:23:24.311812+00:00,VMC,SP500,2026-09-01,259.69000244140625,READY,2,3S,Bear Trend,Neutral,Bear Micro BOS,SHORT,271.92,281.19,,,,,Vulcan Materials Company,Materials,,1.8.5-source-port,ENTRY,READY,ENTRY_TO_READY,,,,
2026-09-02T00:23:24.311812+00:00,AMZN,SP500,2026-09-01,254.9199981689453,READY,2,2S,Bull Trend,Neutral,Waiting,SHORT,257.73,258.08,,,,,Amazon,Consumer Discretionary,,1.8.5-source-port,WATCH,READY,WATCH_TO_READY,,,,
2026-09-02T00:23:24.311812+00:00,FSLR,SP500,2026-09-01,199.64999389648438,READY,2,2B,Bull Trend,Neutral,Waiting,LONG,221.26,234.45,,,,,First Solar,Information Technology,,1.8.5-source-port,ENTRY,READY,ENTRY_TO_READY,,,,
2026-09-02T00:23:24.311812+00:00,MET,SP500,2026-09-01,94.41999816894531,READY,2,2S,Bullish Zhongshu,Neutral,Waiting,SHORT,93.37,94.28,,,,,MetLife,Financials,,1.8.5-source-port,WATCH,READY,WATCH_TO_READY,,,,
2026-09-02T00:23:24.311812+00:00,ABT,SP500,2026-09-01,108.93000030517578,WATCH,1,NONE,Bull Trend,Neutral,Bear Micro BOS,,104.2,110.04,,,,,Abbott Laboratories,Health Care,,1.8.5-source-port,READY,WATCH,READY_TO_WATCH,,,,
2026-09-02T00:23:24.311812+00:00,AIZ,SP500,2026-09-01,280.7799987792969,WATCH,1,NONE,Neutral Zhongshu,Neutral,Bear Micro BOS,,278.59,284.12,,,,,Assurant,Financials,,1.8.5-source-port,ENTRY,WATCH,ENTRY_TO_WATCH,,,,
2026-09-02T00:23:24.311812+00:00,ATO,SP500,2026-09-01,167.6999969482422,WATCH,1,NONE,Bear Trend,Neutral,Waiting,,166.15,171.69,,,,,Atmos Energy,Utilities,,1.8.5-source-port,READY,WATCH,READY_TO_WATCH,,,,
2026-09-02T00:23:24.311812+00:00,BLK,SP500,2026-09-01,1128.0999755859375,WATCH,1,NONE,Bull Trend,Neutral,Bear Micro BOS,,1126.0,1150.3,,,,,BlackRock,Financials,,1.8.5-source-port,READY,WATCH,READY_TO_WATCH,,,,
2026-09-02T00:23:24.311812+00:00,CBRE,SP500,2026-09-01,144.4600067138672,WATCH,1,NONE,Bull Trend,Neutral,Bear Micro BOS,,150.03,153.08,,,,,CBRE Group,Real Estate,,1.8.5-source-port,ENTRY,WATCH,ENTRY_TO_WATCH,,,,
2026-09-02T00:23:24.311812+00:00,CI,SP500,2026-09-01,283.05999755859375,WATCH,1,NONE,Bull Trend,Neutral,Waiting,,280.56,283.0,,,,,Cigna,Health Care,,1.8.5-source-port,NONE,WATCH,NEW_WATCH,,,,
2026-09-02T00:23:24.311812+00:00,CLX,SP500,2026-09-01,94.97000122070312,WATCH,1,NONE,Bull Trend,Neutral,Bear Micro BOS,,93.35,96.51,,,,,Clorox,Consumer Staples,,1.8.5-source-port,NONE,WATCH,NEW_WATCH,,,,
2026-09-02T00:23:24.311812+00:00,CRM,SP500,2026-09-01,258.1099853515625,WATCH,1,NONE,Bull Trend,Neutral,Waiting,,163.91,172.38,,,,,Salesforce,Information Technology,,1.8.5-source-port,NONE,WATCH,NEW_WATCH,,,,
2026-09-02T00:23:24.311812+00:00,CTVA,SP500,2026-09-01,87.7300033569336,WATCH,1,NONE,Bear Trend,Neutral,Bull Micro BOS,,82.98,84.13,,,,,Corteva,Materials,,1.8.5-source-port,ENTRY,WATCH,ENTRY_TO_WATCH,,,,
2026-09-02T00:23:24.311812+00:00,DD,SP500,2026-09-01,132.11000061035156,WATCH,1,NONE,Bull Trend,Neutral,Bear Micro BOS,,138.75,141.99,,,,,DuPont,Industrials,,1.8.5-source-port,NONE,WATCH,NEW_WATCH,,,,
2026-09-02T00:23:24.311812+00:00,DLTR,SP500,2026-09-01,131.7100067138672,WATCH,1,NONE,Bull Trend,Neutral,Waiting,,127.09,132.1,,,,,Dollar Tree,Consumer Staples,,1.8.5-source-port,READY,WATCH,READY_TO_WATCH,,,,
2026-09-02T00:23:24.311812+00:00,ETN,SP500,2026-09-01,390.7099914550781,WATCH,1,NONE,Bull Trend,Neutral,Bear Micro BOS,,415.15,417.97,,,,,Eaton Corporation,Industrials,,1.8.5-source-port,ENTRY,WATCH,ENTRY_TO_WATCH,,,,
2026-09-02T00:23:24.311812+00:00,FRT,SP500,2026-09-01,117.02999877929688,WATCH,1,NONE,Bear Trend,Neutral,Waiting,,116.95,119.27,,,,,Federal Realty Investment Trust,Real Estate,,1.8.5-source-port,ENTRY,WATCH,ENTRY_TO_WATCH,,,,
2026-09-02T00:23:24.311812+00:00,GRMN,SP500,2026-09-01,275.1700134277344,WATCH,1,NONE,Bull Trend,Neutral,Bear Micro BOS,,240.56,248.91,,,,,Garmin,Consumer Discretionary,,1.8.5-source-port,NONE,WATCH,NEW_WATCH,,,,
2026-09-02T00:23:24.311812+00:00,GS,SP500,2026-09-01,1002.5599975585938,WATCH,1,NONE,Bearish Zhongshu,Neutral,Waiting,,1027.19,1054.63,,,,,Goldman Sachs,Financials,,1.8.5-source-port,NONE,WATCH,NEW_WATCH,,,,
2026-09-02T00:23:24.311812+00:00,HSY,SP500,2026-09-01,176.0,WATCH,1,NONE,Bull Trend,Re-Distribution,Bear Micro BOS,,177.41,183.03,,,,,Hershey Company (The),Consumer Staples,,1.8.5-source-port,NONE,WATCH,NEW_WATCH,,,,
2026-09-02T00:23:24.311812+00:00,INTU,SP500,2026-09-01,344.92999267578125,WATCH,1,NONE,Bull Trend,Neutral,Waiting,,309.05,336.94,,,,,Intuit,Information Technology,,1.8.5-source-port,READY,WATCH,READY_TO_WATCH,,,,
2026-09-02T00:23:24.311812+00:00,IT,SP500,2026-09-01,189.92999267578125,WATCH,1,NONE,Bull Trend,Neutral,Bear Micro BOS,,172.65,194.53,,,,,Gartner,Information Technology,,1.8.5-source-port,READY,WATCH,READY_TO_WATCH,,,,
2026-09-02T00:23:24.311812+00:00,KLAC,SP500,2026-09-01,170.88999938964844,WATCH,1,NONE,Bearish Zhongshu,Neutral,Bear Micro BOS,,210.62,214.56,,,,,KLA Corporation,Information Technology,,1.8.5-source-port,READY,WATCH,READY_TO_WATCH,,,,
2026-09-02T00:23:24.311812+00:00,LVS,SP500,2026-09-01,43.84000015258789,WATCH,1,NONE,Bearish Zhongshu,Neutral,Waiting,,45.06,46.48,,,,,Las Vegas Sands,Consumer Discretionary,,1.8.5-source-port,ENTRY,WATCH,ENTRY_TO_WATCH,,,,
2026-09-02T00:23:24.311812+00:00,MGM,SP500,2026-09-01,40.77000045776367,WATCH,1,NONE,Bear Trend,Neutral,Waiting,,46.16,49.81,,,,,MGM Resorts,Consumer Discretionary,,1.8.5-source-port,NONE,WATCH,NEW_WATCH,,,,
2026-09-02T00:23:24.311812+00:00,MKC,SP500,2026-09-01,54.2599983215332,WATCH,1,NONE,Bull Trend,Neutral,Waiting,,50.49,53.13,,,,,McCormick & Company,Consumer Staples,,1.8.5-source-port,READY,WATCH,READY_TO_WATCH,,,,
2026-09-02T00:23:24.311812+00:00,MOS,SP500,2026-09-01,24.780000686645508,WATCH,1,NONE,Bullish Zhongshu,Neutral,Waiting,,22.09,22.98,,,,,Mosaic Company (The),Materials,,1.8.5-source-port,NONE,WATCH,NEW_WATCH,,,,
2026-09-02T00:23:24.311812+00:00,MSI,SP500,2026-09-01,491.239990234375,WATCH,1,NONE,Bullish Zhongshu,Neutral,Bull Micro BOS,,457.08,490.19,,,,,Motorola Solutions,Information Technology,,1.8.5-source-port,READY,WATCH,READY_TO_WATCH,,,,
2026-09-02T00:23:24.311812+00:00,O,SP500,2026-09-01,61.36000061035156,WATCH,1,NONE,Bearish Zhongshu,Neutral,Bear Micro BOS,,62.82,63.28,,,,,Realty Income,Real Estate,,1.8.5-source-port,NONE,WATCH,NEW_WATCH,,,,
2026-09-02T00:23:24.311812+00:00,ON,SP500,2026-09-01,72.6500015258789,WATCH,1,NONE,Bear Trend,Neutral,Waiting,,83.35,84.84,,,,,ON Semiconductor,Information Technology,,1.8.5-source-port,READY,WATCH,READY_TO_WATCH,,,,
2026-09-02T00:23:24.311812+00:00,PAYX,SP500,2026-09-01,125.63999938964844,WATCH,1,NONE,Bull Trend,Neutral,Waiting,,121.73,124.74,,,,,Paychex,Industrials,,1.8.5-source-port,ENTRY,WATCH,ENTRY_TO_WATCH,,,,
2026-09-02T00:23:24.311812+00:00,PRU,SP500,2026-09-01,117.13999938964844,WATCH,1,NONE,Bull Trend,Neutral,Bear Micro BOS,,103.99,109.62,,,,,Prudential Financial,Financials,,1.8.5-source-port,NONE,WATCH,NEW_WATCH,,,,
2026-09-02T00:23:24.311812+00:00,QCOM,SP500,2026-09-01,166.61000061035156,WATCH,1,NONE,Bull Trend,Neutral,Bull Micro BOS,,156.73,168.87,,,,,Qualcomm,Information Technology,,1.8.5-source-port,ENTRY,WATCH,ENTRY_TO_WATCH,,,,
2026-09-02T00:23:24.311812+00:00,RL,SP500,2026-09-01,340.82000732421875,WATCH,1,NONE,Bearish Zhongshu,Neutral,Bear Micro BOS,,379.61,386.32,,,,,Ralph Lauren Corporation,Consumer Discretionary,,1.8.5-source-port,NONE,WATCH,NEW_WATCH,,,,
2026-09-02T00:23:24.311812+00:00,SBAC,SP500,2026-09-01,188.80999755859375,WATCH,1,NONE,Bull Trend,Neutral,Waiting,,178.82,186.91,,,,,SBA Communications,Real Estate,,1.8.5-source-port,ENTRY,WATCH,ENTRY_TO_WATCH,,,,
2026-09-02T00:23:24.311812+00:00,SNA,SP500,2026-09-01,381.20001220703125,WATCH,1,NONE,Bearish Zhongshu,Neutral,Bear Micro BOS,,396.0,400.63,,,,,Snap-on,Industrials,,1.8.5-source-port,ENTRY,WATCH,ENTRY_TO_WATCH,,,,
2026-09-02T00:23:24.311812+00:00,SNPS,SP500,2026-09-01,414.82000732421875,WATCH,1,NONE,Bullish Zhongshu,Neutral,Waiting,,388.11,425.78,,,,,Synopsys,Information Technology,,1.8.5-source-port,READY,WATCH,READY_TO_WATCH,,,,
2026-09-02T00:23:24.311812+00:00,UBER,SP500,2026-09-01,75.23999786376953,WATCH,1,NONE,Bull Trend,Neutral,Waiting,,73.97,76.3,,,,,Uber,Industrials,,1.8.5-source-port,READY,WATCH,READY_TO_WATCH,,,,
2026-09-02T00:23:24.311812+00:00,WAT,SP500,2026-09-01,405.8399963378906,WATCH,1,NONE,Bull Trend,Neutral,Waiting,,368.92,383.52,,,,,Waters Corporation,Health Care,,1.8.5-source-port,NONE,WATCH,NEW_WATCH,,,,
2026-09-02T00:23:24.311812+00:00,WY,SP500,2026-09-01,23.3799991607666,WATCH,1,NONE,Bearish Zhongshu,Neutral,Waiting,,24.45,24.47,,,,,Weyerhaeuser,Real Estate,,1.8.5-source-port,ENTRY,WATCH,ENTRY_TO_WATCH,,,,
2026-09-02T00:23:24.311812+00:00,XEL,SP500,2026-09-01,75.88999938964844,WATCH,1,NONE,Bearish Zhongshu,Neutral,Waiting,,76.12,77.5,,,,,Xcel Energy,Utilities,,1.8.5-source-port,READY,WATCH,READY_TO_WATCH,,,,
2026-09-02T00:23:24.311812+00:00,ZBH,SP500,2026-09-01,99.4000015258789,WATCH,1,NONE,Bull Trend,Neutral,Waiting,,94.77,97.6,,,,,Zimmer Biomet,Health Care,,1.8.5-source-port,READY,WATCH,READY_TO_WATCH,,,,
2026-09-02T00:23:24.311812+00:00,SHW,SP500,2026-08-31,338.8099975585937,NONE,3,BRK_SHORT,Bearish Zhongshu,Neutral,Bear Micro BOS,SHORT,344.35,352.85,338.81,346.84,322.75,314.71,Sherwin-Williams,Materials,,1.8.5-source-port,ENTRY,NONE,DROPPED,2026-09-01,1.0,3.0,2026-09-01
2026-09-02T00:23:24.311812+00:00,FICO,SP500,2026-08-31,1147.2099609375,NONE,2,3S,Bear Trend,Neutral,Waiting,SHORT,1172.69,1188.8,,,,,Fair Isaac,Information Technology,,1.8.5-source-port,READY,NONE,DROPPED,2026-09-01,1.0,2.0,2026-09-01
2026-09-02T00:23:24.311812+00:00,EG,SP500,2026-08-31,374.6499938964844,NONE,2,2B,Bear Trend,Neutral,Waiting,LONG,364.36,377.74,,,,,Everest Group,Financials,,1.8.5-source-port,READY,NONE,DROPPED,2026-09-01,1.0,2.0,2026-09-01
2026-09-02T00:23:24.311812+00:00,BSX,SP500,2026-08-31,48.29999923706055,NONE,1,NONE,Bullish Zhongshu,Neutral,Waiting,,42.25,43.77,,,,,Boston Scientific,Health Care,,1.8.5-source-port,WATCH,NONE,DROPPED,2026-09-01,1.0,1.0,2026-09-01
2026-09-02T00:23:24.311812+00:00,CBOE,SP500,2026-08-31,300.20001220703125,NONE,1,NONE,Bull Trend,Neutral,Waiting,,284.35,300.89,,,,,Cboe Global Markets,Financials,,1.8.5-source-port,WATCH,NONE,DROPPED,2026-09-01,1.0,1.0,2026-09-01
2026-09-02T00:23:24.311812+00:00,DHR,SP500,2026-08-31,213.5599975585937,NONE,1,NONE,Bull Trend,Neutral,Waiting,,199.49,206.59,,,,,Danaher Corporation,Health Care,,1.8.5-source-port,WATCH,NONE,DROPPED,2026-09-01,1.0,1.0,2026-09-01
2026-09-02T00:23:24.311812+00:00,TPL,SP500,2026-08-31,374.3399963378906,NONE,1,NONE,Bearish Zhongshu,Neutral,Waiting,,390.0,396.78,,,,,Texas Pacific Land Corporation,Energy,,1.8.5-source-port,WATCH,NONE,DROPPED,2026-09-01,1.0,1.0,2026-09-01
2026-09-02T00:23:24.311812+00:00,TRGP,SP500,2026-08-31,293.6499938964844,NONE,1,NONE,Bull Trend,Neutral,Waiting,,259.44,266.89,,,,,Targa Resources,Energy,,1.8.5-source-port,WATCH,NONE,DROPPED,2026-09-01,1.0,1.0,2026-09-01
2026-09-03T00:26:04.526434+00:00,DD,SP500,2026-09-01,132.11000061035156,ENTRY,3,2S,Bull Trend,Neutral,Bear Micro BOS,SHORT,138.75,141.99,132.11,141.43,113.47,104.15,DuPont,Industrials,,1.8.5-source-port,WATCH,ENTRY,WATCH_TO_ENTRY
2026-09-03T00:26:04.526434+00:00,EG,SP500,2026-09-01,378.6099853515625,ENTRY,3,2B,Bear Trend,Neutral,Bull Micro BOS,LONG,364.36,377.74,378.61,367.8,400.24,411.05,Everest Group,Financials,,1.8.5-source-port,NONE,ENTRY,NEW_ENTRY
2026-09-03T00:26:04.526434+00:00,MTB,SP500,2026-09-01,232.02000427246094,ENTRY,3,2S,Bearish Zhongshu,Neutral,Bear Micro BOS,SHORT,244.29,254.69,232.02,242.44,211.19,200.77,M&T Bank,Financials,,1.8.5-source-port,READY,ENTRY,READY_TO_ENTRY
2026-09-03T00:26:04.526434+00:00,BSX,SP500,2026-09-01,48.08000183105469,READY,2,3B,Bull Trend,Neutral,Waiting,LONG,46.09,46.37,,,,,Boston Scientific,Health Care,,1.8.5-source-port,NONE,READY,NEW_READY
2026-09-03T00:26:04.526434+00:00,FICO,SP500,2026-09-01,1103.6800537109375,READY,2,3S,Bear Trend,Neutral,Bear Micro BOS,SHORT,1172.69,1188.8,,,,,Fair Isaac,Information Technology,,1.8.5-source-port,NONE,READY,NEW_READY
2026-09-03T00:26:04.526434+00:00,SHW,SP500,2026-09-01,329.95001220703125,READY,2,3S,Bearish Zhongshu,Neutral,Bear Micro BOS,SHORT,344.35,352.85,,,,,Sherwin-Williams,Materials,,1.8.5-source-port,NONE,READY,NEW_READY
2026-09-03T00:26:04.526434+00:00,UHS,SP500,2026-09-01,170.75,READY,2,3S,Bull Trend,Neutral,Waiting,SHORT,174.38,176.03,,,,,Universal Health Services,Health Care,,1.8.5-source-port,WATCH,READY,WATCH_TO_READY
2026-09-03T00:26:04.526434+00:00,AIZ,SP500,2026-09-01,280.7799987792969,READY,2,2S,Neutral Zhongshu,Neutral,Waiting,SHORT,278.59,284.12,,,,,Assurant,Financials,,1.8.5-source-port,WATCH,READY,WATCH_TO_READY
2026-09-03T00:26:04.526434+00:00,CBOE,SP500,2026-09-01,307.6199951171875,WATCH,1,NONE,Bull Trend,Neutral,Waiting,,284.35,300.89,,,,,Cboe Global Markets,Financials,,1.8.5-source-port,NONE,WATCH,NEW_WATCH
2026-09-03T00:26:04.526434+00:00,DHR,SP500,2026-09-01,206.92999267578125,WATCH,1,NONE,Bull Trend,Neutral,Bear Micro BOS,,199.49,206.59,,,,,Danaher Corporation,Health Care,,1.8.5-source-port,NONE,WATCH,NEW_WATCH
2026-09-03T00:26:04.526434+00:00,KEY,SP500,2026-09-01,21.209999084472656,WATCH,1,NONE,Bear Trend,Neutral,Bear Micro BOS,,22.57,23.35,,,,,KeyCorp,Financials,,1.8.5-source-port,READY,WATCH,READY_TO_WATCH
2026-09-03T00:26:04.526434+00:00,NOC,SP500,2026-09-01,532.9099731445312,WATCH,1,NONE,Bearish Zhongshu,Neutral,Bear Micro BOS,,541.09,552.63,,,,,Northrop Grumman,Industrials,,1.8.5-source-port,ENTRY,WATCH,ENTRY_TO_WATCH
2026-09-03T00:26:04.526434+00:00,TPL,SP500,2026-09-01,369.92999267578125,WATCH,1,NONE,Bearish Zhongshu,Neutral,Waiting,,390.0,396.78,,,,,Texas Pacific Land Corporation,Energy,,1.8.5-source-port,NONE,WATCH,NEW_WATCH
2026-09-03T00:26:04.526434+00:00,TRGP,SP500,2026-09-01,296.05999755859375,WATCH,1,NONE,Bull Trend,Neutral,Waiting,,259.44,266.89,,,,,Targa Resources,Energy,,1.8.5-source-port,NONE,WATCH,NEW_WATCH
2026-09-03T16:44:39.903350+00:00,600989,HS300,2026-09-03,24.38,ENTRY,3,3B,Bull Trend,Neutral,Bull Micro BOS,LONG,21.77,23.86,24.38,23.83,25.49,26.04,宝丰能源,nan,,1.8.5-source-port,READY,ENTRY,READY_TO_ENTRY
2026-09-03T16:44:39.903350+00:00,601336,HS300,2026-09-03,61.92,ENTRY,3,2B,Bear Trend,Neutral,Bull Micro BOS,LONG,59.78,61.0,61.92,58.88,68.0,71.05,新华保险,nan,,1.8.5-source-port,READY,ENTRY,READY_TO_ENTRY
2026-09-03T16:44:39.903350+00:00,600690,HS300,2026-09-03,21.82,ENTRY,3,BRK,Bullish Zhongshu,Neutral,Bull Micro BOS,LONG,20.45,21.49,21.82,21.2,23.07,23.69,海尔智家,nan,,1.8.5-source-port,READY,ENTRY,READY_TO_ENTRY
2026-09-03T16:44:39.903350+00:00,600886,HS300,2026-09-03,14.24,ENTRY,3,BRK,Bullish Zhongshu,Neutral,Bull Micro BOS,LONG,14.09,14.13,14.24,14.03,14.67,14.88,国投电力,nan,,1.8.5-source-port,READY,ENTRY,READY_TO_ENTRY
2026-09-03T16:44:39.903350+00:00,601628,HS300,2026-09-03,39.27,ENTRY,3,BRK,Bullish Zhongshu,Neutral,Bull Micro BOS,LONG,37.15,38.88,39.27,37.9,42.01,43.37,中国人寿,nan,,1.8.5-source-port,WATCH,ENTRY,WATCH_TO_ENTRY
2026-09-03T16:44:39.903350+00:00,000657,HS300,2026-09-03,60.02,READY,2,3S,Bearish Zhongshu,Neutral,Bear Micro BOS,SHORT,62.0,75.5,,,,,中钨高新,nan,,1.8.5-source-port,WATCH,READY,WATCH_TO_READY
2026-09-03T16:44:39.903350+00:00,002460,HS300,2026-09-03,50.52,READY,2,3S,Neutral Zhongshu,Neutral,Bear Micro BOS,SHORT,50.81,55.18,,,,,赣锋锂业,nan,,1.8.5-source-port,WATCH,READY,WATCH_TO_READY
2026-09-03T16:44:39.903350+00:00,002709,HS300,2026-09-03,34.6,READY,2,3S,Bearish Zhongshu,Neutral,Bear Micro BOS,SHORT,35.4,40.36,,,,,天赐材料,nan,,1.8.5-source-port,WATCH,READY,WATCH_TO_READY
2026-09-03T16:44:39.903350+00:00,300476,HS300,2026-09-03,222.5,READY,2,3S,Bearish Zhongshu,Neutral,Bear Micro BOS,SHORT,237.07,287.68,,,,,胜宏科技,nan,,1.8.5-source-port,WATCH,READY,WATCH_TO_READY
2026-09-03T16:44:39.903350+00:00,302132,HS300,2026-09-03,63.75,READY,2,3B,Bull Trend,Neutral,Bull Micro BOS,LONG,56.85,59.6,,,,,中航成飞,nan,,1.8.5-source-port,ENTRY,READY,ENTRY_TO_READY
2026-09-03T16:44:39.903350+00:00,600011,HS300,2026-09-03,6.87,READY,2,3B,Bear Trend,Neutral,Waiting,LONG,6.62,6.81,,,,,华能国际,nan,,1.8.5-source-port,NONE,READY,NEW_READY
2026-09-03T16:44:39.903350+00:00,600018,HS300,2026-09-03,5.52,READY,2,3B,Bullish Zhongshu,Neutral,Waiting,LONG,5.05,5.29,,,,,上港集团,nan,,1.8.5-source-port,ENTRY,READY,ENTRY_TO_READY
2026-09-03T16:44:39.903350+00:00,600900,HS300,2026-09-03,28.44,READY,2,3B,Bullish Zhongshu,Neutral,Waiting,LONG,27.51,28.43,,,,,长江电力,nan,,1.8.5-source-port,WATCH,READY,WATCH_TO_READY
2026-09-03T16:44:39.903350+00:00,600926,HS300,2026-09-03,17.13,READY,2,3B,Bull Trend,Neutral,Waiting,LONG,16.53,16.54,,,,,杭州银行,nan,,1.8.5-source-port,ENTRY,READY,ENTRY_TO_READY
2026-09-03T16:44:39.903350+00:00,601318,HS300,2026-09-03,58.0,READY,2,3B,Bull Trend,Neutral,Bull Micro BOS,LONG,51.17,55.8,,,,,中国平安,nan,,1.8.5-source-port,ENTRY,READY,ENTRY_TO_READY
2026-09-03T16:44:39.903350+00:00,601601,HS300,2026-09-03,34.04,READY,2,3B,Bullish Zhongshu,Neutral,Bull Micro BOS,LONG,31.8,32.17,,,,,中国太保,nan,,1.8.5-source-port,ENTRY,READY,ENTRY_TO_READY
2026-09-03T16:44:39.903350+00:00,605499,HS300,2026-09-03,118.92,READY,2,3S,Bear Trend,Neutral,Bear Micro BOS,SHORT,120.0,124.48,,,,,东鹏饮料,nan,,1.8.5-source-port,NONE,READY,NEW_READY
2026-09-03T16:44:39.903350+00:00,002415,HS300,2026-09-03,34.98,READY,2,2S,Neutral Zhongshu,Neutral,Waiting,SHORT,34.0,35.59,,,,,海康威视,nan,,1.8.5-source-port,WATCH,READY,WATCH_TO_READY
2026-09-03T16:44:39.903350+00:00,002475,HS300,2026-09-03,56.17,READY,2,2B,Bear Trend,Neutral,Waiting,LONG,55.03,58.75,,,,,立讯精密,nan,,1.8.5-source-port,NONE,READY,NEW_READY
2026-09-03T16:44:39.903350+00:00,600000,HS300,2026-09-03,9.27,READY,2,2S,Bullish Zhongshu,Neutral,Waiting,SHORT,9.14,9.28,,,,,浦发银行,nan,,1.8.5-source-port,ENTRY,READY,ENTRY_TO_READY
2026-09-03T16:44:39.903350+00:00,600515,HS300,2026-09-03,2.74,READY,2,2S,Bearish Zhongshu,Neutral,Waiting,SHORT,2.83,2.85,,,,,海南机场,nan,,1.8.5-source-port,WATCH,READY,WATCH_TO_READY
2026-09-03T16:44:39.903350+00:00,600741,HS300,2026-09-03,15.55,READY,2,2S,Bullish Zhongshu,Neutral,Waiting,SHORT,15.18,15.55,,,,,华域汽车,nan,,1.8.5-source-port,ENTRY,READY,ENTRY_TO_READY
2026-09-03T16:44:39.903350+00:00,600809,HS300,2026-09-03,116.96,READY,2,2S,Bull Trend,Neutral,Waiting,SHORT,99.35,107.64,,,,,山西汾酒,nan,,1.8.5-source-port,WATCH,READY,WATCH_TO_READY
2026-09-03T16:44:39.903350+00:00,601919,HS300,2026-09-03,16.57,READY,2,2S,Bull Trend,Neutral,Bear Micro BOS,SHORT,13.49,14.72,,,,,中远海控,nan,,1.8.5-source-port,WATCH,READY,WATCH_TO_READY
2026-09-03T16:44:39.903350+00:00,000425,HS300,2026-09-03,7.93,WATCH,1,NONE,Neutral Zhongshu,Neutral,Waiting,,7.82,8.12,,,,,徐工机械,nan,,1.8.5-source-port,ENTRY,WATCH,ENTRY_TO_WATCH
2026-09-03T16:44:39.903350+00:00,000776,HS300,2026-09-03,22.15,WATCH,1,NONE,Bullish Zhongshu,Neutral,Bull Micro BOS,,21.17,21.22,,,,,广发证券,nan,,1.8.5-source-port,NONE,WATCH,NEW_WATCH
2026-09-03T16:44:39.903350+00:00,002466,HS300,2026-09-03,46.92,WATCH,1,NONE,Bull Trend,Neutral,Waiting,,45.8,49.8,,,,,天齐锂业,nan,,1.8.5-source-port,READY,WATCH,READY_TO_WATCH
2026-09-03T16:44:39.903350+00:00,300316,HS300,2026-09-03,42.65,WATCH,1,NONE,Bearish Zhongshu,Neutral,Waiting,,45.79,46.38,,,,,晶盛机电,nan,,1.8.5-source-port,READY,WATCH,READY_TO_WATCH
2026-09-03T16:44:39.903350+00:00,300832,HS300,2026-09-03,50.32,WATCH,1,NONE,Bull Trend,Neutral,Waiting,,49.45,49.6,,,,,新产业,nan,,1.8.5-source-port,READY,WATCH,READY_TO_WATCH
2026-09-03T16:44:39.903350+00:00,600023,HS300,2026-09-03,4.93,WATCH,1,NONE,Neutral Zhongshu,Neutral,Waiting,,4.87,4.97,,,,,浙能电力,nan,,1.8.5-source-port,NONE,WATCH,NEW_WATCH
2026-09-03T16:44:39.903350+00:00,600025,HS300,2026-09-03,9.82,WATCH,1,NONE,Bullish Zhongshu,Neutral,Waiting,,9.64,9.73,,,,,华能水电,nan,,1.8.5-source-port,READY,WATCH,READY_TO_WATCH
2026-09-03T16:44:39.903350+00:00,600031,HS300,2026-09-03,19.94,WATCH,1,NONE,Bullish Zhongshu,Neutral,Waiting,,19.21,19.8,,,,,三一重工,nan,,1.8.5-source-port,NONE,WATCH,NEW_WATCH
2026-09-03T16:44:39.903350+00:00,600111,HS300,2026-09-03,39.02,WATCH,1,NONE,Bearish Zhongshu,Neutral,Bear Micro BOS,,39.11,40.96,,,,,北方稀土,nan,,1.8.5-source-port,READY,WATCH,READY_TO_WATCH
2026-09-03T16:44:39.903350+00:00,600309,HS300,2026-09-03,77.38,WATCH,1,NONE,Bullish Zhongshu,Neutral,Waiting,,72.48,75.43,,,,,万华化学,nan,,1.8.5-source-port,ENTRY,WATCH,ENTRY_TO_WATCH
2026-09-03T16:44:39.903350+00:00,600585,HS300,2026-09-03,17.71,WATCH,1,NONE,Bullish Zhongshu,Neutral,Waiting,,17.21,17.73,,,,,海螺水泥,nan,,1.8.5-source-port,READY,WATCH,READY_TO_WATCH
2026-09-03T16:44:39.903350+00:00,600674,HS300,2026-09-03,15.77,WATCH,1,NONE,Bullish Zhongshu,Neutral,Waiting,,14.81,15.3,,,,,川投能源,nan,,1.8.5-source-port,READY,WATCH,READY_TO_WATCH
2026-09-03T16:44:39.903350+00:00,600938,HS300,2026-09-03,33.43,WATCH,1,NONE,Bull Trend,Accumulation,Waiting,,33.06,33.83,,,,,中国海油,nan,,1.8.5-source-port,READY,WATCH,READY_TO_WATCH
2026-09-03T16:44:39.903350+00:00,600958,HS300,2026-09-03,9.23,WATCH,1,NONE,Bullish Zhongshu,Neutral,Waiting,,9.0,9.2,,,,,东方证券,nan,,1.8.5-source-port,READY,WATCH,READY_TO_WATCH
2026-09-03T16:44:39.903350+00:00,601288,HS300,2026-09-03,6.89,WATCH,1,NONE,Bullish Zhongshu,Neutral,Waiting,,6.41,6.85,,,,,农业银行,nan,,1.8.5-source-port,ENTRY,WATCH,ENTRY_TO_WATCH
2026-09-03T16:44:39.903350+00:00,601607,HS300,2026-09-03,16.44,WATCH,1,NONE,Bearish Zhongshu,Neutral,Waiting,,16.25,16.87,,,,,上海医药,nan,,1.8.5-source-port,READY,WATCH,READY_TO_WATCH
2026-09-03T16:44:39.903350+00:00,601727,HS300,2026-09-03,6.53,WATCH,1,NONE,Neutral Zhongshu,Neutral,Waiting,,6.42,6.68,,,,,上海电气,nan,,1.8.5-source-port,READY,WATCH,READY_TO_WATCH
2026-09-03T16:44:39.903350+00:00,601872,HS300,2026-09-03,19.3,WATCH,1,NONE,Bull Trend,Neutral,Waiting,,17.79,18.5,,,,,招商轮船,nan,,1.8.5-source-port,READY,WATCH,READY_TO_WATCH
2026-09-03T16:44:39.903350+00:00,603799,HS300,2026-09-03,38.63,WATCH,1,NONE,Bearish Zhongshu,Neutral,Bear Micro BOS,,45.56,47.17,,,,,华友钴业,nan,,1.8.5-source-port,READY,WATCH,READY_TO_WATCH
2026-09-03T16:44:39.903350+00:00,000858,HS300,2026-09-03,70.68,NONE,0,NONE,Bear Trend,Neutral,Bear Micro BOS,,73.42,76.7,,,,,五粮液,nan,,1.8.5-source-port,READY,NONE,DROPPED
2026-09-03T16:44:39.903350+00:00,000938,HS300,2026-09-03,38.13,NONE,0,NONE,Bear Trend,Neutral,Waiting,,36.6,39.55,,,,,紫光股份,nan,,1.8.5-source-port,WATCH,NONE,DROPPED
2026-09-03T16:44:39.903350+00:00,002311,HS300,2026-09-03,44.09,NONE,0,NONE,Bear Trend,Neutral,Waiting,,44.02,47.5,,,,,海大集团,nan,,1.8.5-source-port,READY,NONE,DROPPED
2026-09-03T16:44:39.903350+00:00,002594,HS300,2026-09-03,87.31,NONE,0,NONE,Bear Trend,Neutral,Waiting,,93.13,93.23,,,,,比亚迪,nan,,1.8.5-source-port,WATCH,NONE,DROPPED
2026-09-03T16:44:39.903350+00:00,600029,HS300,2026-09-03,4.99,NONE,0,NONE,Bear Trend,Neutral,Waiting,,5.05,5.12,,,,,南方航空,nan,,1.8.5-source-port,WATCH,NONE,DROPPED
2026-09-03T16:44:39.903350+00:00,600085,HS300,2026-09-03,23.86,NONE,0,NONE,Bear Trend,Neutral,Waiting,,24.97,26.44,,,,,同仁堂,nan,,1.8.5-source-port,READY,NONE,DROPPED
2026-09-03T16:44:39.903350+00:00,600930,HS300,2026-09-03,3.89,NONE,0,NONE,Bear Trend,Neutral,Waiting,,4.18,4.4,,,,,华电新能,nan,,1.8.5-source-port,READY,NONE,DROPPED
2026-09-03T16:44:39.903350+00:00,601868,HS300,2026-09-03,2.48,NONE,0,NONE,Bear Trend,Neutral,Waiting,,2.47,2.54,,,,,中国能建,nan,,1.8.5-source-port,WATCH,NONE,DROPPED
2026-09-03T16:44:39.903350+00:00,601878,HS300,2026-09-03,9.41,NONE,0,NONE,Bear Trend,Neutral,Waiting,,9.28,9.39,,,,,浙商证券,nan,,1.8.5-source-port,READY,NONE,DROPPED
2026-09-04T00:14:47.805212+00:00,CHTR,SP500,2026-09-02,158.97000122070312,ENTRY,3,2B,Bullish Zhongshu,Neutral,Bull Micro BOS,LONG,145.19,159.29,158.97,143.05,190.82,206.74,Charter Communications,Communication Services,,1.8.5-source-port,READY,ENTRY,READY_TO_ENTRY
2026-09-04T00:14:47.805212+00:00,HAL,SP500,2026-09-02,37.630001068115234,ENTRY,3,2B,Bullish Zhongshu,Neutral,Bull Micro BOS,LONG,33.54,33.95,37.63,32.56,47.78,52.85,Halliburton,Energy,,1.8.5-source-port,WATCH,ENTRY,WATCH_TO_ENTRY
2026-09-04T00:14:47.805212+00:00,IDXX,SP500,2026-09-02,538.989990234375,ENTRY,3,2S,Bearish Zhongshu,Neutral,Bear Micro BOS,SHORT,544.01,561.28,538.99,566.13,484.7,457.56,Idexx Laboratories,Health Care,,1.8.5-source-port,READY,ENTRY,READY_TO_ENTRY
2026-09-04T00:14:47.805212+00:00,PLD,SP500,2026-09-02,136.58999633789062,ENTRY,3,2S,Bearish Zhongshu,Neutral,Bear Micro BOS,SHORT,137.22,142.04,136.59,144.39,121.0,113.2,Prologis,Real Estate,,1.8.5-source-port,READY,ENTRY,READY_TO_ENTRY
2026-09-04T00:14:47.805212+00:00,ADSK,SP500,2026-09-02,241.72999572753906,ENTRY,3,BRK_SHORT,Bull Trend,Neutral,Bear Micro BOS,SHORT,246.51,249.14,241.73,251.27,222.65,213.11,Autodesk,Information Technology,,1.8.5-source-port,WATCH,ENTRY,WATCH_TO_ENTRY
2026-09-04T00:14:47.805212+00:00,BLK,SP500,2026-09-02,1107.0799560546875,ENTRY,3,BRK_SHORT,Bull Trend,Neutral,Bear Micro BOS,SHORT,1126.0,1150.3,1107.08,1143.95,1033.34,996.47,BlackRock,Financials,,1.8.5-source-port,WATCH,ENTRY,WATCH_TO_ENTRY
2026-09-04T00:14:47.805212+00:00,ESS,SP500,2026-09-02,277.2900085449219,ENTRY,3,BRK_SHORT,Bull Trend,Neutral,Bear Micro BOS,SHORT,279.92,285.79,277.29,281.75,268.37,263.91,Essex Property Trust,Real Estate,,1.8.5-source-port,WATCH,ENTRY,WATCH_TO_ENTRY
2026-09-04T00:14:47.805212+00:00,MOS,SP500,2026-09-02,25.780000686645508,ENTRY,3,BRK,Bull Trend,Neutral,Bull Micro BOS,LONG,23.42,23.95,25.78,23.63,30.07,32.22,Mosaic Company (The),Materials,,1.8.5-source-port,WATCH,ENTRY,WATCH_TO_ENTRY
2026-09-04T00:14:47.805212+00:00,NCLH,SP500,2026-09-02,15.569999694824219,ENTRY,3,BRK_SHORT,Bear Trend,Neutral,Bear Micro BOS,SHORT,16.42,17.67,15.57,16.6,13.51,12.48,Norwegian Cruise Line Holdings,Consumer Discretionary,,1.8.5-source-port,READY,ENTRY,READY_TO_ENTRY
2026-09-04T00:14:47.805212+00:00,NSC,SP500,2026-09-02,330.05999755859375,ENTRY,3,BRK_SHORT,Bull Trend,Neutral,Bear Micro BOS,SHORT,332.53,343.63,330.06,335.93,318.33,312.46,Norfolk Southern,Industrials,,1.8.5-source-port,WATCH,ENTRY,WATCH_TO_ENTRY
2026-09-04T00:14:47.805212+00:00,NUE,SP500,2026-09-02,263.9700012207031,ENTRY,3,BRK,Bullish Zhongshu,Neutral,Bull Micro BOS,LONG,238.62,254.2,263.97,250.66,290.6,303.91,Nucor,Materials,,1.8.5-source-port,READY,ENTRY,READY_TO_ENTRY
2026-09-04T00:14:47.805212+00:00,ORLY,SP500,2026-09-02,86.97000122070312,ENTRY,3,BRK_SHORT,Bear Trend,Neutral,Bear Micro BOS,SHORT,88.45,89.34,86.97,89.07,82.76,80.66,O'Reilly Automotive,Consumer Discretionary,,1.8.5-source-port,WATCH,ENTRY,WATCH_TO_ENTRY
2026-09-04T00:14:47.805212+00:00,XEL,SP500,2026-09-02,75.51000213623047,ENTRY,3,BRK_SHORT,Bearish Zhongshu,Neutral,Bear Micro BOS,SHORT,76.12,77.5,75.51,76.67,73.2,72.04,Xcel Energy,Utilities,,1.8.5-source-port,WATCH,ENTRY,WATCH_TO_ENTRY
2026-09-04T00:14:47.805212+00:00,AKAM,SP500,2026-09-02,105.08999633789062,READY,2,3S,Bear Trend,Neutral,Waiting,SHORT,107.11,109.99,,,,,Akamai Technologies,Information Technology,,1.8.5-source-port,WATCH,READY,WATCH_TO_READY
2026-09-04T00:14:47.805212+00:00,BAX,SP500,2026-09-02,25.700000762939453,READY,2,3S,Bear Trend,Neutral,Waiting,SHORT,25.74,26.75,,,,,Baxter International,Health Care,,1.8.5-source-port,ENTRY,READY,ENTRY_TO_READY
2026-09-04T00:14:47.805212+00:00,BEN,SP500,2026-09-02,33.0099983215332,READY,2,3S,Bearish Zhongshu,Neutral,Bear Micro BOS,SHORT,33.25,34.54,,,,,Franklin Resources,Financials,,1.8.5-source-port,ENTRY,READY,ENTRY_TO_READY
2026-09-04T00:14:47.805212+00:00,BIIB,SP500,2026-09-02,222.6699981689453,READY,2,3B,Bull Trend,Neutral,Waiting,LONG,213.58,218.59,,,,,Biogen,Health Care,,1.8.5-source-port,WATCH,READY,WATCH_TO_READY
2026-09-04T00:14:47.805212+00:00,BX,SP500,2026-09-02,136.82000732421875,READY,2,3S,Bearish Zhongshu,Neutral,Waiting,SHORT,141.05,145.77,,,,,Blackstone Inc.,Financials,,1.8.5-source-port,ENTRY,READY,ENTRY_TO_READY
2026-09-04T00:14:47.805212+00:00,CNC,SP500,2026-09-02,67.33999633789062,READY,2,3B,Bullish Zhongshu,Neutral,Waiting,LONG,65.11,66.55,,,,,Centene Corporation,Health Care,,1.8.5-source-port,WATCH,READY,WATCH_TO_READY
2026-09-04T00:14:47.805212+00:00,CPT,SP500,2026-09-02,105.54000091552734,READY,2,3S,Bear Trend,Neutral,Bear Micro BOS,SHORT,107.23,109.39,,,,,Camden Property Trust,Real Estate,,1.8.5-source-port,ENTRY,READY,ENTRY_TO_READY
2026-09-04T00:14:47.805212+00:00,CRH,SP500,2026-09-02,92.66999816894531,READY,2,3S,Bear Trend,Neutral,Waiting,SHORT,93.74,98.19,,,,,CRH plc,Materials,,1.8.5-source-port,ENTRY,READY,ENTRY_TO_READY
2026-09-04T00:14:47.805212+00:00,CSX,SP500,2026-09-02,48.650001525878906,READY,2,3S,Bear Trend,Neutral,Bear Micro BOS,SHORT,49.42,50.67,,,,,CSX Corporation,Industrials,,1.8.5-source-port,ENTRY,READY,ENTRY_TO_READY
2026-09-04T00:14:47.805212+00:00,DE,SP500,2026-09-02,698.3699951171875,READY,2,3B,Bear Trend,Neutral,Bull Micro BOS,LONG,597.23,623.28,,,,,Deere & Company,Industrials,,1.8.5-source-port,ENTRY,READY,ENTRY_TO_READY
2026-09-04T00:14:47.805212+00:00,DLR,SP500,2026-09-02,183.75999450683594,READY,2,3S,Bear Trend,Neutral,Waiting,SHORT,185.16,201.56,,,,,Digital Realty,Real Estate,,1.8.5-source-port,ENTRY,READY,ENTRY_TO_READY
2026-09-04T00:14:47.805212+00:00,GOOGL,SP500,2026-09-02,337.1199951171875,READY,2,3S,Bull Trend,Neutral,Waiting,SHORT,340.88,342.5,,,,,Alphabet Inc. (Class A),Communication Services,,1.8.5-source-port,ENTRY,READY,ENTRY_TO_READY
2026-09-04T00:14:47.805212+00:00,HON,SP500,2026-09-02,206.07000732421875,READY,2,3S,Bear Trend,Neutral,Bear Micro BOS,SHORT,217.45,221.45,,,,,Honeywell Technologies,Industrials,,1.8.5-source-port,ENTRY,READY,ENTRY_TO_READY
2026-09-04T00:14:47.805212+00:00,HUM,SP500,2026-09-02,400.9700012207031,READY,2,3B,Bull Trend,Neutral,Waiting,LONG,390.46,393.48,,,,,Humana,Health Care,,1.8.5-source-port,WATCH,READY,WATCH_TO_READY
2026-09-04T00:14:47.805212+00:00,IEX,SP500,2026-09-02,224.61000061035156,READY,2,3S,Bull Trend,Distribution,Waiting,SHORT,228.58,229.43,,,,,IDEX Corporation,Industrials,,1.8.5-source-port,ENTRY,READY,ENTRY_TO_READY
2026-09-04T00:14:47.805212+00:00,JBHT,SP500,2026-09-02,260.2200012207031,READY,2,3S,Bear Trend,Neutral,Waiting,SHORT,261.28,266.11,,,,,J.B. Hunt,Industrials,,1.8.5-source-port,ENTRY,READY,ENTRY_TO_READY
2026-09-04T00:14:47.805212+00:00,LYV,SP500,2026-09-02,179.58999633789062,READY,2,3S,Bearish Zhongshu,Neutral,Waiting,SHORT,181.17,187.2,,,,,Live Nation Entertainment,Communication Services,,1.8.5-source-port,ENTRY,READY,ENTRY_TO_READY
2026-09-04T00:14:47.805212+00:00,MAS,SP500,2026-09-02,70.94000244140625,READY,2,3S,Bear Trend,Neutral,Waiting,SHORT,72.26,74.54,,,,,Masco,Industrials,,1.8.5-source-port,ENTRY,READY,ENTRY_TO_READY
2026-09-04T00:14:47.805212+00:00,MCHP,SP500,2026-09-02,72.76000213623047,READY,2,3S,Bearish Zhongshu,Neutral,Waiting,SHORT,72.77,75.58,,,,,Microchip Technology,Information Technology,,1.8.5-source-port,ENTRY,READY,ENTRY_TO_READY
2026-09-04T00:14:47.805212+00:00,MCK,SP500,2026-09-02,924.780029296875,READY,2,3B,Bullish Zhongshu,Neutral,Bull Micro BOS,LONG,837.88,899.26,,,,,McKesson Corporation,Health Care,,1.8.5-source-port,WATCH,READY,WATCH_TO_READY
2026-09-04T00:14:47.805212+00:00,MTB,SP500,2026-09-02,235.47999572753906,READY,2,3S,Bearish Zhongshu,Neutral,Waiting,SHORT,244.29,254.69,,,,,M&T Bank,Financials,,1.8.5-source-port,ENTRY,READY,ENTRY_TO_READY
2026-09-04T00:14:47.805212+00:00,PNC,SP500,2026-09-02,242.4600067138672,READY,2,3S,Bearish Zhongshu,Neutral,Waiting,SHORT,246.61,254.46,,,,,PNC Financial Services,Financials,,1.8.5-source-port,ENTRY,READY,ENTRY_TO_READY
2026-09-04T00:14:47.805212+00:00,PPG,SP500,2026-09-02,111.30999755859375,READY,2,3S,Bear Trend,Neutral,Waiting,SHORT,112.31,115.98,,,,,PPG Industries,Materials,,1.8.5-source-port,ENTRY,READY,ENTRY_TO_READY
2026-09-04T00:14:47.805212+00:00,SWK,SP500,2026-09-02,96.88999938964844,READY,2,3S,Bearish Zhongshu,Neutral,Waiting,SHORT,97.05,100.85,,,,,Stanley Black & Decker,Industrials,,1.8.5-source-port,ENTRY,READY,ENTRY_TO_READY
2026-09-04T00:14:47.805212+00:00,TPR,SP500,2026-09-02,123.13999938964844,READY,2,3S,Bear Trend,Neutral,Waiting,SHORT,126.14,132.98,,,,,"Tapestry, Inc.",Consumer Discretionary,,1.8.5-source-port,WATCH,READY,WATCH_TO_READY
2026-09-04T00:14:47.805212+00:00,V,SP500,2026-09-02,378.3999938964844,READY,2,3B,Bull Trend,Neutral,Waiting,LONG,372.22,373.28,,,,,Visa Inc.,Financials,,1.8.5-source-port,WATCH,READY,WATCH_TO_READY
2026-09-04T00:14:47.805212+00:00,ZBRA,SP500,2026-09-02,351.1099853515625,READY,2,3S,Bearish Zhongshu,Neutral,Waiting,SHORT,350.36,367.18,,,,,Zebra Technologies,Information Technology,,1.8.5-source-port,ENTRY,READY,ENTRY_TO_READY
2026-09-04T00:14:47.805212+00:00,FOXA,SP500,2026-09-02,67.5199966430664,READY,2,2B,Bull Trend,Neutral,Waiting,LONG,66.69,69.18,,,,,Fox Corporation (Class A),Communication Services,,1.8.5-source-port,ENTRY,READY,ENTRY_TO_READY
2026-09-04T00:14:47.805212+00:00,RJF,SP500,2026-09-02,175.9499969482422,READY,2,2S,Bull Trend,Neutral,Waiting,SHORT,171.91,172.43,,,,,Raymond James Financial,Financials,,1.8.5-source-port,WATCH,READY,WATCH_TO_READY
2026-09-04T00:14:47.805212+00:00,VTR,SP500,2026-09-02,92.05999755859375,READY,2,2B,Bear Trend,Neutral,Waiting,LONG,91.75,92.35,,,,,Ventas,Real Estate,,1.8.5-source-port,WATCH,READY,WATCH_TO_READY
2026-09-04T00:14:47.805212+00:00,WELL,SP500,2026-09-02,238.58999633789062,READY,2,2B,Bear Trend,Neutral,Waiting,LONG,231.45,238.21,,,,,Welltower,Real Estate,,1.8.5-source-port,WATCH,READY,WATCH_TO_READY
2026-09-04T00:14:47.805212+00:00,AIZ,SP500,2026-09-02,284.07000732421875,WATCH,1,NONE,Neutral Zhongshu,Neutral,Waiting,,278.59,284.12,,,,,Assurant,Financials,,1.8.5-source-port,READY,WATCH,READY_TO_WATCH
2026-09-04T00:14:47.805212+00:00,ALB,SP500,2026-09-02,137.75,WATCH,1,NONE,Bull Trend,Neutral,Waiting,,124.58,130.61,,,,,Albemarle Corporation,Materials,,1.8.5-source-port,READY,WATCH,READY_TO_WATCH
2026-09-04T00:14:47.805212+00:00,AMP,SP500,2026-09-02,551.8499755859375,WATCH,1,NONE,Bear Trend,Neutral,Waiting,,546.66,563.51,,,,,Ameriprise Financial,Financials,,1.8.5-source-port,ENTRY,WATCH,ENTRY_TO_WATCH
2026-09-04T00:14:47.805212+00:00,APD,SP500,2026-09-02,309.45001220703125,WATCH,1,NONE,Bull Trend,Distribution,Waiting,,299.5,308.83,,,,,Air Products,Materials,,1.8.5-source-port,READY,WATCH,READY_TO_WATCH
2026-09-04T00:14:47.805212+00:00,BF-B,SP500,2026-09-02,27.3799991607666,WATCH,1,NONE,Bear Trend,Neutral,Waiting,,27.12,28.54,,,,,Brown–Forman,Consumer Staples,,1.8.5-source-port,READY,WATCH,READY_TO_WATCH
2026-09-04T00:14:47.805212+00:00,BG,SP500,2026-09-02,122.86000061035156,WATCH,1,NONE,Bullish Zhongshu,Neutral,Bull Micro BOS,,109.82,110.77,,,,,Bunge Global,Consumer Staples,,1.8.5-source-port,ENTRY,WATCH,ENTRY_TO_WATCH
2026-09-04T00:14:47.805212+00:00,CIEN,SP500,2026-09-02,354.1600036621094,WATCH,1,NONE,Bearish Zhongshu,Neutral,Bear Micro BOS,,417.34,427.0,,,,,Ciena,Information Technology,,1.8.5-source-port,ENTRY,WATCH,ENTRY_TO_WATCH
2026-09-04T00:14:47.805212+00:00,DD,SP500,2026-09-02,132.92999267578125,WATCH,1,NONE,Bull Trend,Neutral,Waiting,,138.75,141.99,,,,,DuPont,Industrials,,1.8.5-source-port,ENTRY,WATCH,ENTRY_TO_WATCH
2026-09-04T00:14:47.805212+00:00,DRI,SP500,2026-09-02,220.02999877929688,WATCH,1,NONE,Bull Trend,Neutral,Waiting,,217.57,217.62,,,,,Darden Restaurants,Consumer Discretionary,,1.8.5-source-port,READY,WATCH,READY_TO_WATCH
2026-09-04T00:14:47.805212+00:00,EG,SP500,2026-09-02,378.2799987792969,WATCH,1,NONE,Bear Trend,Neutral,Waiting,,364.36,377.74,,,,,Everest Group,Financials,,1.8.5-source-port,ENTRY,WATCH,ENTRY_TO_WATCH
2026-09-04T00:14:47.805212+00:00,EXE,SP500,2026-09-02,99.31999969482422,WATCH,1,NONE,Bull Trend,Neutral,Waiting,,92.63,97.38,,,,,Expand Energy,Energy,,1.8.5-source-port,ENTRY,WATCH,ENTRY_TO_WATCH
2026-09-04T00:14:47.805212+00:00,FAST,SP500,2026-09-02,47.93000030517578,WATCH,1,NONE,Bull Trend,Neutral,Bear Micro BOS,,46.98,48.74,,,,,Fastenal,Industrials,,1.8.5-source-port,ENTRY,WATCH,ENTRY_TO_WATCH
2026-09-04T00:14:47.805212+00:00,FSLR,SP500,2026-09-02,202.60000610351562,WATCH,1,NONE,Bull Trend,Neutral,Waiting,,221.26,234.45,,,,,First Solar,Information Technology,,1.8.5-source-port,READY,WATCH,READY_TO_WATCH
2026-09-04T00:14:47.805212+00:00,IBM,SP500,2026-09-02,231.6999969482422,WATCH,1,NONE,Neutral Zhongshu,Neutral,Waiting,,227.4,238.72,,,,,IBM,Information Technology,,1.8.5-source-port,READY,WATCH,READY_TO_WATCH
2026-09-04T00:14:47.805212+00:00,JBL,SP500,2026-09-02,299.3900146484375,WATCH,1,NONE,Bull Trend,Neutral,Waiting,,309.94,331.68,,,,,Jabil,Information Technology,,1.8.5-source-port,ENTRY,WATCH,ENTRY_TO_WATCH
2026-09-04T00:14:47.805212+00:00,KMB,SP500,2026-09-02,109.29000091552734,WATCH,1,NONE,Bull Trend,Neutral,Waiting,,108.07,109.6,,,,,Kimberly-Clark,Consumer Staples,,1.8.5-source-port,ENTRY,WATCH,ENTRY_TO_WATCH
2026-09-04T00:14:47.805212+00:00,KVUE,SP500,2026-09-02,19.1299991607666,WATCH,1,NONE,Bullish Zhongshu,Neutral,Waiting,,18.87,19.02,,,,,Kenvue,Consumer Staples,,1.8.5-source-port,READY,WATCH,READY_TO_WATCH
2026-09-04T00:14:47.805212+00:00,LMT,SP500,2026-09-02,531.5499877929688,WATCH,1,NONE,Bear Trend,Neutral,Bear Micro BOS,,577.0,593.77,,,,,Lockheed Martin,Industrials,,1.8.5-source-port,ENTRY,WATCH,ENTRY_TO_WATCH
2026-09-04T00:14:47.805212+00:00,MO,SP500,2026-09-02,69.55999755859375,WATCH,1,NONE,Bear Trend,Neutral,Waiting,,69.87,70.53,,,,,Altria,Consumer Staples,,1.8.5-source-port,ENTRY,WATCH,ENTRY_TO_WATCH
2026-09-04T00:14:47.805212+00:00,MTD,SP500,2026-09-02,1367.739990234375,WATCH,1,NONE,Bearish Zhongshu,Neutral,Waiting,,1377.1,1440.22,,,,,Mettler Toledo,Health Care,,1.8.5-source-port,ENTRY,WATCH,ENTRY_TO_WATCH
2026-09-04T00:14:47.805212+00:00,MU,SP500,2026-09-02,956.0800170898438,WATCH,1,NONE,Bullish Zhongshu,Neutral,Waiting,,891.66,928.98,,,,,Micron Technology,Information Technology,,1.8.5-source-port,READY,WATCH,READY_TO_WATCH
2026-09-04T00:14:47.805212+00:00,PFG,SP500,2026-09-02,111.30999755859375,WATCH,1,NONE,Bull Trend,Neutral,Waiting,,112.94,114.9,,,,,Principal Financial Group,Financials,,1.8.5-source-port,ENTRY,WATCH,ENTRY_TO_WATCH
2026-09-04T00:14:47.805212+00:00,SYK,SP500,2026-09-02,312.19000244140625,WATCH,1,NONE,Bear Trend,Neutral,Bear Micro BOS,,330.16,336.15,,,,,Stryker Corporation,Health Care,,1.8.5-source-port,ENTRY,WATCH,ENTRY_TO_WATCH
2026-09-04T00:14:47.805212+00:00,T,SP500,2026-09-02,25.950000762939453,WATCH,1,NONE,Bull Trend,Neutral,Waiting,,22.55,24.5,,,,,AT&T,Communication Services,,1.8.5-source-port,READY,WATCH,READY_TO_WATCH
2026-09-04T00:14:47.805212+00:00,TDY,SP500,2026-09-02,606.3599853515625,WATCH,1,NONE,Bearish Zhongshu,Neutral,Bear Micro BOS,,619.08,629.94,,,,,Teledyne Technologies,Information Technology,,1.8.5-source-port,ENTRY,WATCH,ENTRY_TO_WATCH
2026-09-04T00:14:47.805212+00:00,TFC,SP500,2026-09-02,50.810001373291016,WATCH,1,NONE,Bear Trend,Neutral,Waiting,,50.11,51.53,,,,,Truist Financial,Financials,,1.8.5-source-port,ENTRY,WATCH,ENTRY_TO_WATCH
2026-09-04T00:14:47.805212+00:00,TGT,SP500,2026-09-02,163.36000061035156,WATCH,1,NONE,Bull Trend,Neutral,Waiting,,144.39,148.93,,,,,Target Corporation,Consumer Staples,,1.8.5-source-port,READY,WATCH,READY_TO_WATCH
2026-09-04T00:14:47.805212+00:00,WST,SP500,2026-09-02,342.6300048828125,WATCH,1,NONE,Bearish Zhongshu,Neutral,Waiting,,343.48,354.96,,,,,West Pharmaceutical Services,Health Care,,1.8.5-source-port,ENTRY,WATCH,ENTRY_TO_WATCH
2026-09-04T11:07:30.323815+00:00,600000,HS300,2026-09-04,9.43,ENTRY,3,3B,Bullish Zhongshu,Neutral,Bull Micro BOS,LONG,9.14,9.28,9.43,9.21,9.87,10.09,浦发银行,nan,,1.8.5-source-port,READY,ENTRY,READY_TO_ENTRY
2026-09-04T11:07:30.323815+00:00,000999,HS300,2026-09-04,24.9,ENTRY,3,2B,Bear Trend,Neutral,Bull Micro BOS,LONG,24.53,24.66,24.9,23.98,26.74,27.66,华润三九,nan,,1.8.5-source-port,READY,ENTRY,READY_TO_ENTRY
2026-09-04T11:07:30.323815+00:00,600150,HS300,2026-09-04,37.47,ENTRY,3,BRK,Bullish Zhongshu,Neutral,Bull Micro BOS,LONG,33.51,34.96,37.47,34.28,43.85,47.04,中国船舶,nan,,1.8.5-source-port,WATCH,ENTRY,WATCH_TO_ENTRY
2026-09-04T11:07:30.323815+00:00,600519,HS300,2026-09-04,1330.0,ENTRY,3,BRK,Bullish Zhongshu,Neutral,Bull Micro BOS,LONG,1270.33,1307.99,1330.0,1289.93,1410.13,1450.2,贵州茅台,nan,,1.8.5-source-port,READY,ENTRY,READY_TO_ENTRY
2026-09-04T11:07:30.323815+00:00,002466,HS300,2026-09-04,45.35,READY,2,3S,Bull Trend,Neutral,Bear Micro BOS,SHORT,45.8,49.8,,,,,天齐锂业,nan,,1.8.5-source-port,WATCH,READY,WATCH_TO_READY
2026-09-04T11:07:30.323815+00:00,600111,HS300,2026-09-04,38.67,READY,2,3S,Bearish Zhongshu,Neutral,Bear Micro BOS,SHORT,39.11,40.96,,,,,北方稀土,nan,,1.8.5-source-port,WATCH,READY,WATCH_TO_READY
2026-09-04T11:07:30.323815+00:00,600372,HS300,2026-09-04,11.45,READY,2,3B,Bear Trend,Neutral,Waiting,LONG,11.17,11.3,,,,,中航机载,nan,,1.8.5-source-port,NONE,READY,NEW_READY
2026-09-04T11:07:30.323815+00:00,601628,HS300,2026-09-04,39.17,READY,2,3B,Bullish Zhongshu,Neutral,Waiting,LONG,37.15,38.88,,,,,中国人寿,nan,,1.8.5-source-port,ENTRY,READY,ENTRY_TO_READY
2026-09-04T11:07:30.323815+00:00,601888,HS300,2026-09-04,54.6,READY,2,3B,Bullish Zhongshu,Neutral,Waiting,LONG,51.81,53.8,,,,,中国中免,nan,,1.8.5-source-port,WATCH,READY,WATCH_TO_READY
2026-09-04T11:07:30.323815+00:00,603392,HS300,2026-09-04,27.67,READY,2,3S,Bearish Zhongshu,Neutral,Waiting,SHORT,28.18,30.33,,,,,万泰生物,nan,,1.8.5-source-port,WATCH,READY,WATCH_TO_READY
2026-09-04T11:07:30.323815+00:00,688072,HS300,2026-09-04,621.93,READY,2,3S,Bearish Zhongshu,Neutral,Bear Micro BOS,SHORT,633.35,727.27,,,,,拓荆科技,nan,,1.8.5-source-port,WATCH,READY,WATCH_TO_READY
2026-09-04T11:07:30.323815+00:00,688082,HS300,2026-09-04,270.2,READY,2,3S,Bearish Zhongshu,Neutral,Bear Micro BOS,SHORT,283.31,338.92,,,,,盛美上海,nan,,1.8.5-source-port,WATCH,READY,WATCH_TO_READY
2026-09-04T11:07:30.323815+00:00,600061,HS300,2026-09-04,6.53,READY,2,2B,Bear Trend,Neutral,Waiting,LONG,6.42,6.45,,,,,国投资本,nan,,1.8.5-source-port,NONE,READY,NEW_READY
2026-09-04T11:07:30.323815+00:00,600690,HS300,2026-09-04,22.0,READY,2,2S,Bullish Zhongshu,Neutral,Bull Micro BOS,SHORT,20.45,21.49,,,,,海尔智家,nan,,1.8.5-source-port,ENTRY,READY,ENTRY_TO_READY
2026-09-04T11:07:30.323815+00:00,601336,HS300,2026-09-04,62.25,READY,2,2S,Bear Trend,Neutral,Bull Micro BOS,SHORT,59.78,61.0,,,,,新华保险,nan,,1.8.5-source-port,ENTRY,READY,ENTRY_TO_READY
2026-09-04T11:07:30.323815+00:00,601688,HS300,2026-09-04,19.56,READY,2,2B,Bear Trend,Neutral,Waiting,LONG,19.13,19.32,,,,,华泰证券,nan,,1.8.5-source-port,NONE,READY,NEW_READY
2026-09-04T11:07:30.323815+00:00,001391,HS300,2026-09-04,4.1,WATCH,1,NONE,Bearish Zhongshu,Neutral,Waiting,,4.16,4.19,,,,,国货航,nan,,1.8.5-source-port,READY,WATCH,READY_TO_WATCH
2026-09-04T11:07:30.323815+00:00,002241,HS300,2026-09-04,23.41,WATCH,1,NONE,Bull Trend,Neutral,Waiting,,23.25,23.87,,,,,歌尔股份,nan,,1.8.5-source-port,READY,WATCH,READY_TO_WATCH
2026-09-04T11:07:30.323815+00:00,600183,HS300,2026-09-04,137.5,WATCH,1,NONE,Bullish Zhongshu,Neutral,Waiting,,126.0,143.48,,,,,生益科技,nan,,1.8.5-source-port,READY,WATCH,READY_TO_WATCH
2026-09-04T11:07:30.323815+00:00,600989,HS300,2026-09-04,24.4,WATCH,1,NONE,Bull Trend,Neutral,Waiting,,21.77,23.86,,,,,宝丰能源,nan,,1.8.5-source-port,ENTRY,WATCH,ENTRY_TO_WATCH
2026-09-04T11:07:30.323815+00:00,601998,HS300,2026-09-04,8.89,WATCH,1,NONE,Bull Trend,Neutral,Waiting,,7.39,7.75,,,,,中信银行,nan,,1.8.5-source-port,READY,WATCH,READY_TO_WATCH
2026-09-04T11:07:30.323815+00:00,688303,HS300,2026-09-04,16.76,WATCH,1,NONE,Bearish Zhongshu,Neutral,Waiting,,18.45,19.86,,,,,大全能源,nan,,1.8.5-source-port,READY,WATCH,READY_TO_WATCH
2026-09-05T00:15:01.213940+00:00,BX,SP500,2026-09-03,137.67999267578125,ENTRY,3,3S,Bearish Zhongshu,Neutral,Bear Micro BOS,SHORT,141.05,145.77,137.68,141.88,129.29,125.09,Blackstone Inc.,Financials,,1.8.5-source-port,READY,ENTRY,READY_TO_ENTRY
2026-09-05T00:15:01.213940+00:00,CNC,SP500,2026-09-03,68.0199966430664,ENTRY,3,3B,Bullish Zhongshu,Neutral,Bull Micro BOS,LONG,65.11,66.55,68.02,66.19,71.68,73.51,Centene Corporation,Health Care,,1.8.5-source-port,READY,ENTRY,READY_TO_ENTRY
2026-09-05T00:15:01.213940+00:00,CRH,SP500,2026-09-03,92.04000091552734,ENTRY,3,3S,Bear Trend,Neutral,Bear Micro BOS,SHORT,93.74,98.19,92.04,94.82,86.48,83.7,CRH plc,Materials,,1.8.5-source-port,READY,ENTRY,READY_TO_ENTRY
2026-09-05T00:15:01.213940+00:00,ICE,SP500,2026-09-03,164.58999633789062,ENTRY,3,3B,Bull Trend,Neutral,Bull Micro BOS,LONG,156.95,158.55,164.59,158.02,177.73,184.3,Intercontinental Exchange,Financials,,1.8.5-source-port,READY,ENTRY,READY_TO_ENTRY
2026-09-05T00:15:01.213940+00:00,LYV,SP500,2026-09-03,177.49000549316406,ENTRY,3,3S,Bearish Zhongshu,Neutral,Bear Micro BOS,SHORT,181.17,187.2,177.49,183.46,165.56,159.59,Live Nation Entertainment,Communication Services,,1.8.5-source-port,READY,ENTRY,READY_TO_ENTRY
2026-09-05T00:15:01.213940+00:00,C,SP500,2026-09-03,138.13999938964844,ENTRY,3,2B,Neutral Zhongshu,Neutral,Bull Micro BOS,LONG,136.46,139.26,138.14,129.33,155.75,164.56,Citigroup,Financials,,1.8.5-source-port,READY,ENTRY,READY_TO_ENTRY
2026-09-05T00:15:01.213940+00:00,CCI,SP500,2026-09-03,77.26000213623047,ENTRY,3,2B,Bear Trend,Neutral,Bull Micro BOS,LONG,73.52,75.89,77.26,74.19,83.41,86.48,Crown Castle,Real Estate,,1.8.5-source-port,READY,ENTRY,READY_TO_ENTRY
2026-09-05T00:15:01.213940+00:00,CSCO,SP500,2026-09-03,108.61000061035156,ENTRY,3,2S,Bearish Zhongshu,Neutral,Bear Micro BOS,SHORT,109.23,112.95,108.61,113.84,98.15,92.92,Cisco,Information Technology,,1.8.5-source-port,READY,ENTRY,READY_TO_ENTRY
2026-09-05T00:15:01.213940+00:00,RSG,SP500,2026-09-03,225.1199951171875,ENTRY,3,2B,Bull Trend,Neutral,Bull Micro BOS,LONG,218.86,222.66,225.12,217.69,239.99,247.42,Republic Services,Industrials,,1.8.5-source-port,READY,ENTRY,READY_TO_ENTRY
2026-09-05T00:15:01.213940+00:00,AEP,SP500,2026-09-03,124.70999908447266,ENTRY,3,BRK,Bear Trend,Neutral,Bull Micro BOS,LONG,122.25,123.85,124.71,122.98,128.17,129.89,American Electric Power,Utilities,,1.8.5-source-port,WATCH,ENTRY,WATCH_TO_ENTRY
2026-09-05T00:15:01.213940+00:00,BNY,SP500,2026-09-03,164.3300018310547,ENTRY,3,BRK,Bull Trend,Neutral,Bull Micro BOS,LONG,161.2,163.12,164.33,161.3,170.39,173.42,BNY Mellon,Financials,,1.8.5-source-port,WATCH,ENTRY,WATCH_TO_ENTRY
2026-09-05T00:15:01.213940+00:00,ELV,SP500,2026-09-03,414.7799987792969,ENTRY,3,BRK,Bull Trend,Neutral,Bull Micro BOS,LONG,393.81,404.72,414.78,400.13,444.08,458.72,Elevance Health,Health Care,,1.8.5-source-port,WATCH,ENTRY,WATCH_TO_ENTRY
2026-09-05T00:15:01.213940+00:00,GDDY,SP500,2026-09-03,103.62999725341797,ENTRY,3,BRK,Bullish Zhongshu,Neutral,Bull Micro BOS,LONG,95.51,101.99,103.63,100.36,110.18,113.45,GoDaddy,Information Technology,,1.8.5-source-port,WATCH,ENTRY,WATCH_TO_ENTRY
2026-09-05T00:15:01.213940+00:00,HOOD,SP500,2026-09-03,124.72000122070312,ENTRY,3,BRK,Bullish Zhongshu,Neutral,Bull Micro BOS,LONG,100.68,112.45,124.72,110.69,152.78,166.81,Robinhood Markets,Financials,,1.8.5-source-port,WATCH,ENTRY,WATCH_TO_ENTRY
2026-09-05T00:15:01.213940+00:00,LDOS,SP500,2026-09-03,132.36000061035156,ENTRY,3,BRK_SHORT,Bearish Zhongshu,Neutral,Bear Micro BOS,SHORT,134.27,142.48,132.36,138.16,120.77,114.97,Leidos,Industrials,,1.8.5-source-port,WATCH,ENTRY,WATCH_TO_ENTRY
2026-09-05T00:15:01.213940+00:00,MTD,SP500,2026-09-03,1356.22998046875,ENTRY,3,BRK_SHORT,Bearish Zhongshu,Neutral,Bear Micro BOS,SHORT,1377.1,1440.22,1356.23,1398.0,1272.7,1230.93,Mettler Toledo,Health Care,,1.8.5-source-port,WATCH,ENTRY,WATCH_TO_ENTRY
2026-09-05T00:15:01.213940+00:00,PFG,SP500,2026-09-03,118.51000213623047,ENTRY,3,BRK,Bull Trend,Neutral,Bull Micro BOS,LONG,112.94,114.9,118.51,114.25,127.03,131.29,Principal Financial Group,Financials,,1.8.5-source-port,WATCH,ENTRY,WATCH_TO_ENTRY
2026-09-05T00:15:01.213940+00:00,TSLA,SP500,2026-09-03,376.3699951171875,ENTRY,3,BRK,Bullish Zhongshu,Accumulation,Bull Micro BOS,LONG,345.2,366.5,376.37,361.75,405.6,420.22,"Tesla, Inc.",Consumer Discretionary,,1.8.5-source-port,WATCH,ENTRY,WATCH_TO_ENTRY
2026-09-05T00:15:01.213940+00:00,TTD,SP500,2026-09-03,15.09000015258789,ENTRY,3,BRK,Bullish Zhongshu,Neutral,Bull Micro BOS,LONG,13.14,14.7,15.09,14.17,16.93,17.85,Trade Desk (The),Communication Services,,1.8.5-source-port,WATCH,ENTRY,WATCH_TO_ENTRY
2026-09-05T00:15:01.213940+00:00,APD,SP500,2026-09-03,304.2200012207031,READY,2,UTAD,Bull Trend,Distribution,Waiting,SHORT,299.5,308.83,,,,,Air Products,Materials,,1.8.5-source-port,WATCH,READY,WATCH_TO_READY
2026-09-05T00:15:01.213940+00:00,ADSK,SP500,2026-09-03,237.52000427246094,READY,2,3S,Bull Trend,Neutral,Bear Micro BOS,SHORT,246.51,249.14,,,,,Autodesk,Information Technology,,1.8.5-source-port,ENTRY,READY,ENTRY_TO_READY
2026-09-05T00:15:01.213940+00:00,AMD,SP500,2026-09-03,456.1600036621094,READY,2,3S,Bear Trend,Neutral,Waiting,SHORT,463.21,517.35,,,,,Advanced Micro Devices,Information Technology,,1.8.5-source-port,WATCH,READY,WATCH_TO_READY
2026-09-05T00:15:01.213940+00:00,BLK,SP500,2026-09-03,1126.1500244140625,READY,2,3S,Bearish Zhongshu,Neutral,Waiting,SHORT,1126.0,1150.3,,,,,BlackRock,Financials,,1.8.5-source-port,ENTRY,READY,ENTRY_TO_READY
2026-09-05T00:15:01.213940+00:00,MOS,SP500,2026-09-03,25.489999771118164,READY,2,3B,Bull Trend,Neutral,Waiting,LONG,23.42,23.95,,,,,Mosaic Company (The),Materials,,1.8.5-source-port,ENTRY,READY,ENTRY_TO_READY
2026-09-05T00:15:01.213940+00:00,NCLH,SP500,2026-09-03,15.59000015258789,READY,2,3S,Bear Trend,Neutral,Waiting,SHORT,16.42,17.67,,,,,Norwegian Cruise Line Holdings,Consumer Discretionary,,1.8.5-source-port,ENTRY,READY,ENTRY_TO_READY
2026-09-05T00:15:01.213940+00:00,NDAQ,SP500,2026-09-03,98.70999908447266,READY,2,3B,Bull Trend,Neutral,Waiting,LONG,94.61,96.87,,,,,"Nasdaq, Inc.",Financials,,1.8.5-source-port,WATCH,READY,WATCH_TO_READY
2026-09-05T00:15:01.213940+00:00,ORLY,SP500,2026-09-03,87.37999725341797,READY,2,3S,Bear Trend,Neutral,Waiting,SHORT,88.45,89.34,,,,,O'Reilly Automotive,Consumer Discretionary,,1.8.5-source-port,ENTRY,READY,ENTRY_TO_READY
2026-09-05T00:15:01.213940+00:00,XEL,SP500,2026-09-03,76.33999633789062,READY,2,3S,Bearish Zhongshu,Neutral,Waiting,SHORT,76.12,77.5,,,,,Xcel Energy,Utilities,,1.8.5-source-port,ENTRY,READY,ENTRY_TO_READY
2026-09-05T00:15:01.213940+00:00,LHX,SP500,2026-09-03,262.1400146484375,READY,2,2S,Bear Trend,Neutral,Waiting,SHORT,300.27,303.1,,,,,L3Harris,Industrials,,1.8.5-source-port,WATCH,READY,WATCH_TO_READY
2026-09-05T00:15:01.213940+00:00,NUE,SP500,2026-09-03,262.4700012207031,READY,2,2S,Bullish Zhongshu,Neutral,Waiting,SHORT,238.62,254.2,,,,,Nucor,Materials,,1.8.5-source-port,ENTRY,READY,ENTRY_TO_READY
2026-09-05T00:15:01.213940+00:00,WBD,SP500,2026-09-03,28.3700008392334,READY,2,2B,Bullish Zhongshu,Neutral,Waiting,LONG,26.0,26.53,,,,,Warner Bros. Discovery,Communication Services,,1.8.5-source-port,WATCH,READY,WATCH_TO_READY
2026-09-05T00:15:01.213940+00:00,BA,SP500,2026-09-03,210.50999450683594,WATCH,1,NONE,Bull Trend,Neutral,Waiting,,228.18,237.48,,,,,Boeing,Industrials,,1.8.5-source-port,READY,WATCH,READY_TO_WATCH
2026-09-05T00:15:01.213940+00:00,BEN,SP500,2026-09-03,33.54999923706055,WATCH,1,NONE,Bear Trend,Neutral,Waiting,,33.25,34.54,,,,,Franklin Resources,Financials,,1.8.5-source-port,READY,WATCH,READY_TO_WATCH
2026-09-05T00:15:01.213940+00:00,CB,SP500,2026-09-03,348.25,WATCH,1,NONE,Bear Trend,Neutral,Bull Micro BOS,,342.22,347.04,,,,,Chubb Limited,Financials,,1.8.5-source-port,READY,WATCH,READY_TO_WATCH
2026-09-05T00:15:01.213940+00:00,CFG,SP500,2026-09-03,70.83000183105469,WATCH,1,NONE,Bear Trend,Neutral,Waiting,,70.12,71.0,,,,,Citizens Financial Group,Financials,,1.8.5-source-port,READY,WATCH,READY_TO_WATCH
2026-09-05T00:15:01.213940+00:00,CHTR,SP500,2026-09-03,151.3800048828125,WATCH,1,NONE,Neutral Zhongshu,Neutral,Waiting,,145.19,159.29,,,,,Charter Communications,Communication Services,,1.8.5-source-port,ENTRY,WATCH,ENTRY_TO_WATCH
2026-09-05T00:15:01.213940+00:00,CINF,SP500,2026-09-03,174.72000122070312,WATCH,1,NONE,Bear Trend,Neutral,Bull Micro BOS,,172.87,174.29,,,,,Cincinnati Financial,Financials,,1.8.5-source-port,READY,WATCH,READY_TO_WATCH
2026-09-05T00:15:01.213940+00:00,DLR,SP500,2026-09-03,187.7899932861328,WATCH,1,NONE,Bear Trend,Neutral,Waiting,,185.16,201.56,,,,,Digital Realty,Real Estate,,1.8.5-source-port,READY,WATCH,READY_TO_WATCH
2026-09-05T00:15:01.213940+00:00,HAL,SP500,2026-09-03,37.290000915527344,WATCH,1,NONE,Bullish Zhongshu,Neutral,Waiting,,33.54,33.95,,,,,Halliburton,Energy,,1.8.5-source-port,ENTRY,WATCH,ENTRY_TO_WATCH
2026-09-05T00:15:01.213940+00:00,IDXX,SP500,2026-09-03,529.2899780273438,WATCH,1,NONE,Bearish Zhongshu,Neutral,Bear Micro BOS,,544.01,561.28,,,,,Idexx Laboratories,Health Care,,1.8.5-source-port,ENTRY,WATCH,ENTRY_TO_WATCH
2026-09-05T00:15:01.213940+00:00,JBHT,SP500,2026-09-03,266.2799987792969,WATCH,1,NONE,Bear Trend,Neutral,Bull Micro BOS,,261.28,266.11,,,,,J.B. Hunt,Industrials,,1.8.5-source-port,READY,WATCH,READY_TO_WATCH
2026-09-05T00:15:01.213940+00:00,NI,SP500,2026-09-03,41.65999984741211,WATCH,1,NONE,Bear Trend,Neutral,Bull Micro BOS,,41.41,43.22,,,,,NiSource,Utilities,,1.8.5-source-port,READY,WATCH,READY_TO_WATCH
2026-09-05T00:15:01.213940+00:00,PLD,SP500,2026-09-03,138.35000610351562,WATCH,1,NONE,Bear Trend,Neutral,Waiting,,137.22,142.04,,,,,Prologis,Real Estate,,1.8.5-source-port,ENTRY,WATCH,ENTRY_TO_WATCH
2026-09-05T00:15:01.213940+00:00,PNR,SP500,2026-09-03,60.02000045776367,WATCH,1,NONE,Bearish Zhongshu,Neutral,Bear Micro BOS,,65.1,70.97,,,,,Pentair,Industrials,,1.8.5-source-port,READY,WATCH,READY_TO_WATCH
2026-09-05T00:15:01.213940+00:00,PTC,SP500,2026-09-03,150.0800018310547,WATCH,1,NONE,Bull Trend,Neutral,Waiting,,137.23,143.6,,,,,PTC Inc.,Information Technology,,1.8.5-source-port,READY,WATCH,READY_TO_WATCH
2026-09-05T00:15:01.213940+00:00,ZBRA,SP500,2026-09-03,357.5,WATCH,1,NONE,Neutral Zhongshu,Neutral,Waiting,,350.36,367.18,,,,,Zebra Technologies,Information Technology,,1.8.5-source-port,READY,WATCH,READY_TO_WATCH
2026-09-07T14:26:38.651127+00:00,600482,HS300,2026-09-07,35.04,ENTRY,3,BRK,Bullish Zhongshu,Neutral,Bull Micro BOS,LONG,31.41,33.58,35.04,32.34,40.44,43.14,中国动力,nan,,1.8.5-source-port,WATCH,ENTRY,WATCH_TO_ENTRY
2026-09-07T14:26:38.651127+00:00,601727,HS300,2026-09-07,6.71,ENTRY,3,BRK,Bullish Zhongshu,Neutral,Bull Micro BOS,LONG,6.42,6.68,6.71,6.6,6.92,7.03,上海电气,nan,,1.8.5-source-port,WATCH,ENTRY,WATCH_TO_ENTRY
2026-09-07T14:26:38.651127+00:00,600023,HS300,2026-09-07,4.85,READY,2,3S,Bearish Zhongshu,Neutral,Bear Micro BOS,SHORT,4.87,4.97,,,,,浙能电力,nan,,1.8.5-source-port,WATCH,READY,WATCH_TO_READY
2026-09-07T14:26:38.651127+00:00,600150,HS300,2026-09-07,38.38,READY,2,3B,Bullish Zhongshu,Neutral,Bull Micro BOS,LONG,33.51,34.96,,,,,中国船舶,nan,,1.8.5-source-port,ENTRY,READY,ENTRY_TO_READY
2026-09-07T14:26:38.651127+00:00,601117,HS300,2026-09-07,7.32,READY,2,3S,Bearish Zhongshu,Neutral,Bear Micro BOS,SHORT,7.35,7.62,,,,,中国化学,nan,,1.8.5-source-port,WATCH,READY,WATCH_TO_READY
2026-09-07T14:26:38.651127+00:00,000807,HS300,2026-09-07,26.79,READY,2,2S,Bear Trend,Neutral,Waiting,SHORT,25.45,27.34,,,,,云铝股份,nan,,1.8.5-source-port,NONE,READY,NEW_READY
2026-09-07T14:26:38.651127+00:00,000999,HS300,2026-09-07,24.67,READY,2,2S,Bear Trend,Neutral,Waiting,SHORT,24.53,24.66,,,,,华润三九,nan,,1.8.5-source-port,ENTRY,READY,ENTRY_TO_READY
2026-09-07T14:26:38.651127+00:00,600000,HS300,2026-09-07,9.23,READY,2,2S,Neutral Zhongshu,Neutral,Waiting,SHORT,9.14,9.28,,,,,浦发银行,nan,,1.8.5-source-port,ENTRY,READY,ENTRY_TO_READY
2026-09-07T14:26:38.651127+00:00,600519,HS300,2026-09-07,1316.01,READY,2,2S,Bullish Zhongshu,Neutral,Waiting,SHORT,1270.33,1307.99,,,,,贵州茅台,nan,,1.8.5-source-port,ENTRY,READY,ENTRY_TO_READY
2026-09-07T14:26:38.651127+00:00,600886,HS300,2026-09-07,14.25,READY,2,2S,Bullish Zhongshu,Neutral,Waiting,SHORT,14.09,14.13,,,,,国投电力,nan,,1.8.5-source-port,ENTRY,READY,ENTRY_TO_READY
2026-09-07T14:26:38.651127+00:00,000625,HS300,2026-09-07,7.11,WATCH,1,NONE,Bearish Zhongshu,Neutral,Waiting,,7.11,7.17,,,,,长安汽车,nan,,1.8.5-source-port,READY,WATCH,READY_TO_WATCH
2026-09-07T14:26:38.651127+00:00,002493,HS300,2026-09-07,13.99,WATCH,1,NONE,Bull Trend,Neutral,Waiting,,12.38,12.69,,,,,荣盛石化,nan,,1.8.5-source-port,READY,WATCH,READY_TO_WATCH
2026-09-07T14:26:38.651127+00:00,600026,HS300,2026-09-07,19.75,WATCH,1,NONE,Bull Trend,Neutral,Waiting,,16.45,17.99,,,,,中远海能,nan,,1.8.5-source-port,READY,WATCH,READY_TO_WATCH
2026-09-07T14:26:38.651127+00:00,600036,HS300,2026-09-07,41.07,WATCH,1,NONE,Bull Trend,Neutral,Waiting,,38.03,38.32,,,,,招商银行,nan,,1.8.5-source-port,READY,WATCH,READY_TO_WATCH
2026-09-07T14:26:38.651127+00:00,600795,HS300,2026-09-07,5.28,WATCH,1,NONE,Bull Trend,Neutral,Waiting,,4.89,4.91,,,,,国电电力,nan,,1.8.5-source-port,READY,WATCH,READY_TO_WATCH
2026-09-07T14:26:38.651127+00:00,600875,HS300,2026-09-07,24.99,WATCH,1,NONE,Bearish Zhongshu,Neutral,Waiting,,26.62,28.09,,,,,东方电气,nan,,1.8.5-source-port,READY,WATCH,READY_TO_WATCH
2026-09-07T14:26:38.651127+00:00,600900,HS300,2026-09-07,27.85,WATCH,1,NONE,Neutral Zhongshu,Neutral,Waiting,,27.51,28.43,,,,,长江电力,nan,,1.8.5-source-port,READY,WATCH,READY_TO_WATCH
2026-09-07T14:26:38.651127+00:00,601077,HS300,2026-09-07,6.73,WATCH,1,NONE,Bull Trend,Neutral,Bear Micro BOS,,6.5,6.64,,,,,渝农商行,nan,,1.8.5-source-port,READY,WATCH,READY_TO_WATCH
2026-09-07T14:26:38.651127+00:00,601169,HS300,2026-09-07,5.48,WATCH,1,NONE,Bull Trend,Neutral,Waiting,,4.94,4.98,,,,,北京银行,nan,,1.8.5-source-port,READY,WATCH,READY_TO_WATCH
2026-09-07T14:26:38.651127+00:00,601328,HS300,2026-09-07,7.32,WATCH,1,NONE,Bull Trend,Neutral,Waiting,,6.85,6.99,,,,,交通银行,nan,,1.8.5-source-port,READY,WATCH,READY_TO_WATCH
2026-09-07T14:26:38.651127+00:00,601628,HS300,2026-09-07,38.45,WATCH,1,NONE,Bullish Zhongshu,Neutral,Waiting,,37.15,38.88,,,,,中国人寿,nan,,1.8.5-source-port,READY,WATCH,READY_TO_WATCH
2026-09-07T14:26:38.651127+00:00,601899,HS300,2026-09-07,32.87,WATCH,1,NONE,Bull Trend,Neutral,Waiting,,32.19,33.27,,,,,紫金矿业,nan,,1.8.5-source-port,READY,WATCH,READY_TO_WATCH
2026-09-07T14:26:38.651127+00:00,688072,HS300,2026-09-07,651.92,WATCH,1,NONE,Bearish Zhongshu,Neutral,Waiting,,633.35,727.27,,,,,拓荆科技,nan,,1.8.5-source-port,READY,WATCH,READY_TO_WATCH
2026-09-07T14:26:38.651127+00:00,000895,HS300,2026-09-07,24.0,NONE,0,NONE,Bear Trend,Neutral,Bear Micro BOS,,23.89,25.02,,,,,双汇发展,nan,,1.8.5-source-port,WATCH,NONE,DROPPED
2026-09-07T14:26:38.651127+00:00,601668,HS300,2026-09-07,4.35,NONE,0,NONE,Bear Trend,Neutral,Waiting,,4.49,4.5,,,,,中国建筑,nan,,1.8.5-source-port,READY,NONE,DROPPED
2026-09-07T14:26:38.651127+00:00,605499,HS300,2026-09-07,121.98,NONE,0,NONE,Bear Trend,Neutral,Waiting,,120.0,124.48,,,,,东鹏饮料,nan,,1.8.5-source-port,READY,NONE,DROPPED
2026-09-07T14:26:38.651127+00:00,688521,HS300,2026-09-07,185.78,NONE,0,NONE,Bear Trend,Neutral,Waiting,,170.21,198.6,,,,,芯原股份,nan,,1.8.5-source-port,READY,NONE,DROPPED
2026-09-08T00:35:37.060669+00:00,VLTO,SP500,2026-09-04,96.30999755859375,ENTRY,3,3S,Bearish Zhongshu,Neutral,Bear Micro BOS,SHORT,97.33,101.0,96.31,97.85,93.24,91.7,Veralto,Industrials,,1.8.5-source-port,READY,ENTRY,READY_TO_ENTRY
2026-09-08T00:35:37.060669+00:00,FIS,SP500,2026-09-04,41.88999938964844,ENTRY,3,2B,Bullish Zhongshu,Neutral,Bull Micro BOS,LONG,40.86,41.85,41.89,39.8,46.06,48.15,Fidelity National Information Services,Financials,,1.8.5-source-port,READY,ENTRY,READY_TO_ENTRY
2026-09-08T00:35:37.060669+00:00,INTC,SP500,2026-09-04,95.80000305175781,ENTRY,3,2B,Bullish Zhongshu,Neutral,Bull Micro BOS,LONG,85.14,93.7,95.8,84.4,118.6,130.0,Intel,Information Technology,,1.8.5-source-port,READY,ENTRY,READY_TO_ENTRY
2026-09-08T00:35:37.060669+00:00,LHX,SP500,2026-09-04,256.45001220703125,ENTRY,3,2S,Bear Trend,Neutral,Bear Micro BOS,SHORT,300.27,303.1,256.45,270.23,228.88,215.1,L3Harris,Industrials,,1.8.5-source-port,READY,ENTRY,READY_TO_ENTRY
2026-09-08T00:35:37.060669+00:00,STZ,SP500,2026-09-04,128.17999267578125,ENTRY,3,2S,Bull Trend,Neutral,Bear Micro BOS,SHORT,129.59,133.45,128.18,133.66,117.21,111.73,Constellation Brands,Consumer Staples,,1.8.5-source-port,WATCH,ENTRY,WATCH_TO_ENTRY
2026-09-08T00:35:37.060669+00:00,GEHC,SP500,2026-09-04,68.86000061035156,ENTRY,3,BRK_SHORT,Bull Trend,Neutral,Bear Micro BOS,SHORT,69.58,72.04,68.86,70.12,66.35,65.09,GE HealthCare,Health Care,,1.8.5-source-port,WATCH,ENTRY,WATCH_TO_ENTRY
2026-09-08T00:35:37.060669+00:00,JBHT,SP500,2026-09-04,273.7699890136719,ENTRY,3,BRK,Bear Trend,Neutral,Bull Micro BOS,LONG,261.28,266.11,273.77,262.97,295.37,306.17,J.B. Hunt,Industrials,,1.8.5-source-port,WATCH,ENTRY,WATCH_TO_ENTRY
2026-09-08T00:35:37.060669+00:00,LIN,SP500,2026-09-04,477.57000732421875,ENTRY,3,BRK_SHORT,Bearish Zhongshu,Neutral,Bear Micro BOS,SHORT,480.58,492.88,477.57,485.54,461.63,453.65,Linde plc,Materials,,1.8.5-source-port,WATCH,ENTRY,WATCH_TO_ENTRY
2026-09-08T00:35:37.060669+00:00,MA,SP500,2026-09-04,579.2100219726562,ENTRY,3,BRK_SHORT,Bull Trend,Neutral,Bear Micro BOS,SHORT,580.88,582.93,579.21,587.53,562.57,554.25,Mastercard,Financials,,1.8.5-source-port,READY,ENTRY,READY_TO_ENTRY
2026-09-08T00:35:37.060669+00:00,MPC,SP500,2026-09-04,388.8999938964844,ENTRY,3,BRK,Bull Trend,Neutral,Bull Micro BOS,LONG,347.67,367.6,388.9,364.32,438.05,462.63,Marathon Petroleum,Energy,,1.8.5-source-port,WATCH,ENTRY,WATCH_TO_ENTRY
2026-09-08T00:35:37.060669+00:00,PM,SP500,2026-09-04,182.52999877929688,ENTRY,3,BRK_SHORT,Bearish Zhongshu,Neutral,Bear Micro BOS,SHORT,184.75,189.7,182.53,187.32,172.96,168.17,Philip Morris International,Consumer Staples,,1.8.5-source-port,WATCH,ENTRY,WATCH_TO_ENTRY
2026-09-08T00:35:37.060669+00:00,PSX,SP500,2026-09-04,255.08999633789062,ENTRY,3,BRK,Bull Trend,Neutral,Bull Micro BOS,LONG,233.55,246.95,255.09,244.88,275.52,285.73,Phillips 66,Energy,,1.8.5-source-port,WATCH,ENTRY,WATCH_TO_ENTRY
2026-09-08T00:35:37.060669+00:00,SNDK,SP500,2026-09-04,1740.0,ENTRY,3,BRK,Bullish Zhongshu,Neutral,Bull Micro BOS,LONG,1416.56,1609.6,1740.0,1543.3,2133.4,2330.1,Sandisk,Information Technology,,1.8.5-source-port,READY,ENTRY,READY_TO_ENTRY
2026-09-08T00:35:37.060669+00:00,CCI,SP500,2026-09-04,75.83000183105469,READY,2,3B,Bear Trend,Neutral,Waiting,LONG,73.52,75.89,,,,,Crown Castle,Real Estate,,1.8.5-source-port,ENTRY,READY,ENTRY_TO_READY
2026-09-08T00:35:37.060669+00:00,ELV,SP500,2026-09-04,407.5,READY,2,3B,Bull Trend,Neutral,Waiting,LONG,393.81,404.72,,,,,Elevance Health,Health Care,,1.8.5-source-port,ENTRY,READY,ENTRY_TO_READY
2026-09-08T00:35:37.060669+00:00,GDDY,SP500,2026-09-04,101.30999755859375,READY,2,3B,Bull Trend,Neutral,Waiting,LONG,95.51,101.99,,,,,GoDaddy,Information Technology,,1.8.5-source-port,ENTRY,READY,ENTRY_TO_READY
2026-09-08T00:35:37.060669+00:00,HOOD,SP500,2026-09-04,122.11000061035156,READY,2,3B,Bullish Zhongshu,Neutral,Bull Micro BOS,LONG,100.68,112.45,,,,,Robinhood Markets,Financials,,1.8.5-source-port,ENTRY,READY,ENTRY_TO_READY
2026-09-08T00:35:37.060669+00:00,LDOS,SP500,2026-09-04,133.0500030517578,READY,2,3S,Bearish Zhongshu,Neutral,Waiting,SHORT,134.27,142.48,,,,,Leidos,Industrials,,1.8.5-source-port,ENTRY,READY,ENTRY_TO_READY
2026-09-08T00:35:37.060669+00:00,MAR,SP500,2026-09-04,336.510009765625,READY,2,3S,Bear Trend,Neutral,Waiting,SHORT,340.12,364.37,,,,,Marriott International,Consumer Discretionary,,1.8.5-source-port,WATCH,READY,WATCH_TO_READY
2026-09-08T00:35:37.060669+00:00,MGM,SP500,2026-09-04,41.220001220703125,READY,2,3S,Bear Trend,Neutral,Waiting,SHORT,42.58,43.63,,,,,MGM Resorts,Consumer Discretionary,,1.8.5-source-port,WATCH,READY,WATCH_TO_READY
2026-09-08T00:35:37.060669+00:00,MO,SP500,2026-09-04,68.87999725341797,READY,2,3S,Bear Trend,Neutral,Waiting,SHORT,69.87,70.53,,,,,Altria,Consumer Staples,,1.8.5-source-port,WATCH,READY,WATCH_TO_READY
2026-09-08T00:35:37.060669+00:00,MTD,SP500,2026-09-04,1345.260009765625,READY,2,3S,Bear Trend,Neutral,Waiting,SHORT,1377.1,1440.22,,,,,Mettler Toledo,Health Care,,1.8.5-source-port,ENTRY,READY,ENTRY_TO_READY
2026-09-08T00:35:37.060669+00:00,NDSN,SP500,2026-09-04,318.3599853515625,READY,2,3B,Bull Trend,Neutral,Waiting,LONG,311.56,315.68,,,,,Nordson Corporation,Industrials,,1.8.5-source-port,WATCH,READY,WATCH_TO_READY
2026-09-08T00:35:37.060669+00:00,NKE,SP500,2026-09-04,38.400001525878906,READY,2,3S,Bear Trend,Neutral,Waiting,SHORT,38.86,38.93,,,,,"Nike, Inc.",Consumer Discretionary,,1.8.5-source-port,WATCH,READY,WATCH_TO_READY
2026-09-08T00:35:37.060669+00:00,PFG,SP500,2026-09-04,116.68000030517578,READY,2,3B,Bull Trend,Neutral,Waiting,LONG,112.94,114.9,,,,,Principal Financial Group,Financials,,1.8.5-source-port,ENTRY,READY,ENTRY_TO_READY
2026-09-08T00:35:37.060669+00:00,RSG,SP500,2026-09-04,222.7100067138672,READY,2,3B,Bull Trend,Neutral,Waiting,LONG,218.86,222.66,,,,,Republic Services,Industrials,,1.8.5-source-port,ENTRY,READY,ENTRY_TO_READY
2026-09-08T00:35:37.060669+00:00,STE,SP500,2026-09-04,224.58999633789062,READY,2,3S,Bull Trend,Neutral,Waiting,SHORT,224.86,235.66,,,,,Steris,Health Care,,1.8.5-source-port,WATCH,READY,WATCH_TO_READY
2026-09-08T00:35:37.060669+00:00,VEEV,SP500,2026-09-04,275.0899963378906,READY,2,3B,Bull Trend,Neutral,Waiting,LONG,238.93,253.49,,,,,Veeva Systems,Health Care,,1.8.5-source-port,WATCH,READY,WATCH_TO_READY
2026-09-08T00:35:37.060669+00:00,WY,SP500,2026-09-04,23.020000457763672,READY,2,3S,Bear Trend,Neutral,Waiting,SHORT,23.56,24.34,,,,,Weyerhaeuser,Real Estate,,1.8.5-source-port,WATCH,READY,WATCH_TO_READY
2026-09-08T00:35:37.060669+00:00,AMCR,SP500,2026-09-04,45.150001525878906,READY,2,2S,Bull Trend,Neutral,Waiting,SHORT,44.84,45.05,,,,,Amcor,Materials,,1.8.5-source-port,WATCH,READY,WATCH_TO_READY
2026-09-08T00:35:37.060669+00:00,BAC,SP500,2026-09-04,62.68000030517578,READY,2,2S,Bullish Zhongshu,Neutral,Waiting,SHORT,60.79,60.83,,,,,Bank of America,Financials,,1.8.5-source-port,WATCH,READY,WATCH_TO_READY
2026-09-08T00:35:37.060669+00:00,DLTR,SP500,2026-09-04,131.4199981689453,READY,2,2S,Bull Trend,Neutral,Waiting,SHORT,129.9,132.1,,,,,Dollar Tree,Consumer Staples,,1.8.5-source-port,WATCH,READY,WATCH_TO_READY
2026-09-08T00:35:37.060669+00:00,WST,SP500,2026-09-04,339.9700012207031,READY,2,2S,Bearish Zhongshu,Neutral,Waiting,SHORT,343.48,354.96,,,,,West Pharmaceutical Services,Health Care,,1.8.5-source-port,WATCH,READY,WATCH_TO_READY
2026-09-08T00:35:37.060669+00:00,AMD,SP500,2026-09-04,477.57000732421875,WATCH,1,NONE,Bear Trend,Neutral,Waiting,,463.21,517.35,,,,,Advanced Micro Devices,Information Technology,,1.8.5-source-port,READY,WATCH,READY_TO_WATCH
2026-09-08T00:35:37.060669+00:00,APTV,SP500,2026-09-04,47.95000076293945,WATCH,1,NONE,Bear Trend,Neutral,Waiting,,46.16,50.51,,,,,Aptiv,Consumer Discretionary,,1.8.5-source-port,READY,WATCH,READY_TO_WATCH
2026-09-08T00:35:37.060669+00:00,AVGO,SP500,2026-09-04,357.8999938964844,WATCH,1,NONE,Bearish Zhongshu,Neutral,Waiting,,388.5,389.9,,,,,Broadcom,Information Technology,,1.8.5-source-port,READY,WATCH,READY_TO_WATCH
2026-09-08T00:35:37.060669+00:00,BR,SP500,2026-09-04,172.8800048828125,WATCH,1,NONE,Bull Trend,Neutral,Bear Micro BOS,,165.81,176.94,,,,,Broadridge Financial Solutions,Industrials,,1.8.5-source-port,READY,WATCH,READY_TO_WATCH
2026-09-08T00:35:37.060669+00:00,BX,SP500,2026-09-04,136.14999389648438,WATCH,1,NONE,Bearish Zhongshu,Neutral,Waiting,,141.05,145.77,,,,,Blackstone Inc.,Financials,,1.8.5-source-port,ENTRY,WATCH,ENTRY_TO_WATCH
2026-09-08T00:35:37.060669+00:00,C,SP500,2026-09-04,137.72000122070312,WATCH,1,NONE,Neutral Zhongshu,Neutral,Bull Micro BOS,,136.46,139.26,,,,,Citigroup,Financials,,1.8.5-source-port,ENTRY,WATCH,ENTRY_TO_WATCH
2026-09-08T00:35:37.060669+00:00,CNC,SP500,2026-09-04,67.04000091552734,WATCH,1,NONE,Bull Trend,Neutral,Waiting,,65.11,66.55,,,,,Centene Corporation,Health Care,,1.8.5-source-port,ENTRY,WATCH,ENTRY_TO_WATCH
2026-09-08T00:35:37.060669+00:00,CRH,SP500,2026-09-04,94.26000213623047,WATCH,1,NONE,Bear Trend,Neutral,Waiting,,93.74,98.19,,,,,CRH plc,Materials,,1.8.5-source-port,ENTRY,WATCH,ENTRY_TO_WATCH
2026-09-08T00:35:37.060669+00:00,CSCO,SP500,2026-09-04,109.19999694824219,WATCH,1,NONE,Bear Trend,Neutral,Bear Micro BOS,,109.23,112.95,,,,,Cisco,Information Technology,,1.8.5-source-port,ENTRY,WATCH,ENTRY_TO_WATCH
2026-09-08T00:35:37.060669+00:00,CSGP,SP500,2026-09-04,30.90999984741211,WATCH,1,NONE,Bull Trend,Neutral,Bear Micro BOS,,31.29,31.4,,,,,CoStar Group,Real Estate,,1.8.5-source-port,READY,WATCH,READY_TO_WATCH
2026-09-08T00:35:37.060669+00:00,DASH,SP500,2026-09-04,211.72999572753906,WATCH,1,NONE,Bull Trend,Neutral,Waiting,,212.02,222.39,,,,,DoorDash,Consumer Discretionary,,1.8.5-source-port,READY,WATCH,READY_TO_WATCH
2026-09-08T00:35:37.060669+00:00,ESS,SP500,2026-09-04,278.6099853515625,WATCH,1,NONE,Bearish Zhongshu,Neutral,Waiting,,279.92,285.79,,,,,Essex Property Trust,Real Estate,,1.8.5-source-port,ENTRY,WATCH,ENTRY_TO_WATCH
2026-09-08T00:35:37.060669+00:00,GL,SP500,2026-09-04,174.27000427246094,WATCH,1,NONE,Bearish Zhongshu,Neutral,Waiting,,174.84,177.0,,,,,Globe Life,Financials,,1.8.5-source-port,READY,WATCH,READY_TO_WATCH
2026-09-08T00:35:37.060669+00:00,GNRC,SP500,2026-09-04,187.35000610351562,WATCH,1,NONE,Bear Trend,Neutral,Waiting,,215.0,226.0,,,,,Generac,Industrials,,1.8.5-source-port,READY,WATCH,READY_TO_WATCH
2026-09-08T00:35:37.060669+00:00,ICE,SP500,2026-09-04,161.25999450683594,WATCH,1,NONE,Bull Trend,Neutral,Waiting,,156.95,158.55,,,,,Intercontinental Exchange,Financials,,1.8.5-source-port,ENTRY,WATCH,ENTRY_TO_WATCH
2026-09-08T00:35:37.060669+00:00,IR,SP500,2026-09-04,76.36000061035156,WATCH,1,NONE,Bearish Zhongshu,Neutral,Waiting,,82.88,83.18,,,,,Ingersoll Rand,Industrials,,1.8.5-source-port,READY,WATCH,READY_TO_WATCH
2026-09-08T00:35:37.060669+00:00,JCI,SP500,2026-09-04,144.94000244140625,WATCH,1,NONE,Bull Trend,Neutral,Waiting,,142.84,147.25,,,,,Johnson Controls,Industrials,,1.8.5-source-port,READY,WATCH,READY_TO_WATCH
2026-09-08T00:35:37.060669+00:00,JNJ,SP500,2026-09-04,275.2300109863281,WATCH,1,NONE,Bull Trend,Neutral,Waiting,,256.74,262.85,,,,,Johnson & Johnson,Health Care,,1.8.5-source-port,READY,WATCH,READY_TO_WATCH
2026-09-08T00:35:37.060669+00:00,LYV,SP500,2026-09-04,173.5,WATCH,1,NONE,Bearish Zhongshu,Neutral,Bear Micro BOS,,181.17,187.2,,,,,Live Nation Entertainment,Communication Services,,1.8.5-source-port,ENTRY,WATCH,ENTRY_TO_WATCH
2026-09-08T00:35:37.060669+00:00,MCHP,SP500,2026-09-04,74.16999816894531,WATCH,1,NONE,Neutral Zhongshu,Neutral,Waiting,,72.77,75.58,,,,,Microchip Technology,Information Technology,,1.8.5-source-port,READY,WATCH,READY_TO_WATCH
2026-09-08T00:35:37.060669+00:00,NRG,SP500,2026-09-04,119.0199966430664,WATCH,1,NONE,Bear Trend,Neutral,Bull Micro BOS,,112.5,127.53,,,,,NRG Energy,Utilities,,1.8.5-source-port,READY,WATCH,READY_TO_WATCH
2026-09-08T00:35:37.060669+00:00,NSC,SP500,2026-09-04,329.4599914550781,WATCH,1,NONE,Bearish Zhongshu,Neutral,Waiting,,332.53,343.63,,,,,Norfolk Southern,Industrials,,1.8.5-source-port,ENTRY,WATCH,ENTRY_TO_WATCH
2026-09-08T00:35:37.060669+00:00,TSLA,SP500,2026-09-04,354.0799865722656,WATCH,1,NONE,Bull Trend,Accumulation,Waiting,,345.2,366.5,,,,,"Tesla, Inc.",Consumer Discretionary,,1.8.5-source-port,ENTRY,WATCH,ENTRY_TO_WATCH
2026-09-08T00:35:37.060669+00:00,TTD,SP500,2026-09-04,14.430000305175781,WATCH,1,NONE,Bullish Zhongshu,Neutral,Waiting,,13.14,14.7,,,,,Trade Desk (The),Communication Services,,1.8.5-source-port,ENTRY,WATCH,ENTRY_TO_WATCH
2026-09-08T00:35:37.060669+00:00,ULTA,SP500,2026-09-04,564.1199951171875,WATCH,1,NONE,Bull Trend,Neutral,Bull Micro BOS,,493.11,493.98,,,,,Ulta Beauty,Consumer Discretionary,,1.8.5-source-port,READY,WATCH,READY_TO_WATCH
2026-09-08T13:05:44.685374+00:00,600372,HS300,2026-09-08,11.78,ENTRY,3,3B,Bullish Zhongshu,Neutral,Bull Micro BOS,LONG,11.17,11.3,11.78,11.22,12.89,13.45,中航机载,nan,,1.8.5-source-port,READY,ENTRY,READY_TO_ENTRY
2026-09-08T13:05:44.685374+00:00,000625,HS300,2026-09-08,7.24,ENTRY,3,BRK,Bullish Zhongshu,Neutral,Bull Micro BOS,LONG,7.11,7.17,7.24,7.07,7.59,7.76,长安汽车,nan,,1.8.5-source-port,WATCH,ENTRY,WATCH_TO_ENTRY
2026-09-08T13:05:44.685374+00:00,000100,HS300,2026-09-08,4.76,READY,2,3S,Bearish Zhongshu,Neutral,Bear Micro BOS,SHORT,4.83,5.34,,,,,TCL科技,nan,,1.8.5-source-port,WATCH,READY,WATCH_TO_READY
2026-09-08T13:05:44.685374+00:00,600482,HS300,2026-09-08,34.41,READY,2,3B,Bull Trend,Neutral,Bull Micro BOS,LONG,31.41,33.58,,,,,中国动力,nan,,1.8.5-source-port,ENTRY,READY,ENTRY_TO_READY
2026-09-08T13:05:44.685374+00:00,600233,HS300,2026-09-08,16.67,READY,2,2S,Bull Trend,Neutral,Waiting,SHORT,17.15,17.5,,,,,圆通速递,nan,,1.8.5-source-port,WATCH,READY,WATCH_TO_READY
2026-09-08T13:05:44.685374+00:00,000001,HS300,2026-09-08,11.78,WATCH,1,NONE,Bull Trend,Neutral,Waiting,,11.03,11.25,,,,,平安银行,nan,,1.8.5-source-port,READY,WATCH,READY_TO_WATCH
2026-09-08T13:05:44.685374+00:00,001280,HS300,2026-09-08,65.7,WATCH,1,NONE,Bearish Zhongshu,Neutral,Bear Micro BOS,,66.4,66.98,,,,,中国铀业,nan,,1.8.5-source-port,READY,WATCH,READY_TO_WATCH
2026-09-08T13:05:44.685374+00:00,002049,HS300,2026-09-08,61.43,WATCH,1,NONE,Neutral Zhongshu,Neutral,Bear Micro BOS,,60.2,63.21,,,,,紫光国微,nan,,1.8.5-source-port,READY,WATCH,READY_TO_WATCH
2026-09-08T13:05:44.685374+00:00,300628,HS300,2026-09-08,39.75,WATCH,1,NONE,Bull Trend,Neutral,Waiting,,39.4,40.82,,,,,亿联网络,nan,,1.8.5-source-port,READY,WATCH,READY_TO_WATCH
2026-09-08T13:05:44.685374+00:00,300750,HS300,2026-09-08,335.49,WATCH,1,NONE,Bearish Zhongshu,Neutral,Bear Micro BOS,,390.5,408.52,,,,,宁德时代,nan,,1.8.5-source-port,READY,WATCH,READY_TO_WATCH
2026-09-08T13:05:44.685374+00:00,600023,HS300,2026-09-08,4.93,WATCH,1,NONE,Neutral Zhongshu,Neutral,Waiting,,4.87,4.97,,,,,浙能电力,nan,,1.8.5-source-port,READY,WATCH,READY_TO_WATCH
2026-09-08T13:05:44.685374+00:00,600276,HS300,2026-09-08,45.71,WATCH,1,NONE,Bearish Zhongshu,Accumulation,Waiting,,52.53,58.0,,,,,恒瑞医药,nan,,1.8.5-source-port,READY,WATCH,READY_TO_WATCH
2026-09-08T13:05:44.685374+00:00,601939,HS300,2026-09-08,10.68,WATCH,1,NONE,Bull Trend,Neutral,Waiting,,10.13,10.51,,,,,建设银行,nan,,1.8.5-source-port,READY,WATCH,READY_TO_WATCH
2026-09-08T13:05:44.685374+00:00,601117,HS300,2026-09-08,7.41,NONE,0,NONE,Bear Trend,Neutral,Waiting,,7.35,7.62,,,,,中国化学,nan,,1.8.5-source-port,READY,NONE,DROPPED
2026-09-08T13:05:44.685374+00:00,688041,HS300,2026-09-08,236.9,NONE,0,NONE,Bear Trend,Neutral,Bear Micro BOS,,259.4,296.99,,,,,海光信息,nan,,1.8.5-source-port,READY,NONE,DROPPED
2026-09-09T13:09:51.719493+00:00,000988,HS300,2026-09-09,108.79,ENTRY,3,2B,Neutral Zhongshu,Neutral,Bull Micro BOS,LONG,100.02,114.58,108.79,93.33,139.7,155.16,华工科技,nan,,1.8.5-source-port,READY,ENTRY,READY_TO_ENTRY
2026-09-09T13:09:51.719493+00:00,002532,HS300,2026-09-09,14.04,ENTRY,3,2B,Bullish Zhongshu,Neutral,Bull Micro BOS,LONG,12.27,13.24,14.04,12.73,16.67,17.98,天山铝业,nan,,1.8.5-source-port,READY,ENTRY,READY_TO_ENTRY
2026-09-09T13:09:51.719493+00:00,000807,HS300,2026-09-09,29.03,ENTRY,3,BRK,Bear Trend,Neutral,Bull Micro BOS,LONG,25.45,27.34,29.03,27.15,32.79,34.67,云铝股份,nan,,1.8.5-source-port,READY,ENTRY,READY_TO_ENTRY
2026-09-09T13:09:51.719493+00:00,600023,HS300,2026-09-09,5.02,ENTRY,3,BRK,Bullish Zhongshu,Neutral,Bull Micro BOS,LONG,4.87,4.97,5.02,4.9,5.25,5.37,浙能电力,nan,,1.8.5-source-port,WATCH,ENTRY,WATCH_TO_ENTRY
2026-09-09T13:09:51.719493+00:00,688047,HS300,2026-09-09,101.0,READY,2,SPR,Bearish Zhongshu,Accumulation,Waiting,LONG,100.7,108.3,,,,,龙芯中科,nan,,1.8.5-source-port,WATCH,READY,WATCH_TO_READY
2026-09-09T13:09:51.719493+00:00,000625,HS300,2026-09-09,7.18,READY,2,3B,Bullish Zhongshu,Neutral,Waiting,LONG,7.11,7.17,,,,,长安汽车,nan,,1.8.5-source-port,ENTRY,READY,ENTRY_TO_READY
2026-09-09T13:09:51.719493+00:00,002422,HS300,2026-09-09,40.37,READY,2,3S,Bearish Zhongshu,Neutral,Waiting,SHORT,41.0,48.18,,,,,科伦药业,nan,,1.8.5-source-port,WATCH,READY,WATCH_TO_READY
2026-09-09T13:09:51.719493+00:00,601058,HS300,2026-09-09,14.62,READY,2,3B,Bull Trend,Neutral,Waiting,LONG,14.02,14.27,,,,,赛轮轮胎,nan,,1.8.5-source-port,WATCH,READY,WATCH_TO_READY
2026-09-09T13:09:51.719493+00:00,601881,HS300,2026-09-09,12.17,READY,2,3S,Bear Trend,Neutral,Waiting,SHORT,12.28,12.49,,,,,中国银河,nan,,1.8.5-source-port,NONE,READY,NEW_READY
2026-09-09T13:09:51.719493+00:00,688009,HS300,2026-09-09,4.88,READY,2,3S,Bearish Zhongshu,Neutral,Bear Micro BOS,SHORT,4.91,4.95,,,,,中国通号,nan,,1.8.5-source-port,WATCH,READY,WATCH_TO_READY
2026-09-09T13:09:51.719493+00:00,002050,HS300,2026-09-09,36.19,WATCH,1,NONE,Bullish Zhongshu,Neutral,Waiting,,35.13,36.72,,,,,三花智控,nan,,1.8.5-source-port,READY,WATCH,READY_TO_WATCH
2026-09-09T13:09:51.719493+00:00,600009,HS300,2026-09-09,23.78,WATCH,1,NONE,Bullish Zhongshu,Neutral,Waiting,,23.62,23.65,,,,,上海机场,nan,,1.8.5-source-port,READY,WATCH,READY_TO_WATCH
2026-09-09T13:09:51.719493+00:00,600196,HS300,2026-09-09,22.44,WATCH,1,NONE,Bearish Zhongshu,Distrib Watch,Waiting,,23.57,24.75,,,,,复星医药,nan,,1.8.5-source-port,READY,WATCH,READY_TO_WATCH
2026-09-09T13:09:51.719493+00:00,600372,HS300,2026-09-09,11.94,WATCH,1,NONE,Bullish Zhongshu,Neutral,Bull Micro BOS,,11.17,11.3,,,,,中航机载,nan,,1.8.5-source-port,ENTRY,WATCH,ENTRY_TO_WATCH
2026-09-09T13:09:51.719493+00:00,601727,HS300,2026-09-09,6.74,WATCH,1,NONE,Bullish Zhongshu,Neutral,Bull Micro BOS,,6.42,6.68,,,,,上海电气,nan,,1.8.5-source-port,ENTRY,WATCH,ENTRY_TO_WATCH
2026-09-09T13:09:51.719493+00:00,601766,HS300,2026-09-09,6.16,WATCH,1,NONE,Bull Trend,Neutral,Waiting,,5.71,5.99,,,,,中国中车,nan,,1.8.5-source-port,READY,WATCH,READY_TO_WATCH
2026-09-09T13:09:51.719493+00:00,000708,HS300,2026-09-09,13.71,NONE,0,NONE,Bear Trend,Neutral,Waiting,,13.82,13.85,,,,,中信特钢,nan,,1.8.5-source-port,READY,NONE,DROPPED
2026-09-09T13:09:51.719493+00:00,300661,HS300,2026-09-09,107.75,NONE,0,NONE,Bear Trend,Neutral,Waiting,,108.36,116.16,,,,,圣邦股份,nan,,1.8.5-source-port,WATCH,NONE,DROPPED
2026-09-09T13:09:51.719493+00:00,300750,HS300,2026-09-09,336.84,NONE,0,NONE,Bear Trend,Neutral,Waiting,,390.5,408.52,,,,,宁德时代,nan,,1.8.5-source-port,WATCH,NONE,DROPPED
2026-09-09T13:09:51.719493+00:00,600436,HS300,2026-09-09,121.88,NONE,0,NONE,Bear Trend,Neutral,Waiting,,128.32,140.33,,,,,片仔癀,nan,,1.8.5-source-port,READY,NONE,DROPPED
2026-09-09T13:09:51.719493+00:00,601336,HS300,2026-09-09,59.93,NONE,0,NONE,Bear Trend,Neutral,Waiting,,59.78,61.0,,,,,新华保险,nan,,1.8.5-source-port,READY,NONE,DROPPED
2026-09-09T13:09:51.719493+00:00,603501,HS300,2026-09-09,80.01,NONE,0,NONE,Bear Trend,Neutral,Waiting,,80.1,83.38,,,,,豪威集团,nan,,1.8.5-source-port,READY,NONE,DROPPED
2026-09-10T00:23:59.232034+00:00,APD,SP500,2026-09-08,297.7099914550781,ENTRY,3,UTAD,Bull Trend,Distribution,Bear Micro BOS,SHORT,299.5,308.83,297.71,313.62,265.9,249.99,Air Products,Materials,,1.8.5-source-port,READY,ENTRY,READY_TO_ENTRY
2026-09-10T00:23:59.232034+00:00,BAX,SP500,2026-09-08,24.860000610351562,ENTRY,3,3S,Bear Trend,Neutral,Bear Micro BOS,SHORT,25.74,26.75,24.86,26.0,22.57,21.43,Baxter International,Health Care,,1.8.5-source-port,READY,ENTRY,READY_TO_ENTRY
2026-09-10T00:23:59.232034+00:00,AMCR,SP500,2026-09-08,44.34000015258789,ENTRY,3,2S,Bull Trend,Neutral,Bear Micro BOS,SHORT,44.84,45.05,44.34,46.61,39.8,37.53,Amcor,Materials,,1.8.5-source-port,READY,ENTRY,READY_TO_ENTRY
2026-09-10T00:23:59.232034+00:00,BKNG,SP500,2026-09-08,180.3000030517578,ENTRY,3,2S,Bull Trend,Neutral,Bear Micro BOS,SHORT,195.15,204.61,180.3,205.18,130.55,105.67,Booking Holdings,Consumer Discretionary,,1.8.5-source-port,WATCH,ENTRY,WATCH_TO_ENTRY
2026-09-10T00:23:59.232034+00:00,CSGP,SP500,2026-09-08,30.34000015258789,ENTRY,3,2S,Bull Trend,Neutral,Bear Micro BOS,SHORT,31.29,31.4,30.34,33.2,24.61,21.75,CoStar Group,Real Estate,,1.8.5-source-port,WATCH,ENTRY,WATCH_TO_ENTRY
2026-09-10T00:23:59.232034+00:00,DHI,SP500,2026-09-08,138.49000549316406,ENTRY,3,2S,Bearish Zhongshu,Neutral,Bear Micro BOS,SHORT,150.47,151.01,138.49,147.16,121.14,112.47,D. R. Horton,Consumer Discretionary,,1.8.5-source-port,WATCH,ENTRY,WATCH_TO_ENTRY
2026-09-10T00:23:59.232034+00:00,INTU,SP500,2026-09-08,318.92999267578125,ENTRY,3,2S,Bull Trend,Neutral,Bear Micro BOS,SHORT,309.05,336.94,318.93,368.36,220.06,170.63,Intuit,Information Technology,,1.8.5-source-port,WATCH,ENTRY,WATCH_TO_ENTRY
2026-09-10T00:23:59.232034+00:00,KVUE,SP500,2026-09-08,18.389999389648438,ENTRY,3,2S,Bearish Zhongshu,Neutral,Bear Micro BOS,SHORT,18.87,19.02,18.39,19.29,16.58,15.68,Kenvue,Consumer Staples,,1.8.5-source-port,WATCH,ENTRY,WATCH_TO_ENTRY
2026-09-10T00:23:59.232034+00:00,MRSH,SP500,2026-09-08,180.52000427246094,ENTRY,3,2S,Bearish Zhongshu,Neutral,Bear Micro BOS,SHORT,186.58,195.67,180.52,196.83,147.89,131.58,Marsh McLennan,Financials,,1.8.5-source-port,READY,ENTRY,READY_TO_ENTRY
2026-09-10T00:23:59.232034+00:00,ABBV,SP500,2026-09-08,248.77999877929688,ENTRY,3,BRK_SHORT,Bearish Zhongshu,Neutral,Bear Micro BOS,SHORT,252.33,255.3,248.78,256.33,233.68,226.14,AbbVie,Health Care,,1.8.5-source-port,READY,ENTRY,READY_TO_ENTRY
2026-09-10T00:23:59.232034+00:00,ABNB,SP500,2026-09-08,174.5399932861328,ENTRY,3,BRK_SHORT,Bull Trend,Neutral,Bear Micro BOS,SHORT,180.16,187.12,174.54,184.35,154.93,145.12,Airbnb,Consumer Discretionary,,1.8.5-source-port,WATCH,ENTRY,WATCH_TO_ENTRY
2026-09-10T00:23:59.232034+00:00,ABT,SP500,2026-09-08,105.5199966430664,ENTRY,3,BRK_SHORT,Bull Trend,Neutral,Bear Micro BOS,SHORT,108.68,110.04,105.52,109.52,97.51,93.51,Abbott Laboratories,Health Care,,1.8.5-source-port,WATCH,ENTRY,WATCH_TO_ENTRY
2026-09-10T00:23:59.232034+00:00,ACGL,SP500,2026-09-08,95.70999908447266,ENTRY,3,BRK_SHORT,Bearish Zhongshu,Neutral,Bear Micro BOS,SHORT,97.89,100.58,95.71,98.46,90.2,87.45,Arch Capital Group,Financials,,1.8.5-source-port,WATCH,ENTRY,WATCH_TO_ENTRY
2026-09-10T00:23:59.232034+00:00,AJG,SP500,2026-09-08,251.4499969482422,ENTRY,3,BRK_SHORT,Bull Trend,Neutral,Bear Micro BOS,SHORT,259.35,261.92,251.45,261.53,231.29,221.2,Arthur J. Gallagher & Co.,Financials,,1.8.5-source-port,READY,ENTRY,READY_TO_ENTRY
2026-09-10T00:23:59.232034+00:00,AMGN,SP500,2026-09-08,393.1700134277344,ENTRY,3,BRK_SHORT,Bull Trend,Neutral,Bear Micro BOS,SHORT,408.02,419.34,393.17,413.46,352.59,332.29,Amgen,Health Care,,1.8.5-source-port,READY,ENTRY,READY_TO_ENTRY
2026-09-10T00:23:59.232034+00:00,BALL,SP500,2026-09-08,61.02000045776367,ENTRY,3,BRK_SHORT,Bull Trend,Neutral,Bear Micro BOS,SHORT,62.37,63.31,61.02,62.74,57.58,55.85,Ball Corporation,Materials,,1.8.5-source-port,WATCH,ENTRY,WATCH_TO_ENTRY
2026-09-10T00:23:59.232034+00:00,BIIB,SP500,2026-09-08,212.5,ENTRY,3,BRK_SHORT,Bull Trend,Neutral,Bear Micro BOS,SHORT,213.58,218.59,212.5,219.04,199.41,192.87,Biogen,Health Care,,1.8.5-source-port,READY,ENTRY,READY_TO_ENTRY
2026-09-10T00:23:59.232034+00:00,BMY,SP500,2026-09-08,64.69000244140625,ENTRY,3,BRK_SHORT,Bull Trend,Neutral,Bear Micro BOS,SHORT,66.42,68.1,64.69,66.87,60.32,58.14,Bristol Myers Squibb,Health Care,,1.8.5-source-port,WATCH,ENTRY,WATCH_TO_ENTRY
2026-09-10T00:23:59.232034+00:00,BRO,SP500,2026-09-08,68.18000030517578,ENTRY,3,BRK_SHORT,Bearish Zhongshu,Neutral,Bear Micro BOS,SHORT,71.51,74.77,68.18,72.07,60.39,56.5,Brown & Brown,Financials,,1.8.5-source-port,WATCH,ENTRY,WATCH_TO_ENTRY
2026-09-10T00:23:59.232034+00:00,BSX,SP500,2026-09-08,44.97999954223633,ENTRY,3,BRK_SHORT,Bull Trend,Neutral,Bear Micro BOS,SHORT,46.09,46.37,44.98,47.99,38.96,35.95,Boston Scientific,Health Care,,1.8.5-source-port,READY,ENTRY,READY_TO_ENTRY
2026-09-10T00:23:59.232034+00:00,COO,SP500,2026-09-08,67.69000244140625,ENTRY,3,BRK_SHORT,Bull Trend,Neutral,Bear Micro BOS,SHORT,69.08,74.45,67.69,69.55,63.98,62.12,Cooper Companies (The),Health Care,,1.8.5-source-port,WATCH,ENTRY,WATCH_TO_ENTRY
2026-09-10T00:23:59.232034+00:00,DASH,SP500,2026-09-08,200.44000244140625,ENTRY,3,BRK_SHORT,Bull Trend,Neutral,Bear Micro BOS,SHORT,212.02,222.39,200.44,214.44,172.44,158.44,DoorDash,Consumer Discretionary,,1.8.5-source-port,WATCH,ENTRY,WATCH_TO_ENTRY
2026-09-10T00:23:59.232034+00:00,DXCM,SP500,2026-09-08,84.52999877929688,ENTRY,3,BRK_SHORT,Bull Trend,Neutral,Bear Micro BOS,SHORT,87.51,91.96,84.53,88.26,77.08,73.35,Dexcom,Health Care,,1.8.5-source-port,WATCH,ENTRY,WATCH_TO_ENTRY
2026-09-10T00:23:59.232034+00:00,ERIE,SP500,2026-09-08,243.35000610351562,ENTRY,3,BRK_SHORT,Bull Trend,Neutral,Bear Micro BOS,SHORT,253.84,262.7,243.35,256.48,217.09,203.96,Erie Indemnity,Financials,,1.8.5-source-port,READY,ENTRY,READY_TO_ENTRY
2026-09-10T00:23:59.232034+00:00,ETR,SP500,2026-09-08,108.52999877929688,ENTRY,3,BRK,Bear Trend,Neutral,Bull Micro BOS,LONG,104.76,107.88,108.53,106.61,112.37,114.3,Entergy,Utilities,,1.8.5-source-port,WATCH,ENTRY,WATCH_TO_ENTRY
2026-09-10T00:23:59.232034+00:00,GDDY,SP500,2026-09-08,92.87999725341797,ENTRY,3,BRK_SHORT,Bull Trend,Neutral,Bear Micro BOS,SHORT,95.51,101.99,92.88,102.0,74.64,65.52,GoDaddy,Information Technology,,1.8.5-source-port,READY,ENTRY,READY_TO_ENTRY
2026-09-10T00:23:59.232034+00:00,HAS,SP500,2026-09-08,90.30999755859375,ENTRY,3,BRK_SHORT,Bull Trend,Neutral,Bear Micro BOS,SHORT,92.01,96.28,90.31,92.73,85.48,83.06,Hasbro,Consumer Discretionary,,1.8.5-source-port,WATCH,ENTRY,WATCH_TO_ENTRY
2026-09-10T00:23:59.232034+00:00,HIG,SP500,2026-09-08,135.66000366210938,ENTRY,3,BRK_SHORT,Bearish Zhongshu,Neutral,Bear Micro BOS,SHORT,136.62,140.0,135.66,138.27,130.43,127.82,Hartford (The),Financials,,1.8.5-source-port,WATCH,ENTRY,WATCH_TO_ENTRY
2026-09-10T00:23:59.232034+00:00,HPE,SP500,2026-09-08,56.029998779296875,ENTRY,3,BRK,Bullish Zhongshu,Neutral,Bull Micro BOS,LONG,51.3,54.88,56.03,50.67,66.75,72.11,Hewlett Packard Enterprise,Information Technology,,1.8.5-source-port,WATCH,ENTRY,WATCH_TO_ENTRY
2026-09-10T00:23:59.232034+00:00,IT,SP500,2026-09-08,172.58999633789062,ENTRY,3,BRK_SHORT,Bull Trend,Neutral,Bear Micro BOS,SHORT,186.42,194.53,172.59,189.0,139.76,123.35,Gartner,Information Technology,,1.8.5-source-port,WATCH,ENTRY,WATCH_TO_ENTRY
2026-09-10T00:23:59.232034+00:00,NVR,SP500,2026-09-08,6116.85986328125,ENTRY,3,BRK_SHORT,Bearish Zhongshu,Neutral,Bear Micro BOS,SHORT,6269.16,6526.86,6116.86,6313.96,5722.67,5525.57,"NVR, Inc.",Consumer Discretionary,,1.8.5-source-port,WATCH,ENTRY,WATCH_TO_ENTRY
2026-09-10T00:23:59.232034+00:00,PAYX,SP500,2026-09-08,116.93000030517578,ENTRY,3,BRK_SHORT,Bull Trend,Neutral,Bear Micro BOS,SHORT,121.73,124.74,116.93,122.65,105.5,99.78,Paychex,Industrials,,1.8.5-source-port,WATCH,ENTRY,WATCH_TO_ENTRY
2026-09-10T00:23:59.232034+00:00,PTC,SP500,2026-09-08,133.25999450683594,ENTRY,3,BRK_SHORT,Bull Trend,Neutral,Bear Micro BOS,SHORT,137.23,143.6,133.26,141.83,116.11,107.54,PTC Inc.,Information Technology,,1.8.5-source-port,WATCH,ENTRY,WATCH_TO_ENTRY
2026-09-10T00:23:59.232034+00:00,SBUX,SP500,2026-09-08,102.01000213623047,ENTRY,3,BRK_SHORT,Bearish Zhongshu,Distribution,Bear Micro BOS,SHORT,103.08,103.1,102.01,105.49,95.04,91.56,Starbucks,Consumer Discretionary,,1.8.5-source-port,WATCH,ENTRY,WATCH_TO_ENTRY
2026-09-10T00:23:59.232034+00:00,STX,SP500,2026-09-08,904.3800048828125,ENTRY,3,BRK,Bullish Zhongshu,Neutral,Bull Micro BOS,LONG,774.0,835.4,904.38,818.7,1075.75,1161.43,Seagate Technology,Information Technology,,1.8.5-source-port,WATCH,ENTRY,WATCH_TO_ENTRY
2026-09-10T00:23:59.232034+00:00,UBER,SP500,2026-09-08,73.12999725341797,ENTRY,3,BRK_SHORT,Bull Trend,Neutral,Bear Micro BOS,SHORT,74.62,76.3,73.13,76.38,66.64,63.39,Uber,Industrials,,1.8.5-source-port,WATCH,ENTRY,WATCH_TO_ENTRY
2026-09-10T00:23:59.232034+00:00,V,SP500,2026-09-08,368.6400146484375,ENTRY,3,BRK_SHORT,Bull Trend,Neutral,Bear Micro BOS,SHORT,372.22,373.28,368.64,375.44,355.05,348.25,Visa Inc.,Financials,,1.8.5-source-port,READY,ENTRY,READY_TO_ENTRY
2026-09-10T00:23:59.232034+00:00,VRTX,SP500,2026-09-08,528.9000244140625,ENTRY,3,BRK_SHORT,Bull Trend,Neutral,Bear Micro BOS,SHORT,532.23,533.67,528.9,538.91,508.88,498.86,Vertex Pharmaceuticals,Health Care,,1.8.5-source-port,READY,ENTRY,READY_TO_ENTRY
2026-09-10T00:23:59.232034+00:00,WAT,SP500,2026-09-08,402.9100036621094,ENTRY,3,BRK_SHORT,Bull Trend,Neutral,Bear Micro BOS,SHORT,406.87,421.74,402.91,411.15,386.44,378.2,Waters Corporation,Health Care,,1.8.5-source-port,WATCH,ENTRY,WATCH_TO_ENTRY
2026-09-10T00:23:59.232034+00:00,WDAY,SP500,2026-09-08,186.27999877929688,ENTRY,3,BRK_SHORT,Bearish Zhongshu,Neutral,Bear Micro BOS,SHORT,188.05,211.83,186.28,195.25,168.34,159.37,"Workday, Inc.",Information Technology,,1.8.5-source-port,WATCH,ENTRY,WATCH_TO_ENTRY
2026-09-10T00:23:59.232034+00:00,WTW,SP500,2026-09-08,325.3399963378906,ENTRY,3,BRK_SHORT,Bull Trend,Neutral,Bear Micro BOS,SHORT,333.3,345.52,325.34,335.58,304.86,294.63,Willis Towers Watson,Financials,,1.8.5-source-port,WATCH,ENTRY,WATCH_TO_ENTRY
2026-09-10T00:23:59.232034+00:00,AES,SP500,2026-09-08,14.829999923706055,READY,2,3B,Bull Trend,Neutral,Waiting,LONG,14.71,14.79,,,,,AES Corporation,Utilities,,1.8.5-source-port,WATCH,READY,WATCH_TO_READY
2026-09-10T00:23:59.232034+00:00,CVX,SP500,2026-09-08,209.8000030517578,READY,2,3B,Bull Trend,Neutral,Waiting,LONG,197.82,208.98,,,,,Chevron Corporation,Energy,,1.8.5-source-port,WATCH,READY,WATCH_TO_READY
2026-09-10T00:23:59.232034+00:00,ETN,SP500,2026-09-08,422.1300048828125,READY,2,3B,Bull Trend,Neutral,Waiting,LONG,415.15,417.97,,,,,Eaton Corporation,Industrials,,1.8.5-source-port,WATCH,READY,WATCH_TO_READY
2026-09-10T00:23:59.232034+00:00,GEHC,SP500,2026-09-08,66.7750015258789,READY,2,3S,Bull Trend,Neutral,Bear Micro BOS,SHORT,69.58,72.04,,,,,GE HealthCare,Health Care,,1.8.5-source-port,ENTRY,READY,ENTRY_TO_READY
2026-09-10T00:23:59.232034+00:00,INTC,SP500,2026-09-08,104.47000122070312,READY,2,3B,Bullish Zhongshu,Neutral,Bull Micro BOS,LONG,85.14,93.7,,,,,Intel,Information Technology,,1.8.5-source-port,ENTRY,READY,ENTRY_TO_READY
2026-09-10T00:23:59.232034+00:00,J,SP500,2026-09-08,144.27000427246094,READY,2,3S,Bull Trend,Neutral,Waiting,SHORT,145.3,151.61,,,,,Jacobs Solutions,Industrials,,1.8.5-source-port,WATCH,READY,WATCH_TO_READY
2026-09-10T00:23:59.232034+00:00,JBHT,SP500,2026-09-08,274.7799987792969,READY,2,3B,Bear Trend,Neutral,Bull Micro BOS,LONG,261.28,266.11,,,,,J.B. Hunt,Industrials,,1.8.5-source-port,ENTRY,READY,ENTRY_TO_READY
2026-09-10T00:23:59.232034+00:00,LIN,SP500,2026-09-08,468.3800048828125,READY,2,3S,Bearish Zhongshu,Neutral,Bear Micro BOS,SHORT,480.58,492.88,,,,,Linde plc,Materials,,1.8.5-source-port,ENTRY,READY,ENTRY_TO_READY
2026-09-10T00:23:59.232034+00:00,MPC,SP500,2026-09-08,397.7699890136719,READY,2,3B,Bull Trend,Neutral,Bull Micro BOS,LONG,347.67,367.6,,,,,Marathon Petroleum,Energy,,1.8.5-source-port,ENTRY,READY,ENTRY_TO_READY
2026-09-10T00:23:59.232034+00:00,PM,SP500,2026-09-08,184.72999572753906,READY,2,3S,Bearish Zhongshu,Neutral,Waiting,SHORT,184.75,189.7,,,,,Philip Morris International,Consumer Staples,,1.8.5-source-port,ENTRY,READY,ENTRY_TO_READY
2026-09-10T00:23:59.232034+00:00,PSX,SP500,2026-09-08,259.1400146484375,READY,2,3B,Bull Trend,Neutral,Waiting,LONG,233.55,246.95,,,,,Phillips 66,Energy,,1.8.5-source-port,ENTRY,READY,ENTRY_TO_READY
2026-09-10T00:23:59.232034+00:00,QCOM,SP500,2026-09-08,174.08999633789062,READY,2,3B,Bullish Zhongshu,Distrib Watch,Waiting,LONG,156.73,168.87,,,,,Qualcomm,Information Technology,,1.8.5-source-port,WATCH,READY,WATCH_TO_READY
2026-09-10T00:23:59.232034+00:00,STZ,SP500,2026-09-08,120.9800033569336,READY,2,3S,Bull Trend,Neutral,Bear Micro BOS,SHORT,129.59,133.45,,,,,Constellation Brands,Consumer Staples,,1.8.5-source-port,ENTRY,READY,ENTRY_TO_READY
2026-09-10T00:23:59.232034+00:00,TRGP,SP500,2026-09-08,294.2900085449219,READY,2,3B,Bull Trend,Neutral,Waiting,LONG,287.75,289.68,,,,,Targa Resources,Energy,,1.8.5-source-port,WATCH,READY,WATCH_TO_READY
2026-09-10T00:23:59.232034+00:00,CBRE,SP500,2026-09-08,142.25999450683594,READY,2,2S,Bearish Zhongshu,Neutral,Waiting,SHORT,150.03,153.08,,,,,CBRE Group,Real Estate,,1.8.5-source-port,WATCH,READY,WATCH_TO_READY
2026-09-10T00:23:59.232034+00:00,CHRW,SP500,2026-09-08,150.10000610351562,READY,2,2B,Bear Trend,Neutral,Waiting,LONG,143.18,150.36,,,,,C.H. Robinson,Industrials,,1.8.5-source-port,WATCH,READY,WATCH_TO_READY
2026-09-10T00:23:59.232034+00:00,DIS,SP500,2026-09-08,105.05999755859375,READY,2,2S,Bull Trend,Neutral,Waiting,SHORT,97.21,99.41,,,,,Walt Disney Company (The),Communication Services,,1.8.5-source-port,WATCH,READY,WATCH_TO_READY
2026-09-10T00:23:59.232034+00:00,DRI,SP500,2026-09-08,212.9199981689453,READY,2,2S,Bearish Zhongshu,Neutral,Waiting,SHORT,217.57,217.62,,,,,Darden Restaurants,Consumer Discretionary,,1.8.5-source-port,WATCH,READY,WATCH_TO_READY
2026-09-10T00:23:59.232034+00:00,FOX,SP500,2026-09-08,58.2400016784668,READY,2,2S,Bull Trend,Neutral,Waiting,SHORT,51.22,52.9,,,,,Fox Corporation (Class B),Communication Services,,1.8.5-source-port,WATCH,READY,WATCH_TO_READY
2026-09-10T00:23:59.232034+00:00,SNDK,SP500,2026-09-08,1737.989990234375,READY,2,2B,Bullish Zhongshu,Neutral,Waiting,LONG,1416.56,1609.6,,,,,Sandisk,Information Technology,,1.8.5-source-port,ENTRY,READY,ENTRY_TO_READY
2026-09-10T00:23:59.232034+00:00,AAPL,SP500,2026-09-08,316.2200012207031,WATCH,1,NONE,Bull Trend,Neutral,Waiting,,302.94,309.97,,,,,Apple Inc.,Information Technology,,1.8.5-source-port,READY,WATCH,READY_TO_WATCH
2026-09-10T00:23:59.232034+00:00,ACN,SP500,2026-09-08,179.02999877929688,WATCH,1,NONE,Bull Trend,Neutral,Bear Micro BOS,,157.76,176.4,,,,,Accenture,Information Technology,,1.8.5-source-port,READY,WATCH,READY_TO_WATCH
2026-09-10T00:23:59.232034+00:00,AEE,SP500,2026-09-08,106.7300033569336,WATCH,1,NONE,Bear Trend,Neutral,Waiting,,106.45,107.42,,,,,Ameren,Utilities,,1.8.5-source-port,READY,WATCH,READY_TO_WATCH
2026-09-10T00:23:59.232034+00:00,AEP,SP500,2026-09-08,125.41999816894531,WATCH,1,NONE,Bear Trend,Neutral,Bull Micro BOS,,122.25,123.85,,,,,American Electric Power,Utilities,,1.8.5-source-port,ENTRY,WATCH,ENTRY_TO_WATCH
2026-09-10T00:23:59.232034+00:00,BNY,SP500,2026-09-08,162.85000610351562,WATCH,1,NONE,Bull Trend,Neutral,Waiting,,161.2,163.12,,,,,BNY Mellon,Financials,,1.8.5-source-port,ENTRY,WATCH,ENTRY_TO_WATCH
2026-09-10T00:23:59.232034+00:00,CMS,SP500,2026-09-08,68.79000091552734,WATCH,1,NONE,Bear Trend,Neutral,Waiting,,71.2,72.44,,,,,CMS Energy,Utilities,,1.8.5-source-port,READY,WATCH,READY_TO_WATCH
2026-09-10T00:23:59.232034+00:00,COIN,SP500,2026-09-08,178.94000244140625,WATCH,1,NONE,Bull Trend,Neutral,Waiting,,152.58,154.42,,,,,Coinbase,Financials,,1.8.5-source-port,READY,WATCH,READY_TO_WATCH
2026-09-10T00:23:59.232034+00:00,FIS,SP500,2026-09-08,39.41999816894531,WATCH,1,NONE,Bearish Zhongshu,Neutral,Bear Micro BOS,,40.86,41.85,,,,,Fidelity National Information Services,Financials,,1.8.5-source-port,ENTRY,WATCH,ENTRY_TO_WATCH
2026-09-10T00:23:59.232034+00:00,FITB,SP500,2026-09-08,54.5099983215332,WATCH,1,NONE,Bear Trend,Neutral,Waiting,,56.28,58.01,,,,,Fifth Third Bancorp,Financials,,1.8.5-source-port,READY,WATCH,READY_TO_WATCH
2026-09-10T00:23:59.232034+00:00,GE,SP500,2026-09-08,334.9100036621094,WATCH,1,NONE,Bearish Zhongshu,Neutral,Waiting,,359.55,366.77,,,,,GE Aerospace,Industrials,,1.8.5-source-port,READY,WATCH,READY_TO_WATCH
2026-09-10T00:23:59.232034+00:00,GPN,SP500,2026-09-08,89.41999816894531,WATCH,1,NONE,Bull Trend,Neutral,Bear Micro BOS,,89.73,90.85,,,,,Global Payments,Financials,,1.8.5-source-port,READY,WATCH,READY_TO_WATCH
2026-09-10T00:23:59.232034+00:00,JKHY,SP500,2026-09-08,159.8300018310547,WATCH,1,NONE,Bull Trend,Neutral,Waiting,,152.31,155.77,,,,,Jack Henry & Associates,Financials,,1.8.5-source-port,READY,WATCH,READY_TO_WATCH
2026-09-10T00:23:59.232034+00:00,LEN,SP500,2026-09-08,80.37000274658203,WATCH,1,NONE,Neutral Zhongshu,Neutral,Bear Micro BOS,,85.35,88.09,,,,,Lennar,Consumer Discretionary,,1.8.5-source-port,READY,WATCH,READY_TO_WATCH
2026-09-10T00:23:59.232034+00:00,LHX,SP500,2026-09-08,255.74000549316406,WATCH,1,NONE,Bear Trend,Neutral,Waiting,,300.27,303.1,,,,,L3Harris,Industrials,,1.8.5-source-port,ENTRY,WATCH,ENTRY_TO_WATCH
2026-09-10T00:23:59.232034+00:00,MCK,SP500,2026-09-08,889.1199951171875,WATCH,1,NONE,Bull Trend,Neutral,Waiting,,837.88,899.26,,,,,McKesson Corporation,Health Care,,1.8.5-source-port,READY,WATCH,READY_TO_WATCH
2026-09-10T00:23:59.232034+00:00,MCO,SP500,2026-09-08,481.25,WATCH,1,NONE,Bull Trend,Neutral,Bear Micro BOS,,484.45,490.06,,,,,Moody's Corporation,Financials,,1.8.5-source-port,READY,WATCH,READY_TO_WATCH
2026-09-10T00:23:59.232034+00:00,NDAQ,SP500,2026-09-08,95.04000091552734,WATCH,1,NONE,Bull Trend,Neutral,Waiting,,94.61,96.87,,,,,"Nasdaq, Inc.",Financials,,1.8.5-source-port,READY,WATCH,READY_TO_WATCH
2026-09-10T00:23:59.232034+00:00,RF,SP500,2026-09-08,30.06999969482422,WATCH,1,NONE,Bear Trend,Neutral,Waiting,,31.53,32.29,,,,,Regions Financial Corporation,Financials,,1.8.5-source-port,READY,WATCH,READY_TO_WATCH
2026-09-10T00:23:59.232034+00:00,SWK,SP500,2026-09-08,93.80999755859375,WATCH,1,NONE,Bearish Zhongshu,Neutral,Waiting,,97.05,100.85,,,,,Stanley Black & Decker,Industrials,,1.8.5-source-port,READY,WATCH,READY_TO_WATCH
2026-09-10T00:23:59.232034+00:00,TYL,SP500,2026-09-08,347.82000732421875,WATCH,1,NONE,Bull Trend,Neutral,Bear Micro BOS,,300.4,330.73,,,,,Tyler Technologies,Information Technology,,1.8.5-source-port,READY,WATCH,READY_TO_WATCH
2026-09-10T00:23:59.232034+00:00,VLTO,SP500,2026-09-08,95.52999877929688,WATCH,1,NONE,Bearish Zhongshu,Neutral,Bear Micro BOS,,97.33,101.0,,,,,Veralto,Industrials,,1.8.5-source-port,ENTRY,WATCH,ENTRY_TO_WATCH
2026-09-10T00:23:59.232034+00:00,WBD,SP500,2026-09-08,28.1200008392334,WATCH,1,NONE,Bullish Zhongshu,Neutral,Bear Micro BOS,,26.0,26.53,,,,,Warner Bros. Discovery,Communication Services,,1.8.5-source-port,READY,WATCH,READY_TO_WATCH
2026-09-10T00:23:59.232034+00:00,XEL,SP500,2026-09-08,76.87999725341797,WATCH,1,NONE,Bear Trend,Neutral,Waiting,,76.12,77.5,,,,,Xcel Energy,Utilities,,1.8.5-source-port,READY,WATCH,READY_TO_WATCH
2026-09-10T13:10:14.456852+00:00,601229,HS300,2026-09-10,9.79,ENTRY,3,BRK,Bull Trend,Neutral,Bull Micro BOS,LONG,9.43,9.61,9.79,9.52,10.32,10.59,上海银行,nan,,1.8.5-source-port,WATCH,ENTRY,WATCH_TO_ENTRY
2026-09-10T13:10:14.456852+00:00,000807,HS300,2026-09-10,28.33,READY,2,3B,Bear Trend,Neutral,Waiting,LONG,25.45,27.34,,,,,云铝股份,nan,,1.8.5-source-port,ENTRY,READY,ENTRY_TO_READY
2026-09-10T13:10:14.456852+00:00,002311,HS300,2026-09-10,43.1,READY,2,3S,Bear Trend,Neutral,Waiting,SHORT,44.02,47.5,,,,,海大集团,nan,,1.8.5-source-port,NONE,READY,NEW_READY
2026-09-10T13:10:14.456852+00:00,002532,HS300,2026-09-10,13.76,READY,2,3B,Bullish Zhongshu,Neutral,Waiting,LONG,12.27,13.24,,,,,天山铝业,nan,,1.8.5-source-port,ENTRY,READY,ENTRY_TO_READY
2026-09-10T13:10:14.456852+00:00,002837,HS300,2026-09-10,61.08,READY,2,3S,Bear Trend,Neutral,Waiting,SHORT,62.2,68.66,,,,,英维克,nan,,1.8.5-source-port,NONE,READY,NEW_READY
2026-09-10T13:10:14.456852+00:00,300122,HS300,2026-09-10,12.76,READY,2,3S,Bull Trend,Neutral,Bear Micro BOS,SHORT,13.11,13.56,,,,,智飞生物,nan,,1.8.5-source-port,WATCH,READY,WATCH_TO_READY
2026-09-10T13:10:14.456852+00:00,300661,HS300,2026-09-10,106.69,READY,2,3S,Bear Trend,Neutral,Waiting,SHORT,108.36,116.16,,,,,圣邦股份,nan,,1.8.5-source-port,NONE,READY,NEW_READY
2026-09-10T13:10:14.456852+00:00,300832,HS300,2026-09-10,48.18,READY,2,3S,Bull Trend,Neutral,Bear Micro BOS,SHORT,49.45,49.6,,,,,新产业,nan,,1.8.5-source-port,WATCH,READY,WATCH_TO_READY
2026-09-10T13:10:14.456852+00:00,300896,HS300,2026-09-10,88.85,READY,2,3S,Bearish Zhongshu,Neutral,Bear Micro BOS,SHORT,90.02,94.11,,,,,爱美客,nan,,1.8.5-source-port,WATCH,READY,WATCH_TO_READY
2026-09-10T13:10:14.456852+00:00,301165,HS300,2026-09-10,108.56,READY,2,3S,Bull Trend,Neutral,Bear Micro BOS,SHORT,111.1,114.99,,,,,锐捷网络,nan,,1.8.5-source-port,WATCH,READY,WATCH_TO_READY
2026-09-10T13:10:14.456852+00:00,301236,HS300,2026-09-10,35.71,READY,2,3S,Bearish Zhongshu,Neutral,Bear Micro BOS,SHORT,36.4,38.68,,,,,软通动力,nan,,1.8.5-source-port,WATCH,READY,WATCH_TO_READY
2026-09-10T13:10:14.456852+00:00,600023,HS300,2026-09-10,4.98,READY,2,3B,Bullish Zhongshu,Neutral,Waiting,LONG,4.87,4.97,,,,,浙能电力,nan,,1.8.5-source-port,ENTRY,READY,ENTRY_TO_READY
2026-09-10T13:10:14.456852+00:00,600026,HS300,2026-09-10,21.3,READY,2,3B,Bull Trend,Neutral,Waiting,LONG,18.38,19.85,,,,,中远海能,nan,,1.8.5-source-port,WATCH,READY,WATCH_TO_READY
2026-09-10T13:10:14.456852+00:00,600845,HS300,2026-09-10,16.92,READY,2,3S,Bear Trend,Neutral,Bear Micro BOS,SHORT,17.14,17.68,,,,,宝信软件,nan,,1.8.5-source-port,NONE,READY,NEW_READY
2026-09-10T13:10:14.456852+00:00,601689,HS300,2026-09-10,44.32,READY,2,3S,Bearish Zhongshu,Neutral,Bear Micro BOS,SHORT,45.48,47.57,,,,,拓普集团,nan,,1.8.5-source-port,WATCH,READY,WATCH_TO_READY
2026-09-10T13:10:14.456852+00:00,601728,HS300,2026-09-10,6.19,READY,2,3S,Bearish Zhongshu,Neutral,Waiting,SHORT,6.23,6.3,,,,,中国电信,nan,,1.8.5-source-port,WATCH,READY,WATCH_TO_READY
2026-09-10T13:10:14.456852+00:00,601916,HS300,2026-09-10,2.98,READY,2,3B,Bullish Zhongshu,Re-Accumulation,Waiting,LONG,2.88,2.96,,,,,浙商银行,nan,,1.8.5-source-port,WATCH,READY,WATCH_TO_READY
2026-09-10T13:10:14.456852+00:00,603501,HS300,2026-09-10,78.93,READY,2,3S,Bear Trend,Neutral,Waiting,SHORT,80.1,83.38,,,,,豪威集团,nan,,1.8.5-source-port,NONE,READY,NEW_READY
2026-09-10T13:10:14.456852+00:00,002241,HS300,2026-09-10,22.53,READY,2,2S,Bull Trend,Neutral,Bear Micro BOS,SHORT,23.25,23.87,,,,,歌尔股份,nan,,1.8.5-source-port,WATCH,READY,WATCH_TO_READY
2026-09-10T13:10:14.456852+00:00,600196,HS300,2026-09-10,21.88,READY,2,2S,Bearish Zhongshu,Distrib Watch,Bear Micro BOS,SHORT,23.57,24.75,,,,,复星医药,nan,,1.8.5-source-port,WATCH,READY,WATCH_TO_READY
2026-09-10T13:10:14.456852+00:00,600918,HS300,2026-09-10,5.71,READY,2,2B,Bull Trend,Neutral,Waiting,LONG,5.6,5.73,,,,,中泰证券,nan,,1.8.5-source-port,WATCH,READY,WATCH_TO_READY
2026-09-10T13:10:14.456852+00:00,000625,HS300,2026-09-10,7.12,WATCH,1,NONE,Bearish Zhongshu,Neutral,Waiting,,7.11,7.17,,,,,长安汽车,nan,,1.8.5-source-port,READY,WATCH,READY_TO_WATCH
2026-09-10T13:10:14.456852+00:00,000988,HS300,2026-09-10,105.8,WATCH,1,NONE,Neutral Zhongshu,Neutral,Waiting,,100.02,114.58,,,,,华工科技,nan,,1.8.5-source-port,ENTRY,WATCH,ENTRY_TO_WATCH
2026-09-10T13:10:14.456852+00:00,002736,HS300,2026-09-10,10.24,WATCH,1,NONE,Bearish Zhongshu,Neutral,Waiting,,10.27,10.4,,,,,国信证券,nan,,1.8.5-source-port,NONE,WATCH,NEW_WATCH
2026-09-10T13:10:14.456852+00:00,300394,HS300,2026-09-10,269.0,WATCH,1,NONE,Bearish Zhongshu,Neutral,Waiting,,277.18,295.0,,,,,天孚通信,nan,,1.8.5-source-port,READY,WATCH,READY_TO_WATCH
2026-09-10T13:10:14.456852+00:00,600690,HS300,2026-09-10,21.17,WATCH,1,NONE,Bullish Zhongshu,Neutral,Waiting,,20.45,21.49,,,,,海尔智家,nan,,1.8.5-source-port,READY,WATCH,READY_TO_WATCH
2026-09-10T13:10:14.456852+00:00,600886,HS300,2026-09-10,14.46,WATCH,1,NONE,Bullish Zhongshu,Neutral,Bull Micro BOS,,14.09,14.13,,,,,国投电力,nan,,1.8.5-source-port,READY,WATCH,READY_TO_WATCH
2026-09-10T13:10:14.456852+00:00,601166,HS300,2026-09-10,18.24,WATCH,1,NONE,Bullish Zhongshu,Neutral,Waiting,,17.89,18.01,,,,,兴业银行,nan,,1.8.5-source-port,READY,WATCH,READY_TO_WATCH
2026-09-10T13:10:14.456852+00:00,601211,HS300,2026-09-10,17.74,WATCH,1,NONE,Bearish Zhongshu,Neutral,Waiting,,17.82,18.04,,,,,国泰海通,nan,,1.8.5-source-port,NONE,WATCH,NEW_WATCH
2026-09-10T13:10:14.456852+00:00,601398,HS300,2026-09-10,8.1,WATCH,1,NONE,Bull Trend,Neutral,Waiting,,7.45,7.78,,,,,工商银行,nan,,1.8.5-source-port,READY,WATCH,READY_TO_WATCH
2026-09-10T13:10:14.456852+00:00,601888,HS300,2026-09-10,52.58,WATCH,1,NONE,Neutral Zhongshu,Neutral,Waiting,,51.81,53.8,,,,,中国中免,nan,,1.8.5-source-port,READY,WATCH,READY_TO_WATCH
2026-09-10T13:10:14.456852+00:00,688047,HS300,2026-09-10,100.2,WATCH,1,NONE,Bearish Zhongshu,Accumulation,Waiting,,100.7,108.3,,,,,龙芯中科,nan,,1.8.5-source-port,READY,WATCH,READY_TO_WATCH
2026-09-10T13:10:14.456852+00:00,601816,HS300,2026-09-10,4.83,NONE,0,NONE,Bear Trend,Neutral,Waiting,,4.88,4.93,,,,,京沪高铁,nan,,1.8.5-source-port,WATCH,NONE,DROPPED
2026-09-11T00:20:00.672043+00:00,ARE,SP500,2026-09-09,50.34000015258789,ENTRY,3,2S,Bearish Zhongshu,Neutral,Bear Micro BOS,SHORT,50.58,51.05,50.34,54.68,41.65,37.31,Alexandria Real Estate Equities,Real Estate,,1.8.5-source-port,READY,ENTRY,READY_TO_ENTRY
2026-09-11T00:20:00.672043+00:00,CBRE,SP500,2026-09-09,139.67999267578125,ENTRY,3,2S,Bearish Zhongshu,Neutral,Bear Micro BOS,SHORT,150.03,153.08,139.68,151.52,115.99,104.15,CBRE Group,Real Estate,,1.8.5-source-port,READY,ENTRY,READY_TO_ENTRY
2026-09-11T00:20:00.672043+00:00,DIS,SP500,2026-09-09,104.18000030517578,ENTRY,3,2S,Bull Trend,Neutral,Bear Micro BOS,SHORT,97.21,99.41,104.18,109.87,92.8,87.12,Walt Disney Company (The),Communication Services,,1.8.5-source-port,READY,ENTRY,READY_TO_ENTRY
2026-09-11T00:20:00.672043+00:00,DPZ,SP500,2026-09-09,321.4599914550781,ENTRY,3,2S,Bearish Zhongshu,Neutral,Bear Micro BOS,SHORT,328.72,353.0,321.46,356.39,251.6,216.67,Domino's,Consumer Discretionary,,1.8.5-source-port,READY,ENTRY,READY_TO_ENTRY
2026-09-11T00:20:00.672043+00:00,DRI,SP500,2026-09-09,209.4199981689453,ENTRY,3,2S,Bearish Zhongshu,Neutral,Bear Micro BOS,SHORT,217.57,217.62,209.42,224.83,178.61,163.2,Darden Restaurants,Consumer Discretionary,,1.8.5-source-port,READY,ENTRY,READY_TO_ENTRY
2026-09-11T00:20:00.672043+00:00,ESS,SP500,2026-09-09,274.3699951171875,ENTRY,3,2S,Bearish Zhongshu,Neutral,Bear Micro BOS,SHORT,279.92,285.79,274.37,281.79,259.53,252.11,Essex Property Trust,Real Estate,,1.8.5-source-port,WATCH,ENTRY,WATCH_TO_ENTRY
2026-09-11T00:20:00.672043+00:00,FOX,SP500,2026-09-09,57.099998474121094,ENTRY,3,2S,Bull Trend,Neutral,Bear Micro BOS,SHORT,51.22,52.9,57.1,61.91,47.48,42.67,Fox Corporation (Class B),Communication Services,,1.8.5-source-port,READY,ENTRY,READY_TO_ENTRY
2026-09-11T00:20:00.672043+00:00,FOXA,SP500,2026-09-09,63.86000061035156,ENTRY,3,2S,Bull Trend,Neutral,Bear Micro BOS,SHORT,66.69,69.18,63.86,69.29,53.0,47.57,Fox Corporation (Class A),Communication Services,,1.8.5-source-port,READY,ENTRY,READY_TO_ENTRY
2026-09-11T00:20:00.672043+00:00,GOOG,SP500,2026-09-09,328.3800048828125,ENTRY,3,2S,Bull Trend,Neutral,Bear Micro BOS,SHORT,339.82,341.98,328.38,342.59,299.95,285.74,Alphabet Inc. (Class C),Communication Services,,1.8.5-source-port,READY,ENTRY,READY_TO_ENTRY
2026-09-11T00:20:00.672043+00:00,GOOGL,SP500,2026-09-09,330.6499938964844,ENTRY,3,2S,Bull Trend,Neutral,Bear Micro BOS,SHORT,340.88,342.5,330.65,346.5,298.95,283.11,Alphabet Inc. (Class A),Communication Services,,1.8.5-source-port,READY,ENTRY,READY_TO_ENTRY
2026-09-11T00:20:00.672043+00:00,HII,SP500,2026-09-09,280.8500061035156,ENTRY,3,2S,Bear Trend,Neutral,Bear Micro BOS,SHORT,286.1,294.82,280.85,297.97,246.6,229.48,Huntington Ingalls Industries,Industrials,,1.8.5-source-port,READY,ENTRY,READY_TO_ENTRY
2026-09-11T00:20:00.672043+00:00,IR,SP500,2026-09-09,73.58000183105469,ENTRY,3,2S,Bearish Zhongshu,Neutral,Bear Micro BOS,SHORT,82.88,83.18,73.58,77.28,66.18,62.48,Ingersoll Rand,Industrials,,1.8.5-source-port,WATCH,ENTRY,WATCH_TO_ENTRY
2026-09-11T00:20:00.672043+00:00,LOW,SP500,2026-09-09,198.60000610351562,ENTRY,3,2S,Bearish Zhongshu,Neutral,Bear Micro BOS,SHORT,215.27,218.99,198.6,206.97,181.86,173.49,Lowe's,Consumer Discretionary,,1.8.5-source-port,WATCH,ENTRY,WATCH_TO_ENTRY
2026-09-11T00:20:00.672043+00:00,ARES,SP500,2026-09-09,134.3699951171875,ENTRY,3,BRK_SHORT,Bearish Zhongshu,Neutral,Bear Micro BOS,SHORT,137.12,144.13,134.37,139.64,123.84,118.57,Ares Management,Financials,,1.8.5-source-port,WATCH,ENTRY,WATCH_TO_ENTRY
2026-09-11T00:20:00.672043+00:00,AVY,SP500,2026-09-09,169.7899932861328,ENTRY,3,BRK_SHORT,Bearish Zhongshu,Neutral,Bear Micro BOS,SHORT,172.05,184.48,169.79,173.58,162.21,158.42,Avery Dennison,Materials,,1.8.5-source-port,WATCH,ENTRY,WATCH_TO_ENTRY
2026-09-11T00:20:00.672043+00:00,CHTR,SP500,2026-09-09,133.88999938964844,ENTRY,3,BRK_SHORT,Bearish Zhongshu,Neutral,Bear Micro BOS,SHORT,145.19,159.29,133.89,148.08,105.5,91.31,Charter Communications,Communication Services,,1.8.5-source-port,WATCH,ENTRY,WATCH_TO_ENTRY
2026-09-11T00:20:00.672043+00:00,ECL,SP500,2026-09-09,272.2099914550781,ENTRY,3,BRK_SHORT,Bull Trend,Neutral,Bear Micro BOS,SHORT,275.25,283.95,272.21,278.87,258.89,252.23,Ecolab,Materials,,1.8.5-source-port,WATCH,ENTRY,WATCH_TO_ENTRY
2026-09-11T00:20:00.672043+00:00,EFX,SP500,2026-09-09,168.08999633789062,ENTRY,3,BRK_SHORT,Bearish Zhongshu,Neutral,Bear Micro BOS,SHORT,172.23,178.84,168.09,178.11,148.05,138.03,Equifax,Industrials,,1.8.5-source-port,WATCH,ENTRY,WATCH_TO_ENTRY
2026-09-11T00:20:00.672043+00:00,FDX,SP500,2026-09-09,309.19000244140625,ENTRY,3,BRK_SHORT,Bull Trend,Neutral,Bear Micro BOS,SHORT,315.33,322.13,309.19,317.69,292.2,283.7,FedEx,Industrials,,1.8.5-source-port,WATCH,ENTRY,WATCH_TO_ENTRY
2026-09-11T00:20:00.672043+00:00,GPN,SP500,2026-09-09,87.0199966430664,ENTRY,3,BRK_SHORT,Bull Trend,Neutral,Bear Micro BOS,SHORT,89.73,90.85,87.02,90.62,79.83,76.23,Global Payments,Financials,,1.8.5-source-port,WATCH,ENTRY,WATCH_TO_ENTRY
2026-09-11T00:20:00.672043+00:00,MCO,SP500,2026-09-09,474.57000732421875,ENTRY,3,BRK_SHORT,Bull Trend,Neutral,Bear Micro BOS,SHORT,484.45,490.06,474.57,488.11,447.48,433.94,Moody's Corporation,Financials,,1.8.5-source-port,WATCH,ENTRY,WATCH_TO_ENTRY
2026-09-11T00:20:00.672043+00:00,OMC,SP500,2026-09-09,78.30000305175781,ENTRY,3,BRK_SHORT,Bull Trend,Neutral,Bear Micro BOS,SHORT,80.54,85.18,78.3,81.3,72.3,69.3,Omnicom Group,Communication Services,,1.8.5-source-port,WATCH,ENTRY,WATCH_TO_ENTRY
2026-09-11T00:20:00.672043+00:00,PODD,SP500,2026-09-09,137.9199981689453,ENTRY,3,BRK_SHORT,Bearish Zhongshu,Neutral,Bear Micro BOS,SHORT,140.98,151.5,137.92,144.53,124.69,118.08,Insulet Corporation,Health Care,,1.8.5-source-port,READY,ENTRY,READY_TO_ENTRY
2026-09-11T00:20:00.672043+00:00,ROP,SP500,2026-09-09,390.3500061035156,ENTRY,3,BRK_SHORT,Bull Trend,Neutral,Bear Micro BOS,SHORT,394.02,405.77,390.35,400.13,370.78,361.0,Roper Technologies,Information Technology,,1.8.5-source-port,WATCH,ENTRY,WATCH_TO_ENTRY
2026-09-11T00:20:00.672043+00:00,TSCO,SP500,2026-09-09,34.0,ENTRY,3,BRK_SHORT,Bearish Zhongshu,Accum Watch,Bear Micro BOS,SHORT,34.35,35.51,34.0,35.4,31.2,29.79,Tractor Supply,Consumer Discretionary,,1.8.5-source-port,WATCH,ENTRY,WATCH_TO_ENTRY
2026-09-11T00:20:00.672043+00:00,ABNB,SP500,2026-09-09,169.6300048828125,READY,2,3S,Bull Trend,Neutral,Bear Micro BOS,SHORT,180.16,187.12,,,,,Airbnb,Consumer Discretionary,,1.8.5-source-port,ENTRY,READY,ENTRY_TO_READY
2026-09-11T00:20:00.672043+00:00,ABT,SP500,2026-09-09,105.2300033569336,READY,2,3S,Bull Trend,Neutral,Bear Micro BOS,SHORT,108.68,110.04,,,,,Abbott Laboratories,Health Care,,1.8.5-source-port,ENTRY,READY,ENTRY_TO_READY
2026-09-11T00:20:00.672043+00:00,ACGL,SP500,2026-09-09,96.12000274658203,READY,2,3S,Bearish Zhongshu,Neutral,Waiting,SHORT,97.89,100.58,,,,,Arch Capital Group,Financials,,1.8.5-source-port,ENTRY,READY,ENTRY_TO_READY
2026-09-11T00:20:00.672043+00:00,AJG,SP500,2026-09-09,244.27999877929688,READY,2,3S,Bull Trend,Neutral,Bear Micro BOS,SHORT,259.35,261.92,,,,,Arthur J. Gallagher & Co.,Financials,,1.8.5-source-port,ENTRY,READY,ENTRY_TO_READY
2026-09-11T00:20:00.672043+00:00,AMCR,SP500,2026-09-09,43.130001068115234,READY,2,3S,Bull Trend,Neutral,Bear Micro BOS,SHORT,44.84,45.05,,,,,Amcor,Materials,,1.8.5-source-port,ENTRY,READY,ENTRY_TO_READY
2026-09-11T00:20:00.672043+00:00,AMGN,SP500,2026-09-09,391.2699890136719,READY,2,3S,Bull Trend,Neutral,Bear Micro BOS,SHORT,408.02,419.34,,,,,Amgen,Health Care,,1.8.5-source-port,ENTRY,READY,ENTRY_TO_READY
2026-09-11T00:20:00.672043+00:00,BALL,SP500,2026-09-09,60.290000915527344,READY,2,3S,Bull Trend,Neutral,Bear Micro BOS,SHORT,62.37,63.31,,,,,Ball Corporation,Materials,,1.8.5-source-port,ENTRY,READY,ENTRY_TO_READY
2026-09-11T00:20:00.672043+00:00,BIIB,SP500,2026-09-09,210.72999572753906,READY,2,3S,Bull Trend,Neutral,Waiting,SHORT,213.58,218.59,,,,,Biogen,Health Care,,1.8.5-source-port,ENTRY,READY,ENTRY_TO_READY
2026-09-11T00:20:00.672043+00:00,BKNG,SP500,2026-09-09,173.42999267578125,READY,2,3S,Bull Trend,Neutral,Bear Micro BOS,SHORT,195.15,204.61,,,,,Booking Holdings,Consumer Discretionary,,1.8.5-source-port,ENTRY,READY,ENTRY_TO_READY
2026-09-11T00:20:00.672043+00:00,BMY,SP500,2026-09-09,64.41000366210938,READY,2,3S,Bull Trend,Neutral,Bear Micro BOS,SHORT,66.42,68.1,,,,,Bristol Myers Squibb,Health Care,,1.8.5-source-port,ENTRY,READY,ENTRY_TO_READY
2026-09-11T00:20:00.672043+00:00,BRO,SP500,2026-09-09,66.52999877929688,READY,2,3S,Bearish Zhongshu,Neutral,Bear Micro BOS,SHORT,71.51,74.77,,,,,Brown & Brown,Financials,,1.8.5-source-port,ENTRY,READY,ENTRY_TO_READY
2026-09-11T00:20:00.672043+00:00,COO,SP500,2026-09-09,63.47999954223633,READY,2,3S,Bull Trend,Neutral,Bear Micro BOS,SHORT,69.08,74.45,,,,,Cooper Companies (The),Health Care,,1.8.5-source-port,ENTRY,READY,ENTRY_TO_READY
2026-09-11T00:20:00.672043+00:00,CSGP,SP500,2026-09-09,29.579999923706055,READY,2,3S,Bull Trend,Neutral,Bear Micro BOS,SHORT,31.29,31.4,,,,,CoStar Group,Real Estate,,1.8.5-source-port,ENTRY,READY,ENTRY_TO_READY
2026-09-11T00:20:00.672043+00:00,DASH,SP500,2026-09-09,197.2449951171875,READY,2,3S,Bull Trend,Neutral,Bear Micro BOS,SHORT,212.02,222.39,,,,,DoorDash,Consumer Discretionary,,1.8.5-source-port,ENTRY,READY,ENTRY_TO_READY
2026-09-11T00:20:00.672043+00:00,DXCM,SP500,2026-09-09,83.87999725341797,READY,2,3S,Bull Trend,Neutral,Bear Micro BOS,SHORT,87.51,91.96,,,,,Dexcom,Health Care,,1.8.5-source-port,ENTRY,READY,ENTRY_TO_READY
2026-09-11T00:20:00.672043+00:00,GDDY,SP500,2026-09-09,93.5999984741211,READY,2,3S,Bull Trend,Neutral,Waiting,SHORT,95.51,101.99,,,,,GoDaddy,Information Technology,,1.8.5-source-port,ENTRY,READY,ENTRY_TO_READY
2026-09-11T00:20:00.672043+00:00,HAS,SP500,2026-09-09,88.97000122070312,READY,2,3S,Bull Trend,Neutral,Bear Micro BOS,SHORT,92.01,96.28,,,,,Hasbro,Consumer Discretionary,,1.8.5-source-port,ENTRY,READY,ENTRY_TO_READY
2026-09-11T00:20:00.672043+00:00,HIG,SP500,2026-09-09,136.55999755859375,READY,2,3S,Bearish Zhongshu,Neutral,Waiting,SHORT,136.62,140.0,,,,,Hartford (The),Financials,,1.8.5-source-port,ENTRY,READY,ENTRY_TO_READY
2026-09-11T00:20:00.672043+00:00,HPE,SP500,2026-09-09,58.900001525878906,READY,2,3B,Bullish Zhongshu,Neutral,Bull Micro BOS,LONG,51.3,54.88,,,,,Hewlett Packard Enterprise,Information Technology,,1.8.5-source-port,ENTRY,READY,ENTRY_TO_READY
2026-09-11T00:20:00.672043+00:00,IT,SP500,2026-09-09,169.69000244140625,READY,2,3S,Bull Trend,Neutral,Bear Micro BOS,SHORT,186.42,194.53,,,,,Gartner,Information Technology,,1.8.5-source-port,ENTRY,READY,ENTRY_TO_READY
2026-09-11T00:20:00.672043+00:00,MA,SP500,2026-09-09,567.5,READY,2,3S,Bull Trend,Neutral,Bear Micro BOS,SHORT,580.88,582.93,,,,,Mastercard,Financials,,1.8.5-source-port,ENTRY,READY,ENTRY_TO_READY
2026-09-11T00:20:00.672043+00:00,MRSH,SP500,2026-09-09,176.83999633789062,READY,2,3S,Bearish Zhongshu,Neutral,Bear Micro BOS,SHORT,186.58,195.67,,,,,Marsh McLennan,Financials,,1.8.5-source-port,ENTRY,READY,ENTRY_TO_READY
2026-09-11T00:20:00.672043+00:00,NVR,SP500,2026-09-09,6187.2998046875,READY,2,3S,Bear Trend,Neutral,Waiting,SHORT,6269.16,6526.86,,,,,"NVR, Inc.",Consumer Discretionary,,1.8.5-source-port,ENTRY,READY,ENTRY_TO_READY
2026-09-11T00:20:00.672043+00:00,PAYX,SP500,2026-09-09,114.75,READY,2,3S,Bull Trend,Neutral,Bear Micro BOS,SHORT,121.73,124.74,,,,,Paychex,Industrials,,1.8.5-source-port,ENTRY,READY,ENTRY_TO_READY
2026-09-11T00:20:00.672043+00:00,PNW,SP500,2026-09-09,97.18000030517578,READY,2,3S,Bear Trend,Neutral,Waiting,SHORT,98.52,98.83,,,,,Pinnacle West Capital,Utilities,,1.8.5-source-port,WATCH,READY,WATCH_TO_READY
2026-09-11T00:20:00.672043+00:00,PTC,SP500,2026-09-09,128.88999938964844,READY,2,3S,Bull Trend,Neutral,Bear Micro BOS,SHORT,137.23,143.6,,,,,PTC Inc.,Information Technology,,1.8.5-source-port,ENTRY,READY,ENTRY_TO_READY
2026-09-11T00:20:00.672043+00:00,SBUX,SP500,2026-09-09,100.04000091552734,READY,2,3S,Bear Trend,Distribution,Bear Micro BOS,SHORT,103.08,103.1,,,,,Starbucks,Consumer Discretionary,,1.8.5-source-port,ENTRY,READY,ENTRY_TO_READY
2026-09-11T00:20:00.672043+00:00,STX,SP500,2026-09-09,885.9199829101562,READY,2,3B,Bullish Zhongshu,Neutral,Waiting,LONG,774.0,835.4,,,,,Seagate Technology,Information Technology,,1.8.5-source-port,ENTRY,READY,ENTRY_TO_READY
2026-09-11T00:20:00.672043+00:00,UBER,SP500,2026-09-09,71.08000183105469,READY,2,3S,Bull Trend,Neutral,Bear Micro BOS,SHORT,74.62,76.3,,,,,Uber,Industrials,,1.8.5-source-port,ENTRY,READY,ENTRY_TO_READY
2026-09-11T00:20:00.672043+00:00,V,SP500,2026-09-09,367.3900146484375,READY,2,3S,Bull Trend,Neutral,Bear Micro BOS,SHORT,372.22,373.28,,,,,Visa Inc.,Financials,,1.8.5-source-port,ENTRY,READY,ENTRY_TO_READY
2026-09-11T00:20:00.672043+00:00,WAT,SP500,2026-09-09,404.80999755859375,READY,2,3S,Bearish Zhongshu,Neutral,Waiting,SHORT,406.87,421.74,,,,,Waters Corporation,Health Care,,1.8.5-source-port,ENTRY,READY,ENTRY_TO_READY
2026-09-11T00:20:00.672043+00:00,WDAY,SP500,2026-09-09,186.0500030517578,READY,2,3S,Bearish Zhongshu,Neutral,Waiting,SHORT,188.05,211.83,,,,,"Workday, Inc.",Information Technology,,1.8.5-source-port,ENTRY,READY,ENTRY_TO_READY
2026-09-11T00:20:00.672043+00:00,WTW,SP500,2026-09-09,313.7200012207031,READY,2,3S,Bull Trend,Neutral,Bear Micro BOS,SHORT,333.3,345.52,,,,,Willis Towers Watson,Financials,,1.8.5-source-port,ENTRY,READY,ENTRY_TO_READY
2026-09-11T00:20:00.672043+00:00,ABBV,SP500,2026-09-09,250.91000366210938,READY,2,2B,Bearish Zhongshu,Neutral,Waiting,LONG,252.33,255.3,,,,,AbbVie,Health Care,,1.8.5-source-port,ENTRY,READY,ENTRY_TO_READY
2026-09-11T00:20:00.672043+00:00,CRWD,SP500,2026-09-09,207.8000030517578,READY,2,2S,Bullish Zhongshu,Neutral,Waiting,SHORT,187.01,196.41,,,,,CrowdStrike,Information Technology,,1.8.5-source-port,WATCH,READY,WATCH_TO_READY
2026-09-11T00:20:00.672043+00:00,ERIE,SP500,2026-09-09,243.8300018310547,READY,2,2B,Bull Trend,Neutral,Waiting,LONG,253.84,262.7,,,,,Erie Indemnity,Financials,,1.8.5-source-port,ENTRY,READY,ENTRY_TO_READY
2026-09-11T00:20:00.672043+00:00,FAST,SP500,2026-09-09,48.790000915527344,READY,2,2S,Bull Trend,Neutral,Waiting,SHORT,47.65,48.74,,,,,Fastenal,Industrials,,1.8.5-source-port,WATCH,READY,WATCH_TO_READY
2026-09-11T00:20:00.672043+00:00,JBL,SP500,2026-09-09,311.3699951171875,READY,2,2S,Bull Trend,Neutral,Waiting,SHORT,309.94,331.68,,,,,Jabil,Information Technology,,1.8.5-source-port,WATCH,READY,WATCH_TO_READY
2026-09-11T00:20:00.672043+00:00,PRU,SP500,2026-09-09,117.58999633789062,READY,2,2S,Bull Trend,Neutral,Waiting,SHORT,103.99,109.62,,,,,Prudential Financial,Financials,,1.8.5-source-port,WATCH,READY,WATCH_TO_READY
2026-09-11T00:20:00.672043+00:00,AKAM,SP500,2026-09-09,110.75,WATCH,1,NONE,Bear Trend,Neutral,Waiting,,107.11,109.99,,,,,Akamai Technologies,Information Technology,,1.8.5-source-port,READY,WATCH,READY_TO_WATCH
2026-09-11T00:20:00.672043+00:00,BAX,SP500,2026-09-09,24.389999389648438,WATCH,1,NONE,Bear Trend,Neutral,Bear Micro BOS,,25.74,26.75,,,,,Baxter International,Health Care,,1.8.5-source-port,ENTRY,WATCH,ENTRY_TO_WATCH
2026-09-11T00:20:00.672043+00:00,CCI,SP500,2026-09-09,75.18000030517578,WATCH,1,NONE,Bear Trend,Neutral,Waiting,,73.52,75.89,,,,,Crown Castle,Real Estate,,1.8.5-source-port,READY,WATCH,READY_TO_WATCH
2026-09-11T00:20:00.672043+00:00,COF,SP500,2026-09-09,210.86000061035156,WATCH,1,NONE,Bearish Zhongshu,Neutral,Waiting,,211.32,212.57,,,,,Capital One,Financials,,1.8.5-source-port,READY,WATCH,READY_TO_WATCH
2026-09-11T00:20:00.672043+00:00,DHI,SP500,2026-09-09,138.92999267578125,WATCH,1,NONE,Bearish Zhongshu,Neutral,Waiting,,150.47,151.01,,,,,D. R. Horton,Consumer Discretionary,,1.8.5-source-port,ENTRY,WATCH,ENTRY_TO_WATCH
2026-09-11T00:20:00.672043+00:00,ELV,SP500,2026-09-09,396.8999938964844,WATCH,1,NONE,Bull Trend,Neutral,Waiting,,393.81,404.72,,,,,Elevance Health,Health Care,,1.8.5-source-port,READY,WATCH,READY_TO_WATCH
2026-09-11T00:20:00.672043+00:00,ETR,SP500,2026-09-09,107.16999816894531,WATCH,1,NONE,Bear Trend,Neutral,Waiting,,104.76,107.88,,,,,Entergy,Utilities,,1.8.5-source-port,ENTRY,WATCH,ENTRY_TO_WATCH
2026-09-11T00:20:00.672043+00:00,INTU,SP500,2026-09-09,313.94000244140625,WATCH,1,NONE,Bull Trend,Neutral,Bear Micro BOS,,309.05,336.94,,,,,Intuit,Information Technology,,1.8.5-source-port,ENTRY,WATCH,ENTRY_TO_WATCH
2026-09-11T00:20:00.672043+00:00,KVUE,SP500,2026-09-09,17.75,WATCH,1,NONE,Bearish Zhongshu,Neutral,Bear Micro BOS,,18.87,19.02,,,,,Kenvue,Consumer Staples,,1.8.5-source-port,ENTRY,WATCH,ENTRY_TO_WATCH
2026-09-11T00:20:00.672043+00:00,MTB,SP500,2026-09-09,238.0,WATCH,1,NONE,Bear Trend,Neutral,Waiting,,244.29,254.69,,,,,M&T Bank,Financials,,1.8.5-source-port,READY,WATCH,READY_TO_WATCH
2026-09-11T00:20:00.672043+00:00,PFG,SP500,2026-09-09,114.0199966430664,WATCH,1,NONE,Bull Trend,Neutral,Waiting,,112.94,114.9,,,,,Principal Financial Group,Financials,,1.8.5-source-port,READY,WATCH,READY_TO_WATCH
2026-09-11T00:20:00.672043+00:00,PNC,SP500,2026-09-09,240.69000244140625,WATCH,1,NONE,Bearish Zhongshu,Neutral,Waiting,,246.61,254.46,,,,,PNC Financial Services,Financials,,1.8.5-source-port,READY,WATCH,READY_TO_WATCH
2026-09-11T00:20:00.672043+00:00,RCL,SP500,2026-09-09,259.760009765625,WATCH,1,NONE,Bearish Zhongshu,Neutral,Bear Micro BOS,,297.14,299.75,,,,,Royal Caribbean Group,Consumer Discretionary,,1.8.5-source-port,READY,WATCH,READY_TO_WATCH
2026-09-11T00:20:00.672043+00:00,SO,SP500,2026-09-09,88.33999633789062,WATCH,1,NONE,Bear Trend,Neutral,Waiting,,92.45,93.48,,,,,Southern Company,Utilities,,1.8.5-source-port,READY,WATCH,READY_TO_WATCH
2026-09-11T00:20:00.672043+00:00,WEC,SP500,2026-09-09,106.1500015258789,WATCH,1,NONE,Bearish Zhongshu,Neutral,Waiting,,109.84,111.89,,,,,WEC Energy Group,Utilities,,1.8.5-source-port,READY,WATCH,READY_TO_WATCH
2026-09-11T13:22:01.972681+00:00,600482,HS300,2026-09-11,34.3,ENTRY,3,3B,Bull Trend,Neutral,Bull Micro BOS,LONG,31.41,33.58,34.3,33.02,36.86,38.14,中国动力,nan,,1.8.5-source-port,READY,ENTRY,READY_TO_ENTRY
2026-09-11T13:22:01.972681+00:00,600089,HS300,2026-09-11,18.72,READY,2,3S,Bearish Zhongshu,Neutral,Waiting,SHORT,18.81,19.29,,,,,特变电工,nan,,1.8.5-source-port,WATCH,READY,WATCH_TO_READY
2026-09-11T13:22:01.972681+00:00,600160,HS300,2026-09-11,35.26,READY,2,3S,Bearish Zhongshu,Neutral,Bear Micro BOS,SHORT,36.99,38.5,,,,,巨化股份,nan,,1.8.5-source-port,WATCH,READY,WATCH_TO_READY
2026-09-11T13:22:01.972681+00:00,600489,HS300,2026-09-11,24.53,READY,2,3S,Bull Trend,Neutral,Waiting,SHORT,24.93,26.7,,,,,中金黄金,nan,,1.8.5-source-port,WATCH,READY,WATCH_TO_READY
2026-09-11T13:22:01.972681+00:00,600999,HS300,2026-09-11,17.49,READY,2,3S,Bull Trend,Neutral,Bear Micro BOS,SHORT,17.82,17.95,,,,,招商证券,nan,,1.8.5-source-port,WATCH,READY,WATCH_TO_READY
2026-09-11T13:22:01.972681+00:00,601229,HS300,2026-09-11,9.72,READY,2,3B,Bull Trend,Neutral,Waiting,LONG,9.43,9.61,,,,,上海银行,nan,,1.8.5-source-port,ENTRY,READY,ENTRY_TO_READY
2026-09-11T13:22:01.972681+00:00,601878,HS300,2026-09-11,9.09,READY,2,3S,Bear Trend,Neutral,Bear Micro BOS,SHORT,9.28,9.39,,,,,浙商证券,nan,,1.8.5-source-port,NONE,READY,NEW_READY
2026-09-11T13:22:01.972681+00:00,688047,HS300,2026-09-11,98.5,READY,2,3S,Bearish Zhongshu,Accumulation,Bear Micro BOS,SHORT,100.7,108.3,,,,,龙芯中科,nan,,1.8.5-source-port,WATCH,READY,WATCH_TO_READY
2026-09-11T13:22:01.972681+00:00,600741,HS300,2026-09-11,15.24,WATCH,1,NONE,Bearish Zhongshu,Neutral,Bear Micro BOS,,15.25,15.55,,,,,华域汽车,nan,,1.8.5-source-port,READY,WATCH,READY_TO_WATCH
2026-09-11T13:22:01.972681+00:00,600941,HS300,2026-09-11,97.72,WATCH,1,NONE,Bull Trend,Neutral,Waiting,,94.77,97.44,,,,,中国移动,nan,,1.8.5-source-port,READY,WATCH,READY_TO_WATCH
2026-09-11T13:22:01.972681+00:00,601390,HS300,2026-09-11,4.39,WATCH,1,NONE,Bearish Zhongshu,Neutral,Waiting,,4.4,4.48,,,,,中国中铁,nan,,1.8.5-source-port,READY,WATCH,READY_TO_WATCH
2026-09-11T13:22:01.972681+00:00,601456,HS300,2026-09-11,8.7,WATCH,1,NONE,Bearish Zhongshu,Neutral,Bear Micro BOS,,8.93,8.96,,,,,国联民生,nan,,1.8.5-source-port,READY,WATCH,READY_TO_WATCH
2026-09-11T13:22:01.972681+00:00,601728,HS300,2026-09-11,6.29,WATCH,1,NONE,Bullish Zhongshu,Neutral,Waiting,,6.07,6.14,,,,,中国电信,nan,,1.8.5-source-port,READY,WATCH,READY_TO_WATCH
2026-09-12T00:27:02.795197+00:00,NVR,SP500,2026-09-10,6088.27978515625,ENTRY,3,3S,Bear Trend,Neutral,Bear Micro BOS,SHORT,6269.16,6526.86,6088.28,6303.92,5657.0,5441.36,"NVR, Inc.",Consumer Discretionary,,1.8.5-source-port,READY,ENTRY,READY_TO_ENTRY
2026-09-12T00:27:02.795197+00:00,WDAY,SP500,2026-09-10,185.08999633789062,ENTRY,3,3S,Bearish Zhongshu,Neutral,Bear Micro BOS,SHORT,188.05,211.83,185.09,191.01,173.25,167.33,"Workday, Inc.",Information Technology,,1.8.5-source-port,READY,ENTRY,READY_TO_ENTRY
2026-09-12T00:27:02.795197+00:00,BA,SP500,2026-09-10,204.8000030517578,ENTRY,3,2S,Bearish Zhongshu,Neutral,Bear Micro BOS,SHORT,205.5,215.29,204.8,216.55,181.3,169.55,Boeing,Industrials,,1.8.5-source-port,WATCH,ENTRY,WATCH_TO_ENTRY
2026-09-12T00:27:02.795197+00:00,CPRT,SP500,2026-09-10,30.75,ENTRY,3,2S,Bull Trend,Neutral,Bear Micro BOS,SHORT,30.09,31.42,30.75,34.76,22.73,18.72,Copart,Industrials,,1.8.5-source-port,READY,ENTRY,READY_TO_ENTRY
2026-09-12T00:27:02.795197+00:00,SYF,SP500,2026-09-10,75.44000244140625,ENTRY,3,2S,Bearish Zhongshu,Neutral,Bear Micro BOS,SHORT,79.21,79.87,75.44,81.38,63.55,57.61,Synchrony Financial,Financials,,1.8.5-source-port,READY,ENTRY,READY_TO_ENTRY
2026-09-12T00:27:02.795197+00:00,TAP,SP500,2026-09-10,38.439998626708984,ENTRY,3,2S,Bear Trend,Distribution,Bear Micro BOS,SHORT,40.82,41.27,38.44,41.63,32.07,28.88,Molson Coors Beverage Company,Consumer Staples,,1.8.5-source-port,WATCH,ENTRY,WATCH_TO_ENTRY
2026-09-12T00:27:02.795197+00:00,WYNN,SP500,2026-09-10,88.41999816894531,ENTRY,3,2S,Bear Trend,Neutral,Bear Micro BOS,SHORT,92.29,92.64,88.42,93.43,78.4,73.4,Wynn Resorts,Consumer Discretionary,,1.8.5-source-port,READY,ENTRY,READY_TO_ENTRY
2026-09-12T00:27:02.795197+00:00,ADBE,SP500,2026-09-10,248.8300018310547,ENTRY,3,BRK_SHORT,Bull Trend,Neutral,Bear Micro BOS,SHORT,254.25,266.28,248.83,258.25,229.99,220.57,Adobe Inc.,Information Technology,,1.8.5-source-port,WATCH,ENTRY,WATCH_TO_ENTRY
2026-09-12T00:27:02.795197+00:00,APO,SP500,2026-09-10,127.91000366210938,ENTRY,3,BRK_SHORT,Bearish Zhongshu,Neutral,Bear Micro BOS,SHORT,129.95,137.83,127.91,132.47,118.79,114.22,Apollo Global Management,Financials,,1.8.5-source-port,WATCH,ENTRY,WATCH_TO_ENTRY
2026-09-12T00:27:02.795197+00:00,BKR,SP500,2026-09-10,59.400001525878906,ENTRY,3,BRK_SHORT,Bull Trend,Neutral,Bear Micro BOS,SHORT,61.13,62.44,59.4,64.18,49.84,45.07,Baker Hughes,Energy,,1.8.5-source-port,READY,ENTRY,READY_TO_ENTRY
2026-09-12T00:27:02.795197+00:00,COF,SP500,2026-09-10,207.11000061035156,ENTRY,3,BRK_SHORT,Bearish Zhongshu,Neutral,Bear Micro BOS,SHORT,211.32,212.57,207.11,212.78,195.78,190.11,Capital One,Financials,,1.8.5-source-port,WATCH,ENTRY,WATCH_TO_ENTRY
2026-09-12T00:27:02.795197+00:00,CSCO,SP500,2026-09-10,107.44000244140625,ENTRY,3,BRK_SHORT,Bear Trend,Neutral,Bear Micro BOS,SHORT,109.23,112.95,107.44,110.56,101.21,98.09,Cisco,Information Technology,,1.8.5-source-port,WATCH,ENTRY,WATCH_TO_ENTRY
2026-09-12T00:27:02.795197+00:00,CVNA,SP500,2026-09-10,70.27999877929688,ENTRY,3,BRK_SHORT,Bearish Zhongshu,Neutral,Bear Micro BOS,SHORT,70.64,71.29,70.28,73.92,63.01,59.37,Carvana,Consumer Discretionary,,1.8.5-source-port,READY,ENTRY,READY_TO_ENTRY
2026-09-12T00:27:02.795197+00:00,DTE,SP500,2026-09-10,134.33999633789062,ENTRY,3,BRK_SHORT,Bear Trend,Neutral,Bear Micro BOS,SHORT,135.76,137.23,134.34,137.66,127.69,124.37,DTE Energy,Utilities,,1.8.5-source-port,WATCH,ENTRY,WATCH_TO_ENTRY
2026-09-12T00:27:02.795197+00:00,GIS,SP500,2026-09-10,35.959999084472656,ENTRY,3,BRK_SHORT,Bull Trend,Neutral,Bear Micro BOS,SHORT,36.52,37.13,35.96,37.81,32.25,30.4,General Mills,Consumer Staples,,1.8.5-source-port,WATCH,ENTRY,WATCH_TO_ENTRY
2026-09-12T00:27:02.795197+00:00,ICE,SP500,2026-09-10,155.80999755859375,ENTRY,3,BRK_SHORT,Bull Trend,Neutral,Bear Micro BOS,SHORT,156.95,158.55,155.81,158.8,149.83,146.83,Intercontinental Exchange,Financials,,1.8.5-source-port,WATCH,ENTRY,WATCH_TO_ENTRY
2026-09-12T00:27:02.795197+00:00,NDAQ,SP500,2026-09-10,92.01000213623047,ENTRY,3,BRK_SHORT,Bull Trend,Neutral,Bear Micro BOS,SHORT,94.61,96.87,92.01,95.23,85.56,82.34,"Nasdaq, Inc.",Financials,,1.8.5-source-port,WATCH,ENTRY,WATCH_TO_ENTRY
2026-09-12T00:27:02.795197+00:00,NDSN,SP500,2026-09-10,307.45001220703125,ENTRY,3,BRK_SHORT,Bull Trend,Neutral,Bear Micro BOS,SHORT,310.63,315.68,307.45,312.63,297.08,291.9,Nordson Corporation,Industrials,,1.8.5-source-port,READY,ENTRY,READY_TO_ENTRY
2026-09-12T00:27:02.795197+00:00,ROL,SP500,2026-09-10,34.560001373291016,ENTRY,3,BRK_SHORT,Bear Trend,Neutral,Bear Micro BOS,SHORT,35.83,37.73,34.56,36.06,31.56,30.06,"Rollins, Inc.",Industrials,,1.8.5-source-port,WATCH,ENTRY,WATCH_TO_ENTRY
2026-09-12T00:27:02.795197+00:00,ZBH,SP500,2026-09-10,92.44000244140625,ENTRY,3,BRK_SHORT,Bearish Zhongshu,Neutral,Bear Micro BOS,SHORT,94.77,97.6,92.44,95.66,86.01,82.79,Zimmer Biomet,Health Care,,1.8.5-source-port,WATCH,ENTRY,WATCH_TO_ENTRY
2026-09-12T00:27:02.795197+00:00,APD,SP500,2026-09-10,293.6499938964844,READY,2,3S,Bull Trend,Distribution,Bear Micro BOS,SHORT,299.5,308.83,,,,,Air Products,Materials,,1.8.5-source-port,ENTRY,READY,ENTRY_TO_READY
2026-09-12T00:27:02.795197+00:00,ARES,SP500,2026-09-10,130.6300048828125,READY,2,3S,Bear Trend,Neutral,Bear Micro BOS,SHORT,137.12,144.13,,,,,Ares Management,Financials,,1.8.5-source-port,ENTRY,READY,ENTRY_TO_READY
2026-09-12T00:27:02.795197+00:00,AVY,SP500,2026-09-10,168.77000427246094,READY,2,3S,Bear Trend,Neutral,Waiting,SHORT,172.05,184.48,,,,,Avery Dennison,Materials,,1.8.5-source-port,ENTRY,READY,ENTRY_TO_READY
2026-09-12T00:27:02.795197+00:00,CHTR,SP500,2026-09-10,140.55999755859375,READY,2,3S,Bearish Zhongshu,Neutral,Waiting,SHORT,145.19,159.29,,,,,Charter Communications,Communication Services,,1.8.5-source-port,ENTRY,READY,ENTRY_TO_READY
2026-09-12T00:27:02.795197+00:00,CNP,SP500,2026-09-10,39.119998931884766,READY,2,3S,Bear Trend,Neutral,Waiting,SHORT,39.56,40.36,,,,,CenterPoint Energy,Utilities,,1.8.5-source-port,WATCH,READY,WATCH_TO_READY
2026-09-12T00:27:02.795197+00:00,COP,SP500,2026-09-10,137.0399932861328,READY,2,3B,Bull Trend,Neutral,Waiting,LONG,128.0,135.88,,,,,ConocoPhillips,Energy,,1.8.5-source-port,WATCH,READY,WATCH_TO_READY
2026-09-12T00:27:02.795197+00:00,DPZ,SP500,2026-09-10,317.29998779296875,READY,2,3S,Bearish Zhongshu,Neutral,Bear Micro BOS,SHORT,328.72,353.0,,,,,Domino's,Consumer Discretionary,,1.8.5-source-port,ENTRY,READY,ENTRY_TO_READY
2026-09-12T00:27:02.795197+00:00,ECL,SP500,2026-09-10,271.6000061035156,READY,2,3S,Bull Trend,Neutral,Waiting,SHORT,275.25,283.95,,,,,Ecolab,Materials,,1.8.5-source-port,ENTRY,READY,ENTRY_TO_READY
2026-09-12T00:27:02.795197+00:00,FDX,SP500,2026-09-10,311.79998779296875,READY,2,3S,Bull Trend,Neutral,Waiting,SHORT,315.33,322.13,,,,,FedEx,Industrials,,1.8.5-source-port,ENTRY,READY,ENTRY_TO_READY
2026-09-12T00:27:02.795197+00:00,GNRC,SP500,2026-09-10,181.6699981689453,READY,2,3S,Bear Trend,Neutral,Waiting,SHORT,187.55,193.31,,,,,Generac,Industrials,,1.8.5-source-port,WATCH,READY,WATCH_TO_READY
2026-09-12T00:27:02.795197+00:00,GOOG,SP500,2026-09-10,330.3900146484375,READY,2,3S,Bull Trend,Neutral,Waiting,SHORT,339.82,341.98,,,,,Alphabet Inc. (Class C),Communication Services,,1.8.5-source-port,ENTRY,READY,ENTRY_TO_READY
2026-09-12T00:27:02.795197+00:00,GOOGL,SP500,2026-09-10,332.6000061035156,READY,2,3S,Bull Trend,Neutral,Waiting,SHORT,340.88,342.5,,,,,Alphabet Inc. (Class A),Communication Services,,1.8.5-source-port,ENTRY,READY,ENTRY_TO_READY
2026-09-12T00:27:02.795197+00:00,GPN,SP500,2026-09-10,88.55000305175781,READY,2,3S,Bull Trend,Neutral,Waiting,SHORT,89.73,90.85,,,,,Global Payments,Financials,,1.8.5-source-port,ENTRY,READY,ENTRY_TO_READY
2026-09-12T00:27:02.795197+00:00,LNT,SP500,2026-09-10,67.25,READY,2,3S,Bear Trend,Neutral,Waiting,SHORT,67.68,71.46,,,,,Alliant Energy,Utilities,,1.8.5-source-port,WATCH,READY,WATCH_TO_READY
2026-09-12T00:27:02.795197+00:00,MCO,SP500,2026-09-10,467.3599853515625,READY,2,3S,Bull Trend,Neutral,Bear Micro BOS,SHORT,484.45,490.06,,,,,Moody's Corporation,Financials,,1.8.5-source-port,ENTRY,READY,ENTRY_TO_READY
2026-09-12T00:27:02.795197+00:00,OMC,SP500,2026-09-10,79.44999694824219,READY,2,3S,Bull Trend,Neutral,Waiting,SHORT,80.54,85.18,,,,,Omnicom Group,Communication Services,,1.8.5-source-port,ENTRY,READY,ENTRY_TO_READY
2026-09-12T00:27:02.795197+00:00,PPL,SP500,2026-09-10,34.209999084472656,READY,2,3S,Bear Trend,Neutral,Waiting,SHORT,34.41,35.29,,,,,PPL Corporation,Utilities,,1.8.5-source-port,WATCH,READY,WATCH_TO_READY
2026-09-12T00:27:02.795197+00:00,T,SP500,2026-09-10,25.549999237060547,READY,2,3B,Bull Trend,Neutral,Waiting,LONG,24.8,25.32,,,,,AT&T,Communication Services,,1.8.5-source-port,WATCH,READY,WATCH_TO_READY
2026-09-12T00:27:02.795197+00:00,TSCO,SP500,2026-09-10,33.52000045776367,READY,2,3S,Bearish Zhongshu,Accumulation,Bear Micro BOS,SHORT,34.35,35.51,,,,,Tractor Supply,Consumer Discretionary,,1.8.5-source-port,ENTRY,READY,ENTRY_TO_READY
2026-09-12T00:27:02.795197+00:00,VZ,SP500,2026-09-10,49.970001220703125,READY,2,3B,Bull Trend,Neutral,Waiting,LONG,48.82,49.01,,,,,Verizon,Communication Services,,1.8.5-source-port,WATCH,READY,WATCH_TO_READY
2026-09-12T00:27:02.795197+00:00,WMT,SP500,2026-09-10,105.7300033569336,READY,2,3S,Bear Trend,Neutral,Waiting,SHORT,106.53,109.35,,,,,Walmart,Consumer Staples,,1.8.5-source-port,WATCH,READY,WATCH_TO_READY
2026-09-12T00:27:02.795197+00:00,EQIX,SP500,2026-09-10,1023.8099975585938,READY,2,2S,Bull Trend,Neutral,Waiting,SHORT,1027.94,1049.53,,,,,Equinix,Real Estate,,1.8.5-source-port,WATCH,READY,WATCH_TO_READY
2026-09-12T00:27:02.795197+00:00,FOXA,SP500,2026-09-10,65.18000030517578,READY,2,2B,Bull Trend,Neutral,Waiting,LONG,66.69,69.18,,,,,Fox Corporation (Class A),Communication Services,,1.8.5-source-port,ENTRY,READY,ENTRY_TO_READY
2026-09-12T00:27:02.795197+00:00,GE,SP500,2026-09-10,324.1499938964844,READY,2,2S,Bearish Zhongshu,Neutral,Waiting,SHORT,359.55,366.77,,,,,GE Aerospace,Industrials,,1.8.5-source-port,WATCH,READY,WATCH_TO_READY
2026-09-12T00:27:02.795197+00:00,GRMN,SP500,2026-09-10,272.20001220703125,READY,2,2S,Bull Trend,Neutral,Waiting,SHORT,240.56,248.91,,,,,Garmin,Consumer Discretionary,,1.8.5-source-port,WATCH,READY,WATCH_TO_READY
2026-09-12T00:27:02.795197+00:00,MPWR,SP500,2026-09-10,1186.0799560546875,READY,2,2S,Bearish Zhongshu,Neutral,Waiting,SHORT,1402.86,1406.04,,,,,Monolithic Power Systems,Information Technology,,1.8.5-source-port,WATCH,READY,WATCH_TO_READY
2026-09-12T00:27:02.795197+00:00,MTB,SP500,2026-09-10,239.02000427246094,READY,2,2S,Bear Trend,Neutral,Waiting,SHORT,244.29,254.69,,,,,M&T Bank,Financials,,1.8.5-source-port,WATCH,READY,WATCH_TO_READY
2026-09-12T00:27:02.795197+00:00,PODD,SP500,2026-09-10,134.67999267578125,READY,2,2B,Bearish Zhongshu,Neutral,Bear Micro BOS,LONG,140.98,151.5,,,,,Insulet Corporation,Health Care,,1.8.5-source-port,ENTRY,READY,ENTRY_TO_READY
2026-09-12T00:27:02.795197+00:00,RCL,SP500,2026-09-10,259.010009765625,READY,2,2S,Bearish Zhongshu,Neutral,Waiting,SHORT,297.14,299.75,,,,,Royal Caribbean Group,Consumer Discretionary,,1.8.5-source-port,WATCH,READY,WATCH_TO_READY
2026-09-12T00:27:02.795197+00:00,ARE,SP500,2026-09-10,49.560001373291016,WATCH,1,NONE,Bearish Zhongshu,Neutral,Bear Micro BOS,,50.58,51.05,,,,,Alexandria Real Estate Equities,Real Estate,,1.8.5-source-port,ENTRY,WATCH,ENTRY_TO_WATCH
2026-09-12T00:27:02.795197+00:00,BIIB,SP500,2026-09-10,215.42999267578125,WATCH,1,NONE,Bull Trend,Neutral,Waiting,,213.58,218.59,,,,,Biogen,Health Care,,1.8.5-source-port,READY,WATCH,READY_TO_WATCH
2026-09-12T00:27:02.795197+00:00,BSX,SP500,2026-09-10,43.099998474121094,WATCH,1,NONE,Bull Trend,Neutral,Bear Micro BOS,,46.09,46.37,,,,,Boston Scientific,Health Care,,1.8.5-source-port,ENTRY,WATCH,ENTRY_TO_WATCH
2026-09-12T00:27:02.795197+00:00,CBRE,SP500,2026-09-10,137.99000549316406,WATCH,1,NONE,Bearish Zhongshu,Neutral,Bear Micro BOS,,150.03,153.08,,,,,CBRE Group,Real Estate,,1.8.5-source-port,ENTRY,WATCH,ENTRY_TO_WATCH
2026-09-12T00:27:02.795197+00:00,CME,SP500,2026-09-10,274.07000732421875,WATCH,1,NONE,Bull Trend,Neutral,Bear Micro BOS,,256.83,270.0,,,,,CME Group,Financials,,1.8.5-source-port,READY,WATCH,READY_TO_WATCH
2026-09-12T00:27:02.795197+00:00,DE,SP500,2026-09-10,677.9400024414062,WATCH,1,NONE,Bullish Zhongshu,Neutral,Waiting,,597.23,623.28,,,,,Deere & Company,Industrials,,1.8.5-source-port,READY,WATCH,READY_TO_WATCH
2026-09-12T00:27:02.795197+00:00,DIS,SP500,2026-09-10,105.81999969482422,WATCH,1,NONE,Bull Trend,Neutral,Waiting,,97.21,99.41,,,,,Walt Disney Company (The),Communication Services,,1.8.5-source-port,ENTRY,WATCH,ENTRY_TO_WATCH
2026-09-12T00:27:02.795197+00:00,DRI,SP500,2026-09-10,207.52999877929688,WATCH,1,NONE,Bearish Zhongshu,Neutral,Bear Micro BOS,,217.57,217.62,,,,,Darden Restaurants,Consumer Discretionary,,1.8.5-source-port,ENTRY,WATCH,ENTRY_TO_WATCH
2026-09-12T00:27:02.795197+00:00,ES,SP500,2026-09-10,68.98999786376953,WATCH,1,NONE,Bear Trend,Neutral,Bear Micro BOS,,71.33,71.46,,,,,Eversource Energy,Utilities,,1.8.5-source-port,READY,WATCH,READY_TO_WATCH
2026-09-12T00:27:02.795197+00:00,ESS,SP500,2026-09-10,271.3699951171875,WATCH,1,NONE,Bearish Zhongshu,Neutral,Bear Micro BOS,,279.92,285.79,,,,,Essex Property Trust,Real Estate,,1.8.5-source-port,ENTRY,WATCH,ENTRY_TO_WATCH
2026-09-12T00:27:02.795197+00:00,FOX,SP500,2026-09-10,58.060001373291016,WATCH,1,NONE,Bull Trend,Neutral,Waiting,,51.22,52.9,,,,,Fox Corporation (Class B),Communication Services,,1.8.5-source-port,ENTRY,WATCH,ENTRY_TO_WATCH
2026-09-12T00:27:02.795197+00:00,HII,SP500,2026-09-10,281.6700134277344,WATCH,1,NONE,Bear Trend,Neutral,Waiting,,286.1,294.82,,,,,Huntington Ingalls Industries,Industrials,,1.8.5-source-port,ENTRY,WATCH,ENTRY_TO_WATCH
2026-09-12T00:27:02.795197+00:00,IR,SP500,2026-09-10,73.08999633789062,WATCH,1,NONE,Bearish Zhongshu,Neutral,Waiting,,82.88,83.18,,,,,Ingersoll Rand,Industrials,,1.8.5-source-port,ENTRY,WATCH,ENTRY_TO_WATCH
2026-09-12T00:27:02.795197+00:00,LOW,SP500,2026-09-10,196.58999633789062,WATCH,1,NONE,Bearish Zhongshu,Neutral,Bear Micro BOS,,215.27,218.99,,,,,Lowe's,Consumer Discretionary,,1.8.5-source-port,ENTRY,WATCH,ENTRY_TO_WATCH
2026-09-12T00:27:02.795197+00:00,PM,SP500,2026-09-10,189.77000427246094,WATCH,1,NONE,Bear Trend,Neutral,Waiting,,184.75,189.7,,,,,Philip Morris International,Consumer Staples,,1.8.5-source-port,READY,WATCH,READY_TO_WATCH
2026-09-12T00:27:02.795197+00:00,PWR,SP500,2026-09-10,618.72998046875,WATCH,1,NONE,Neutral Zhongshu,Neutral,Waiting,,593.7,649.0,,,,,Quanta Services,Industrials,,1.8.5-source-port,READY,WATCH,READY_TO_WATCH
2026-09-12T00:27:02.795197+00:00,RSG,SP500,2026-09-10,221.0800018310547,WATCH,1,NONE,Bull Trend,Neutral,Waiting,,218.86,222.66,,,,,Republic Services,Industrials,,1.8.5-source-port,READY,WATCH,READY_TO_WATCH
2026-09-12T00:27:02.795197+00:00,TKO,SP500,2026-09-10,189.63999938964844,WATCH,1,NONE,Bearish Zhongshu,Neutral,Waiting,,189.4,194.51,,,,,TKO Group Holdings,Communication Services,,1.8.5-source-port,READY,WATCH,READY_TO_WATCH
2026-09-12T00:27:02.795197+00:00,VRTX,SP500,2026-09-10,514.5599975585938,WATCH,1,NONE,Bull Trend,Neutral,Bear Micro BOS,,532.23,533.67,,,,,Vertex Pharmaceuticals,Health Care,,1.8.5-source-port,ENTRY,WATCH,ENTRY_TO_WATCH
2026-09-14T15:14:51.933661+00:00,002916,HS300,2026-09-14,389.13,ENTRY,3,3B,Bullish Zhongshu,Neutral,Bull Micro BOS,LONG,350.0,388.18,389.13,378.51,410.37,420.99,深南电路,nan,,1.8.5-source-port,WATCH,ENTRY,WATCH_TO_ENTRY
2026-09-14T15:14:51.933661+00:00,603259,HS300,2026-09-14,158.86,ENTRY,3,BRK,Bullish Zhongshu,Neutral,Bull Micro BOS,LONG,149.73,157.17,158.86,148.62,179.34,189.57,药明康德,nan,,1.8.5-source-port,WATCH,ENTRY,WATCH_TO_ENTRY
2026-09-14T15:14:51.933661+00:00,000617,HS300,2026-09-14,6.8,READY,2,3S,Bull Trend,Distrib Watch,Bear Micro BOS,SHORT,7.08,7.32,,,,,中油资本,nan,,1.8.5-source-port,WATCH,READY,WATCH_TO_READY
2026-09-14T15:14:51.933661+00:00,000630,HS300,2026-09-14,6.09,READY,2,3S,Bear Trend,Neutral,Waiting,SHORT,6.33,6.8,,,,,铜陵有色,nan,,1.8.5-source-port,WATCH,READY,WATCH_TO_READY
2026-09-14T15:14:51.933661+00:00,000858,HS300,2026-09-14,69.85,READY,2,3S,Bear Trend,Neutral,Waiting,SHORT,70.88,72.45,,,,,五粮液,nan,,1.8.5-source-port,NONE,READY,NEW_READY
2026-09-14T15:14:51.933661+00:00,002049,HS300,2026-09-14,59.36,READY,2,3S,Bear Trend,Neutral,Waiting,SHORT,60.2,63.21,,,,,紫光国微,nan,,1.8.5-source-port,WATCH,READY,WATCH_TO_READY
2026-09-14T15:14:51.933661+00:00,002050,HS300,2026-09-14,34.7,READY,2,3S,Bearish Zhongshu,Neutral,Waiting,SHORT,35.13,36.72,,,,,三花智控,nan,,1.8.5-source-port,WATCH,READY,WATCH_TO_READY
2026-09-14T15:14:51.933661+00:00,002142,HS300,2026-09-14,35.76,READY,2,3B,Bull Trend,Neutral,Waiting,LONG,33.46,34.29,,,,,宁波银行,nan,,1.8.5-source-port,WATCH,READY,WATCH_TO_READY
2026-09-14T15:14:51.933661+00:00,002600,HS300,2026-09-14,13.18,READY,2,3B,Bull Trend,Neutral,Waiting,LONG,12.46,12.78,,,,,领益智造,nan,,1.8.5-source-port,WATCH,READY,WATCH_TO_READY
2026-09-14T15:14:51.933661+00:00,002625,HS300,2026-09-14,26.51,READY,2,3S,Bear Trend,Neutral,Bear Micro BOS,SHORT,27.02,28.86,,,,,光启技术,nan,,1.8.5-source-port,WATCH,READY,WATCH_TO_READY
2026-09-14T15:14:51.933661+00:00,600188,HS300,2026-09-14,20.37,READY,2,3S,Bearish Zhongshu,Neutral,Bear Micro BOS,SHORT,20.89,22.92,,,,,兖矿能源,nan,,1.8.5-source-port,WATCH,READY,WATCH_TO_READY
2026-09-14T15:14:51.933661+00:00,601825,HS300,2026-09-14,8.87,READY,2,3B,Bull Trend,Neutral,Waiting,LONG,8.78,8.8,,,,,沪农商行,nan,,1.8.5-source-port,WATCH,READY,WATCH_TO_READY
2026-09-14T15:14:51.933661+00:00,601868,HS300,2026-09-14,2.46,READY,2,3S,Bear Trend,Neutral,Bear Micro BOS,SHORT,2.47,2.53,,,,,中国能建,nan,,1.8.5-source-port,NONE,READY,NEW_READY
2026-09-14T15:14:51.933661+00:00,688008,HS300,2026-09-14,184.65,READY,2,3S,Bear Trend,Neutral,Bear Micro BOS,SHORT,189.78,226.45,,,,,澜起科技,nan,,1.8.5-source-port,NONE,READY,NEW_READY
2026-09-14T15:14:51.933661+00:00,688981,HS300,2026-09-14,114.07,READY,2,3S,Bearish Zhongshu,Neutral,Bear Micro BOS,SHORT,120.0,125.75,,,,,中芯国际,nan,,1.8.5-source-port,WATCH,READY,WATCH_TO_READY
2026-09-14T15:14:51.933661+00:00,000002,HS300,2026-09-14,3.05,WATCH,1,NONE,Bearish Zhongshu,Neutral,Waiting,,3.15,3.17,,,,,万科A,nan,,1.8.5-source-port,READY,WATCH,READY_TO_WATCH
2026-09-14T15:14:51.933661+00:00,000807,HS300,2026-09-14,27.02,WATCH,1,NONE,Bullish Zhongshu,Neutral,Waiting,,25.45,27.34,,,,,云铝股份,nan,,1.8.5-source-port,READY,WATCH,READY_TO_WATCH
2026-09-14T15:14:51.933661+00:00,001965,HS300,2026-09-14,9.86,WATCH,1,NONE,Bullish Zhongshu,Neutral,Waiting,,9.25,9.9,,,,,招商公路,nan,,1.8.5-source-port,READY,WATCH,READY_TO_WATCH
2026-09-14T15:14:51.933661+00:00,002532,HS300,2026-09-14,13.03,WATCH,1,NONE,Bullish Zhongshu,Neutral,Waiting,,12.27,13.24,,,,,天山铝业,nan,,1.8.5-source-port,READY,WATCH,READY_TO_WATCH
2026-09-14T15:14:51.933661+00:00,300803,HS300,2026-09-14,78.37,WATCH,1,NONE,Bull Trend,Neutral,Waiting,,78.36,84.93,,,,,指南针,nan,,1.8.5-source-port,READY,WATCH,READY_TO_WATCH
2026-09-14T15:14:51.933661+00:00,600000,HS300,2026-09-14,9.4,WATCH,1,NONE,Bullish Zhongshu,Neutral,Waiting,,9.19,9.28,,,,,浦发银行,nan,,1.8.5-source-port,READY,WATCH,READY_TO_WATCH
2026-09-14T15:14:51.933661+00:00,600482,HS300,2026-09-14,33.99,WATCH,1,NONE,Bull Trend,Neutral,Waiting,,31.41,33.58,,,,,中国动力,nan,,1.8.5-source-port,ENTRY,WATCH,ENTRY_TO_WATCH
2026-09-14T15:14:51.933661+00:00,600522,HS300,2026-09-14,33.9,WATCH,1,NONE,Bullish Zhongshu,Neutral,Waiting,,31.31,34.39,,,,,中天科技,nan,,1.8.5-source-port,READY,WATCH,READY_TO_WATCH
2026-09-14T15:14:51.933661+00:00,601336,HS300,2026-09-14,58.41,WATCH,1,NONE,Bearish Zhongshu,Neutral,Waiting,,59.78,61.0,,,,,新华保险,nan,,1.8.5-source-port,NONE,WATCH,NEW_WATCH
2026-09-14T15:14:51.933661+00:00,601377,HS300,2026-09-14,5.82,WATCH,1,NONE,Bearish Zhongshu,Re-Accumulation,Waiting,,5.89,5.96,,,,,兴业证券,nan,,1.8.5-source-port,NONE,WATCH,NEW_WATCH
2026-09-14T15:14:51.933661+00:00,601818,HS300,2026-09-14,3.05,WATCH,1,NONE,Neutral Zhongshu,Neutral,Waiting,,3.01,3.1,,,,,光大银行,nan,,1.8.5-source-port,READY,WATCH,READY_TO_WATCH
2026-09-14T15:14:51.933661+00:00,601988,HS300,2026-09-14,6.64,WATCH,1,NONE,Bull Trend,Neutral,Waiting,,5.79,6.11,,,,,中国银行,nan,,1.8.5-source-port,READY,WATCH,READY_TO_WATCH
2026-09-14T15:14:51.933661+00:00,000625,HS300,2026-09-14,7.23,NONE,0,NONE,Bear Trend,Neutral,Waiting,,7.11,7.17,,,,,长安汽车,nan,,1.8.5-source-port,WATCH,NONE,DROPPED
2026-09-14T15:14:51.933661+00:00,000725,HS300,2026-09-14,5.3,NONE,0,NONE,Bear Trend,Neutral,Waiting,,5.71,6.17,,,,,京东方A,nan,,1.8.5-source-port,WATCH,NONE,DROPPED
2026-09-14T15:14:51.933661+00:00,001391,HS300,2026-09-14,3.99,NONE,0,NONE,Bear Trend,Neutral,Waiting,,4.16,4.19,,,,,国货航,nan,,1.8.5-source-port,WATCH,NONE,DROPPED
2026-09-14T15:14:51.933661+00:00,002371,HS300,2026-09-14,626.0,NONE,0,NONE,Bear Trend,Neutral,Bear Micro BOS,,669.01,687.04,,,,,北方华创,nan,,1.8.5-source-port,WATCH,NONE,DROPPED
2026-09-14T15:14:51.933661+00:00,002475,HS300,2026-09-14,52.78,NONE,0,NONE,Bear Trend,Neutral,Bear Micro BOS,,55.03,57.99,,,,,立讯精密,nan,,1.8.5-source-port,READY,NONE,DROPPED
2026-09-14T15:14:51.933661+00:00,002920,HS300,2026-09-14,84.28,NONE,0,NONE,Bear Trend,Neutral,Waiting,,83.43,88.94,,,,,德赛西威,nan,,1.8.5-source-port,WATCH,NONE,DROPPED
2026-09-14T15:14:51.933661+00:00,600276,HS300,2026-09-14,43.15,NONE,0,NONE,Bear Trend,Accumulation,Waiting,,52.53,58.0,,,,,恒瑞医药,nan,,1.8.5-source-port,WATCH,NONE,DROPPED
2026-09-14T15:14:51.933661+00:00,600570,HS300,2026-09-14,20.38,NONE,0,NONE,Bear Trend,Neutral,Bear Micro BOS,,20.95,22.38,,,,,恒生电子,nan,,1.8.5-source-port,WATCH,NONE,DROPPED
2026-09-14T15:14:51.933661+00:00,600905,HS300,2026-09-14,3.67,NONE,0,NONE,Bear Trend,Neutral,Waiting,,3.68,3.72,,,,,三峡能源,nan,,1.8.5-source-port,READY,NONE,DROPPED
2026-09-14T15:14:51.933661+00:00,601111,HS300,2026-09-14,5.77,NONE,0,NONE,Bear Trend,Neutral,Waiting,,5.92,5.95,,,,,中国国航,nan,,1.8.5-source-port,WATCH,NONE,DROPPED
2026-09-14T15:14:51.933661+00:00,603019,HS300,2026-09-14,81.97,NONE,0,NONE,Bear Trend,Neutral,Waiting,,81.07,86.3,,,,,中科曙光,nan,,1.8.5-source-port,WATCH,NONE,DROPPED
2026-09-14T15:14:51.933661+00:00,603799,HS300,2026-09-14,35.63,NONE,0,NONE,Bear Trend,Neutral,Bear Micro BOS,,45.56,47.17,,,,,华友钴业,nan,,1.8.5-source-port,WATCH,NONE,DROPPED
2026-09-15T00:46:48.476915+00:00,COP,SP500,2026-09-11,137.35000610351562,ENTRY,3,3B,Bull Trend,Neutral,Bull Micro BOS,LONG,128.0,135.88,137.35,134.59,142.86,145.62,ConocoPhillips,Energy,,1.8.5-source-port,READY,ENTRY,READY_TO_ENTRY
2026-09-15T00:46:48.476915+00:00,FDX,SP500,2026-09-11,311.989990234375,ENTRY,3,3S,Bull Trend,Neutral,Bear Micro BOS,SHORT,315.33,322.13,311.99,317.73,300.5,294.76,FedEx,Industrials,,1.8.5-source-port,READY,ENTRY,READY_TO_ENTRY
2026-09-15T00:46:48.476915+00:00,GPN,SP500,2026-09-11,88.29000091552734,ENTRY,3,3S,Bull Trend,Neutral,Bear Micro BOS,SHORT,89.48,90.85,88.29,90.29,84.29,82.29,Global Payments,Financials,,1.8.5-source-port,READY,ENTRY,READY_TO_ENTRY
2026-09-15T00:46:48.476915+00:00,CHRW,SP500,2026-09-11,152.77999877929688,ENTRY,3,2B,Bullish Zhongshu,Neutral,Bull Micro BOS,LONG,143.18,150.36,152.78,142.24,173.86,184.4,C.H. Robinson,Industrials,,1.8.5-source-port,READY,ENTRY,READY_TO_ENTRY
2026-09-15T00:46:48.476915+00:00,RCL,SP500,2026-09-11,260.1400146484375,ENTRY,3,2S,Bearish Zhongshu,Neutral,Bear Micro BOS,SHORT,297.14,299.75,260.14,272.84,234.74,222.03,Royal Caribbean Group,Consumer Discretionary,,1.8.5-source-port,READY,ENTRY,READY_TO_ENTRY
2026-09-15T00:46:48.476915+00:00,AME,SP500,2026-09-11,241.8699951171875,ENTRY,3,BRK,Bullish Zhongshu,Neutral,Bull Micro BOS,LONG,237.4,240.78,241.87,236.36,252.89,258.4,Ametek,Industrials,,1.8.5-source-port,READY,ENTRY,READY_TO_ENTRY
2026-09-15T00:46:48.476915+00:00,BRK-B,SP500,2026-09-11,510.3699951171875,ENTRY,3,BRK,Bullish Zhongshu,Neutral,Bull Micro BOS,LONG,498.07,506.58,510.37,504.14,522.83,529.06,Berkshire Hathaway,Financials,,1.8.5-source-port,WATCH,ENTRY,WATCH_TO_ENTRY
2026-09-15T00:46:48.476915+00:00,FDS,SP500,2026-09-11,259.7099914550781,ENTRY,3,BRK_SHORT,Bull Trend,Neutral,Bear Micro BOS,SHORT,264.49,269.79,259.71,268.64,241.86,232.93,FactSet,Financials,,1.8.5-source-port,WATCH,ENTRY,WATCH_TO_ENTRY
2026-09-15T00:46:48.476915+00:00,IBM,SP500,2026-09-11,243.2899932861328,ENTRY,3,BRK,Bullish Zhongshu,Neutral,Bull Micro BOS,LONG,229.1,238.72,243.29,233.21,263.46,273.54,IBM,Information Technology,,1.8.5-source-port,WATCH,ENTRY,WATCH_TO_ENTRY
2026-09-15T00:46:48.476915+00:00,NTRS,SP500,2026-09-11,189.19000244140625,ENTRY,3,BRK,Bullish Zhongshu,Neutral,Bull Micro BOS,LONG,182.41,187.86,189.19,185.95,195.66,198.9,Northern Trust,Financials,,1.8.5-source-port,WATCH,ENTRY,WATCH_TO_ENTRY
2026-09-15T00:46:48.476915+00:00,NXPI,SP500,2026-09-11,236.6199951171875,ENTRY,3,BRK,Bear Trend,Neutral,Bull Micro BOS,LONG,223.51,227.24,236.62,225.37,259.11,270.36,NXP Semiconductors,Information Technology,,1.8.5-source-port,WATCH,ENTRY,WATCH_TO_ENTRY
2026-09-15T00:46:48.476915+00:00,A,SP500,2026-09-11,146.92999267578125,READY,2,3B,Bull Trend,Neutral,Waiting,LONG,141.25,142.42,,,,,Agilent Technologies,Health Care,,1.8.5-source-port,WATCH,READY,WATCH_TO_READY
2026-09-15T00:46:48.476915+00:00,ADBE,SP500,2026-09-11,252.22999572753906,READY,2,3S,Bull Trend,Neutral,Waiting,SHORT,254.25,266.28,,,,,Adobe Inc.,Information Technology,,1.8.5-source-port,ENTRY,READY,ENTRY_TO_READY
2026-09-15T00:46:48.476915+00:00,APO,SP500,2026-09-11,128.97999572753906,READY,2,3S,Bear Trend,Neutral,Bear Micro BOS,SHORT,129.95,137.83,,,,,Apollo Global Management,Financials,,1.8.5-source-port,ENTRY,READY,ENTRY_TO_READY
2026-09-15T00:46:48.476915+00:00,BKR,SP500,2026-09-11,59.060001373291016,READY,2,3S,Bull Trend,Neutral,Bear Micro BOS,SHORT,61.13,62.44,,,,,Baker Hughes,Energy,,1.8.5-source-port,ENTRY,READY,ENTRY_TO_READY
2026-09-15T00:46:48.476915+00:00,CVNA,SP500,2026-09-11,69.16000366210938,READY,2,3S,Bearish Zhongshu,Neutral,Bear Micro BOS,SHORT,70.64,71.29,,,,,Carvana,Consumer Discretionary,,1.8.5-source-port,ENTRY,READY,ENTRY_TO_READY
2026-09-15T00:46:48.476915+00:00,ICE,SP500,2026-09-11,157.39999389648438,READY,2,3S,Bull Trend,Neutral,Waiting,SHORT,156.95,158.55,,,,,Intercontinental Exchange,Financials,,1.8.5-source-port,ENTRY,READY,ENTRY_TO_READY
2026-09-15T00:46:48.476915+00:00,NDAQ,SP500,2026-09-11,91.19000244140625,READY,2,3S,Bull Trend,Neutral,Bear Micro BOS,SHORT,94.29,96.87,,,,,"Nasdaq, Inc.",Financials,,1.8.5-source-port,ENTRY,READY,ENTRY_TO_READY
2026-09-15T00:46:48.476915+00:00,OXY,SP500,2026-09-11,61.459999084472656,READY,2,3B,Bull Trend,Neutral,Waiting,LONG,57.54,60.95,,,,,Occidental Petroleum,Energy,,1.8.5-source-port,WATCH,READY,WATCH_TO_READY
2026-09-15T00:46:48.476915+00:00,REG,SP500,2026-09-11,74.62000274658203,READY,2,3S,Bear Trend,Neutral,Waiting,SHORT,75.35,75.49,,,,,Regency Centers,Real Estate,,1.8.5-source-port,WATCH,READY,WATCH_TO_READY
2026-09-15T00:46:48.476915+00:00,ROL,SP500,2026-09-11,34.72999954223633,READY,2,3S,Bear Trend,Neutral,Waiting,SHORT,35.83,37.73,,,,,"Rollins, Inc.",Industrials,,1.8.5-source-port,ENTRY,READY,ENTRY_TO_READY
2026-09-15T00:46:48.476915+00:00,WYNN,SP500,2026-09-11,87.69999694824219,READY,2,3S,Bear Trend,Neutral,Bear Micro BOS,SHORT,92.29,92.64,,,,,Wynn Resorts,Consumer Discretionary,,1.8.5-source-port,ENTRY,READY,ENTRY_TO_READY
2026-09-15T00:46:48.476915+00:00,ZBH,SP500,2026-09-11,93.48999786376953,READY,2,3S,Bearish Zhongshu,Neutral,Waiting,SHORT,94.77,97.6,,,,,Zimmer Biomet,Health Care,,1.8.5-source-port,ENTRY,READY,ENTRY_TO_READY
2026-09-15T00:46:48.476915+00:00,AMP,SP500,2026-09-11,557.6099853515625,READY,2,2B,Neutral Zhongshu,Neutral,Waiting,LONG,546.66,563.51,,,,,Ameriprise Financial,Financials,,1.8.5-source-port,WATCH,READY,WATCH_TO_READY
2026-09-15T00:46:48.476915+00:00,DVA,SP500,2026-09-11,181.5500030517578,READY,2,2B,Bear Trend,Neutral,Waiting,LONG,225.17,239.64,,,,,DaVita,Health Care,,1.8.5-source-port,WATCH,READY,WATCH_TO_READY
2026-09-15T00:46:48.476915+00:00,JCI,SP500,2026-09-11,146.00999450683594,READY,2,2S,Bullish Zhongshu,Neutral,Waiting,SHORT,142.84,147.05,,,,,Johnson Controls,Industrials,,1.8.5-source-port,WATCH,READY,WATCH_TO_READY
2026-09-15T00:46:48.476915+00:00,TDY,SP500,2026-09-11,603.7899780273438,READY,2,2S,Bearish Zhongshu,Neutral,Waiting,SHORT,619.08,629.94,,,,,Teledyne Technologies,Information Technology,,1.8.5-source-port,WATCH,READY,WATCH_TO_READY
2026-09-15T00:46:48.476915+00:00,URI,SP500,2026-09-11,989.1199951171875,READY,2,2S,Bearish Zhongshu,Neutral,Waiting,SHORT,1083.05,1104.09,,,,,United Rentals,Industrials,,1.8.5-source-port,WATCH,READY,WATCH_TO_READY
2026-09-15T00:46:48.476915+00:00,BA,SP500,2026-09-11,210.4499969482422,WATCH,1,NONE,Neutral Zhongshu,Neutral,Waiting,,205.5,215.29,,,,,Boeing,Industrials,,1.8.5-source-port,ENTRY,WATCH,ENTRY_TO_WATCH
2026-09-15T00:46:48.476915+00:00,CPRT,SP500,2026-09-11,29.950000762939453,WATCH,1,NONE,Bull Trend,Neutral,Bear Micro BOS,,30.09,31.42,,,,,Copart,Industrials,,1.8.5-source-port,ENTRY,WATCH,ENTRY_TO_WATCH
2026-09-15T00:46:48.476915+00:00,CSCO,SP500,2026-09-11,112.12999725341797,WATCH,1,NONE,Bear Trend,Neutral,Waiting,,109.23,112.95,,,,,Cisco,Information Technology,,1.8.5-source-port,ENTRY,WATCH,ENTRY_TO_WATCH
2026-09-15T00:46:48.476915+00:00,EFX,SP500,2026-09-11,169.0,WATCH,1,NONE,Bearish Zhongshu,Neutral,Bear Micro BOS,,172.23,178.84,,,,,Equifax,Industrials,,1.8.5-source-port,ENTRY,WATCH,ENTRY_TO_WATCH
2026-09-15T00:46:48.476915+00:00,FFIV,SP500,2026-09-11,411.7099914550781,WATCH,1,NONE,Bullish Zhongshu,Neutral,Waiting,,385.37,404.0,,,,,"F5, Inc.",Information Technology,,1.8.5-source-port,READY,WATCH,READY_TO_WATCH
2026-09-15T00:46:48.476915+00:00,GDDY,SP500,2026-09-11,98.06999969482422,WATCH,1,NONE,Bull Trend,Neutral,Waiting,,95.51,101.99,,,,,GoDaddy,Information Technology,,1.8.5-source-port,READY,WATCH,READY_TO_WATCH
2026-09-15T00:46:48.476915+00:00,IFF,SP500,2026-09-11,83.61000061035156,WATCH,1,NONE,Bearish Zhongshu,Neutral,Bear Micro BOS,,83.62,83.83,,,,,International Flavors & Fragrances,Materials,,1.8.5-source-port,READY,WATCH,READY_TO_WATCH
2026-09-15T00:46:48.476915+00:00,JPM,SP500,2026-09-11,356.2300109863281,WATCH,1,NONE,Bullish Zhongshu,Neutral,Waiting,,350.37,351.24,,,,,JPMorgan Chase,Financials,,1.8.5-source-port,READY,WATCH,READY_TO_WATCH
2026-09-15T00:46:48.476915+00:00,NDSN,SP500,2026-09-11,314.4700012207031,WATCH,1,NONE,Bull Trend,Neutral,Waiting,,310.63,315.68,,,,,Nordson Corporation,Industrials,,1.8.5-source-port,ENTRY,WATCH,ENTRY_TO_WATCH
2026-09-15T00:46:48.476915+00:00,NVR,SP500,2026-09-11,6160.759765625,WATCH,1,NONE,Bear Trend,Neutral,Waiting,,6269.16,6526.86,,,,,"NVR, Inc.",Consumer Discretionary,,1.8.5-source-port,ENTRY,WATCH,ENTRY_TO_WATCH
2026-09-15T00:46:48.476915+00:00,ORCL,SP500,2026-09-11,150.27999877929688,WATCH,1,NONE,Bull Trend,Neutral,Waiting,,137.43,153.99,,,,,Oracle Corporation,Information Technology,,1.8.5-source-port,READY,WATCH,READY_TO_WATCH
2026-09-15T00:46:48.476915+00:00,ROP,SP500,2026-09-11,388.5199890136719,WATCH,1,NONE,Bull Trend,Neutral,Bear Micro BOS,,394.02,405.77,,,,,Roper Technologies,Information Technology,,1.8.5-source-port,ENTRY,WATCH,ENTRY_TO_WATCH
2026-09-15T00:46:48.476915+00:00,SYF,SP500,2026-09-11,75.98999786376953,WATCH,1,NONE,Bearish Zhongshu,Neutral,Bear Micro BOS,,79.21,79.87,,,,,Synchrony Financial,Financials,,1.8.5-source-port,ENTRY,WATCH,ENTRY_TO_WATCH
2026-09-15T00:46:48.476915+00:00,TAP,SP500,2026-09-11,38.93000030517578,WATCH,1,NONE,Bear Trend,Distribution,Bear Micro BOS,,40.82,41.27,,,,,Molson Coors Beverage Company,Consumer Staples,,1.8.5-source-port,ENTRY,WATCH,ENTRY_TO_WATCH
2026-09-15T00:46:48.476915+00:00,VTRS,SP500,2026-09-11,16.510000228881836,WATCH,1,NONE,Bullish Zhongshu,Neutral,Waiting,,16.15,16.29,,,,,Viatris,Health Care,,1.8.5-source-port,READY,WATCH,READY_TO_WATCH
2026-09-15T00:46:48.476915+00:00,WDAY,SP500,2026-09-11,185.6999969482422,WATCH,1,NONE,Bearish Zhongshu,Neutral,Waiting,,188.05,211.83,,,,,"Workday, Inc.",Information Technology,,1.8.5-source-port,ENTRY,WATCH,ENTRY_TO_WATCH
2026-09-15T13:50:51.097995+00:00,001965,HS300,2026-09-15,10.0,ENTRY,3,BRK,Bullish Zhongshu,Neutral,Bull Micro BOS,LONG,9.25,9.9,10.0,9.74,10.52,10.79,招商公路,nan,,1.8.5-source-port,WATCH,ENTRY,WATCH_TO_ENTRY
2026-09-15T13:50:51.097995+00:00,002920,HS300,2026-09-15,82.23,READY,2,3S,Bear Trend,Neutral,Waiting,SHORT,83.43,88.94,,,,,德赛西威,nan,,1.8.5-source-port,NONE,READY,NEW_READY
2026-09-15T13:50:51.097995+00:00,300498,HS300,2026-09-15,14.99,READY,2,3B,Bull Trend,Neutral,Waiting,LONG,14.65,14.72,,,,,温氏股份,nan,,1.8.5-source-port,WATCH,READY,WATCH_TO_READY
2026-09-15T13:50:51.097995+00:00,601668,HS300,2026-09-15,4.29,READY,2,3S,Bear Trend,Neutral,Waiting,SHORT,4.34,4.4,,,,,中国建筑,nan,,1.8.5-source-port,NONE,READY,NEW_READY
2026-09-15T13:50:51.097995+00:00,601800,HS300,2026-09-15,5.84,READY,2,3S,Bearish Zhongshu,Neutral,Bear Micro BOS,SHORT,5.88,6.03,,,,,中国交建,nan,,1.8.5-source-port,WATCH,READY,WATCH_TO_READY
2026-09-15T13:50:51.097995+00:00,601888,HS300,2026-09-15,51.05,READY,2,3S,Bearish Zhongshu,Neutral,Bear Micro BOS,SHORT,51.81,53.8,,,,,中国中免,nan,,1.8.5-source-port,WATCH,READY,WATCH_TO_READY
2026-09-15T13:50:51.097995+00:00,601899,HS300,2026-09-15,31.68,READY,2,3S,Bearish Zhongshu,Neutral,Waiting,SHORT,32.19,33.27,,,,,紫金矿业,nan,,1.8.5-source-port,WATCH,READY,WATCH_TO_READY
2026-09-15T13:50:51.097995+00:00,603259,HS300,2026-09-15,156.67,READY,2,3B,Bullish Zhongshu,Neutral,Waiting,LONG,149.73,157.17,,,,,药明康德,nan,,1.8.5-source-port,ENTRY,READY,ENTRY_TO_READY
2026-09-15T13:50:51.097995+00:00,000333,HS300,2026-09-15,87.23,WATCH,1,NONE,Bullish Zhongshu,Neutral,Waiting,,82.39,87.4,,,,,美的集团,nan,,1.8.5-source-port,READY,WATCH,READY_TO_WATCH
2026-09-15T13:50:51.097995+00:00,000999,HS300,2026-09-15,24.12,WATCH,1,NONE,Bearish Zhongshu,Neutral,Waiting,,24.53,24.66,,,,,华润三九,nan,,1.8.5-source-port,READY,WATCH,READY_TO_WATCH
2026-09-15T13:50:51.097995+00:00,002353,HS300,2026-09-15,120.7,WATCH,1,NONE,Bull Trend,Neutral,Waiting,,144.55,151.1,,,,,杰瑞股份,nan,,1.8.5-source-port,READY,WATCH,READY_TO_WATCH
2026-09-15T13:50:51.097995+00:00,002384,HS300,2026-09-15,182.82,WATCH,1,NONE,Bearish Zhongshu,Neutral,Waiting,,176.75,199.5,,,,,东山精密,nan,,1.8.5-source-port,READY,WATCH,READY_TO_WATCH
2026-09-15T13:50:51.097995+00:00,002600,HS300,2026-09-15,12.61,WATCH,1,NONE,Bull Trend,Neutral,Waiting,,12.46,12.78,,,,,领益智造,nan,,1.8.5-source-port,READY,WATCH,READY_TO_WATCH
2026-09-15T13:50:51.097995+00:00,002916,HS300,2026-09-15,389.72,WATCH,1,NONE,Bullish Zhongshu,Neutral,Waiting,,350.0,388.18,,,,,深南电路,nan,,1.8.5-source-port,ENTRY,WATCH,ENTRY_TO_WATCH
2026-09-15T13:50:51.097995+00:00,300308,HS300,2026-09-15,864.01,WATCH,1,NONE,Bearish Zhongshu,Neutral,Waiting,,830.0,929.8,,,,,中际旭创,nan,,1.8.5-source-port,READY,WATCH,READY_TO_WATCH
2026-09-15T13:50:51.097995+00:00,300433,HS300,2026-09-15,32.86,WATCH,1,NONE,Bearish Zhongshu,Neutral,Bear Micro BOS,,38.12,39.22,,,,,蓝思科技,nan,,1.8.5-source-port,READY,WATCH,READY_TO_WATCH
2026-09-15T13:50:51.097995+00:00,300502,HS300,2026-09-15,397.01,WATCH,1,NONE,Bearish Zhongshu,Neutral,Waiting,,385.0,435.65,,,,,新易盛,nan,,1.8.5-source-port,READY,WATCH,READY_TO_WATCH
2026-09-15T13:50:51.097995+00:00,600028,HS300,2026-09-15,5.29,WATCH,1,NONE,Bull Trend,Neutral,Bear Micro BOS,,4.94,5.33,,,,,中国石化,nan,,1.8.5-source-port,READY,WATCH,READY_TO_WATCH
2026-09-15T13:50:51.097995+00:00,600460,HS300,2026-09-15,30.04,WATCH,1,NONE,Bearish Zhongshu,Neutral,Waiting,,31.74,33.92,,,,,士兰微,nan,,1.8.5-source-port,READY,WATCH,READY_TO_WATCH
2026-09-15T13:50:51.097995+00:00,600887,HS300,2026-09-15,26.27,WATCH,1,NONE,Bullish Zhongshu,Neutral,Bear Micro BOS,,26.01,26.25,,,,,伊利股份,nan,,1.8.5-source-port,READY,WATCH,READY_TO_WATCH
2026-09-15T13:50:51.097995+00:00,601318,HS300,2026-09-15,53.9,WATCH,1,NONE,Bull Trend,Neutral,Waiting,,50.28,54.83,,,,,中国平安,nan,,1.8.5-source-port,READY,WATCH,READY_TO_WATCH
2026-09-15T13:50:51.097995+00:00,688256,HS300,2026-09-15,1075.79,WATCH,1,NONE,Neutral Zhongshu,Neutral,Waiting,,1010.83,1140.96,,,,,寒武纪,nan,,1.8.5-source-port,NONE,WATCH,NEW_WATCH
2026-09-15T13:50:51.097995+00:00,688396,HS300,2026-09-15,55.25,WATCH,1,NONE,Bearish Zhongshu,Neutral,Waiting,,60.49,62.71,,,,,华润微,nan,,1.8.5-source-port,READY,WATCH,READY_TO_WATCH
2026-09-15T13:50:51.097995+00:00,300274,HS300,2026-09-15,84.38,NONE,0,NONE,Bear Trend,Neutral,Waiting,,109.71,122.21,,,,,阳光电源,nan,,1.8.5-source-port,READY,NONE,DROPPED
2026-09-15T13:50:51.097995+00:00,300442,HS300,2026-09-15,60.91,NONE,0,NONE,Bear Trend,Neutral,Waiting,,60.37,66.31,,,,,润泽科技,nan,,1.8.5-source-port,READY,NONE,DROPPED
2026-09-15T13:50:51.097995+00:00,600741,HS300,2026-09-15,15.28,NONE,0,NONE,Bear Trend,Neutral,Waiting,,15.25,15.55,,,,,华域汽车,nan,,1.8.5-source-port,WATCH,NONE,DROPPED
2026-09-15T13:50:51.097995+00:00,601211,HS300,2026-09-15,17.5,NONE,0,NONE,Bear Trend,Neutral,Waiting,,17.82,18.04,,,,,国泰海通,nan,,1.8.5-source-port,WATCH,NONE,DROPPED
2026-09-15T13:50:51.097995+00:00,603288,HS300,2026-09-15,34.07,NONE,0,NONE,Bear Trend,Neutral,Waiting,,33.5,34.7,,,,,海天味业,nan,,1.8.5-source-port,READY,NONE,DROPPED
2026-09-15T13:50:51.097995+00:00,688223,HS300,2026-09-15,3.79,NONE,0,NONE,Bear Trend,Neutral,Bear Micro BOS,,4.3,4.66,,,,,晶科能源,nan,,1.8.5-source-port,READY,NONE,DROPPED
2026-09-16T00:37:52.544754+00:00,APO,SP500,2026-09-14,128.30999755859375,ENTRY,3,3S,Bear Trend,Neutral,Bear Micro BOS,SHORT,129.95,137.83,128.31,131.18,122.57,119.71,Apollo Global Management,Financials,,1.8.5-source-port,READY,ENTRY,READY_TO_ENTRY
2026-09-16T00:37:52.544754+00:00,CNP,SP500,2026-09-14,38.650001525878906,ENTRY,3,3S,Bear Trend,Neutral,Bear Micro BOS,SHORT,39.56,40.36,38.65,39.63,36.69,35.72,CenterPoint Energy,Utilities,,1.8.5-source-port,READY,ENTRY,READY_TO_ENTRY
2026-09-16T00:37:52.544754+00:00,LNT,SP500,2026-09-14,66.91999816894531,ENTRY,3,3S,Bear Trend,Neutral,Bear Micro BOS,SHORT,67.68,71.46,66.92,68.06,64.65,63.51,Alliant Energy,Utilities,,1.8.5-source-port,READY,ENTRY,READY_TO_ENTRY
2026-09-16T00:37:52.544754+00:00,PEG,SP500,2026-09-14,70.91999816894531,ENTRY,3,3S,Bear Trend,Neutral,Bear Micro BOS,SHORT,72.74,73.99,70.92,73.07,66.63,64.48,Public Service Enterprise Group,Utilities,,1.8.5-source-port,READY,ENTRY,READY_TO_ENTRY
2026-09-16T00:37:52.544754+00:00,BAC,SP500,2026-09-14,59.470001220703125,ENTRY,3,2S,Bearish Zhongshu,Neutral,Bear Micro BOS,SHORT,61.43,63.23,59.47,63.56,51.29,47.21,Bank of America,Financials,,1.8.5-source-port,READY,ENTRY,READY_TO_ENTRY
2026-09-16T00:37:52.544754+00:00,BBY,SP500,2026-09-14,94.83000183105469,ENTRY,3,2B,Bullish Zhongshu,Neutral,Bull Micro BOS,LONG,83.45,87.35,94.83,85.58,113.34,122.59,Best Buy,Consumer Discretionary,,1.8.5-source-port,WATCH,ENTRY,WATCH_TO_ENTRY
2026-09-16T00:37:52.544754+00:00,DVA,SP500,2026-09-14,189.32000732421875,ENTRY,3,2B,Bear Trend,Neutral,Bull Micro BOS,LONG,225.17,239.64,189.32,175.2,217.55,231.67,DaVita,Health Care,,1.8.5-source-port,READY,ENTRY,READY_TO_ENTRY
2026-09-16T00:37:52.544754+00:00,EQIX,SP500,2026-09-14,998.719970703125,ENTRY,3,2S,Bearish Zhongshu,Neutral,Bear Micro BOS,SHORT,1027.94,1049.53,998.72,1062.67,870.81,806.86,Equinix,Real Estate,,1.8.5-source-port,READY,ENTRY,READY_TO_ENTRY
2026-09-16T00:37:52.544754+00:00,MPWR,SP500,2026-09-14,1143.239990234375,ENTRY,3,2S,Bearish Zhongshu,Neutral,Bear Micro BOS,SHORT,1402.86,1406.04,1143.24,1256.28,917.15,804.11,Monolithic Power Systems,Information Technology,,1.8.5-source-port,READY,ENTRY,READY_TO_ENTRY
2026-09-16T00:37:52.544754+00:00,MS,SP500,2026-09-14,206.5800018310547,ENTRY,3,2S,Bear Trend,Neutral,Bear Micro BOS,SHORT,213.52,217.96,206.58,219.98,179.77,166.37,Morgan Stanley,Financials,,1.8.5-source-port,READY,ENTRY,READY_TO_ENTRY
2026-09-16T00:37:52.544754+00:00,PH,SP500,2026-09-14,928.8300170898438,ENTRY,3,2S,Bearish Zhongshu,Neutral,Bear Micro BOS,SHORT,991.52,1003.79,928.83,985.26,815.97,759.54,Parker Hannifin,Industrials,,1.8.5-source-port,READY,ENTRY,READY_TO_ENTRY
2026-09-16T00:37:52.544754+00:00,RJF,SP500,2026-09-14,170.8000030517578,ENTRY,3,2S,Bearish Zhongshu,Neutral,Bear Micro BOS,SHORT,171.91,172.43,170.8,182.54,147.32,135.58,Raymond James Financial,Financials,,1.8.5-source-port,READY,ENTRY,READY_TO_ENTRY
2026-09-16T00:37:52.544754+00:00,TRGP,SP500,2026-09-14,287.25,ENTRY,3,2S,Bull Trend,Neutral,Bear Micro BOS,SHORT,287.75,289.68,287.25,300.48,260.79,247.56,Targa Resources,Energy,,1.8.5-source-port,READY,ENTRY,READY_TO_ENTRY
2026-09-16T00:37:52.544754+00:00,BNY,SP500,2026-09-14,157.66000366210938,ENTRY,3,BRK_SHORT,Bearish Zhongshu,Neutral,Bear Micro BOS,SHORT,161.2,163.12,157.66,163.94,145.1,138.83,BNY Mellon,Financials,,1.8.5-source-port,WATCH,ENTRY,WATCH_TO_ENTRY
2026-09-16T00:37:52.544754+00:00,CEG,SP500,2026-09-14,264.57000732421875,ENTRY,3,BRK_SHORT,Bull Trend,Neutral,Bear Micro BOS,SHORT,269.53,279.17,264.57,279.38,234.94,220.13,Constellation Energy,Utilities,,1.8.5-source-port,WATCH,ENTRY,WATCH_TO_ENTRY
2026-09-16T00:37:52.544754+00:00,DUK,SP500,2026-09-14,119.0199966430664,ENTRY,3,BRK_SHORT,Bear Trend,Neutral,Bear Micro BOS,SHORT,119.68,121.62,119.02,121.02,115.01,113.01,Duke Energy,Utilities,,1.8.5-source-port,WATCH,ENTRY,WATCH_TO_ENTRY
2026-09-16T00:37:52.544754+00:00,ETR,SP500,2026-09-14,103.63999938964844,ENTRY,3,BRK_SHORT,Bear Trend,Neutral,Bear Micro BOS,SHORT,104.76,107.88,103.64,106.19,98.54,95.99,Entergy,Utilities,,1.8.5-source-port,WATCH,ENTRY,WATCH_TO_ENTRY
2026-09-16T00:37:52.544754+00:00,IVZ,SP500,2026-09-14,31.510000228881836,ENTRY,3,BRK_SHORT,Bull Trend,Neutral,Bear Micro BOS,SHORT,31.63,32.33,31.51,32.21,30.11,29.41,Invesco,Financials,,1.8.5-source-port,WATCH,ENTRY,WATCH_TO_ENTRY
2026-09-16T00:37:52.544754+00:00,MKC,SP500,2026-09-14,50.38999938964844,ENTRY,3,BRK_SHORT,Bull Trend,Neutral,Bear Micro BOS,SHORT,51.02,53.13,50.39,53.25,44.66,41.8,McCormick & Company,Consumer Staples,,1.8.5-source-port,WATCH,ENTRY,WATCH_TO_ENTRY
2026-09-16T00:37:52.544754+00:00,STT,SP500,2026-09-14,188.16000366210938,ENTRY,3,BRK_SHORT,Bull Trend,Neutral,Bear Micro BOS,SHORT,189.38,192.51,188.16,193.2,178.09,173.05,State Street Corporation,Financials,,1.8.5-source-port,WATCH,ENTRY,WATCH_TO_ENTRY
2026-09-16T00:37:52.544754+00:00,AMAT,SP500,2026-09-14,424.2099914550781,READY,2,3S,Bear Trend,Neutral,Waiting,SHORT,435.86,464.57,,,,,Applied Materials,Information Technology,,1.8.5-source-port,WATCH,READY,WATCH_TO_READY
2026-09-16T00:37:52.544754+00:00,AVGO,SP500,2026-09-14,344.7200012207031,READY,2,3S,Bear Trend,Neutral,Waiting,SHORT,357.8,366.78,,,,,Broadcom,Information Technology,,1.8.5-source-port,WATCH,READY,WATCH_TO_READY
2026-09-16T00:37:52.544754+00:00,BRK-B,SP500,2026-09-14,514.9500122070312,READY,2,3B,Bullish Zhongshu,Neutral,Bull Micro BOS,LONG,498.07,506.58,,,,,Berkshire Hathaway,Financials,,1.8.5-source-port,ENTRY,READY,ENTRY_TO_READY
2026-09-16T00:37:52.544754+00:00,CHRW,SP500,2026-09-14,157.30999755859375,READY,2,3B,Bullish Zhongshu,Neutral,Bull Micro BOS,LONG,143.18,150.36,,,,,C.H. Robinson,Industrials,,1.8.5-source-port,ENTRY,READY,ENTRY_TO_READY
2026-09-16T00:37:52.544754+00:00,COIN,SP500,2026-09-14,191.4499969482422,READY,2,3B,Bullish Zhongshu,Neutral,Waiting,LONG,172.03,184.93,,,,,Coinbase,Financials,,1.8.5-source-port,WATCH,READY,WATCH_TO_READY
2026-09-16T00:37:52.544754+00:00,EBAY,SP500,2026-09-14,108.98999786376953,READY,2,3B,Bear Trend,Neutral,Waiting,LONG,104.56,107.04,,,,,eBay Inc.,Consumer Discretionary,,1.8.5-source-port,WATCH,READY,WATCH_TO_READY
2026-09-16T00:37:52.544754+00:00,GEV,SP500,2026-09-14,874.760009765625,READY,2,3S,Bear Trend,Neutral,Waiting,SHORT,897.68,983.34,,,,,GE Vernova,Industrials,,1.8.5-source-port,WATCH,READY,WATCH_TO_READY
2026-09-16T00:37:52.544754+00:00,HUBB,SP500,2026-09-14,442.3800048828125,READY,2,3S,Bear Trend,Neutral,Waiting,SHORT,464.61,467.08,,,,,Hubbell Incorporated,Industrials,,1.8.5-source-port,WATCH,READY,WATCH_TO_READY
2026-09-16T00:37:52.544754+00:00,IBM,SP500,2026-09-14,249.08999633789062,READY,2,3B,Bullish Zhongshu,Neutral,Waiting,LONG,229.1,238.72,,,,,IBM,Information Technology,,1.8.5-source-port,ENTRY,READY,ENTRY_TO_READY
2026-09-16T00:37:52.544754+00:00,JKHY,SP500,2026-09-14,164.5500030517578,READY,2,3B,Bull Trend,Neutral,Waiting,LONG,157.55,162.96,,,,,Jack Henry & Associates,Financials,,1.8.5-source-port,WATCH,READY,WATCH_TO_READY
2026-09-16T00:37:52.544754+00:00,KLAC,SP500,2026-09-14,169.08999633789062,READY,2,3S,Bear Trend,Neutral,Waiting,SHORT,169.62,182.41,,,,,KLA Corporation,Information Technology,,1.8.5-source-port,WATCH,READY,WATCH_TO_READY
2026-09-16T00:37:52.544754+00:00,LHX,SP500,2026-09-14,248.92999267578125,READY,2,3S,Bear Trend,Neutral,Waiting,SHORT,257.31,268.21,,,,,L3Harris,Industrials,,1.8.5-source-port,WATCH,READY,WATCH_TO_READY
2026-09-16T00:37:52.544754+00:00,LMT,SP500,2026-09-14,529.3800048828125,READY,2,3S,Bear Trend,Neutral,Waiting,SHORT,551.86,564.98,,,,,Lockheed Martin,Industrials,,1.8.5-source-port,WATCH,READY,WATCH_TO_READY
2026-09-16T00:37:52.544754+00:00,NFLX,SP500,2026-09-14,80.31999969482422,READY,2,3B,Bull Trend,Neutral,Waiting,LONG,75.03,78.44,,,,,Netflix,Communication Services,,1.8.5-source-port,WATCH,READY,WATCH_TO_READY
2026-09-16T00:37:52.544754+00:00,ON,SP500,2026-09-14,71.6500015258789,READY,2,3S,Bear Trend,Neutral,Waiting,SHORT,75.69,76.19,,,,,ON Semiconductor,Information Technology,,1.8.5-source-port,WATCH,READY,WATCH_TO_READY
2026-09-16T00:37:52.544754+00:00,SNPS,SP500,2026-09-14,381.42999267578125,READY,2,3S,Bearish Zhongshu,Neutral,Waiting,SHORT,388.11,419.84,,,,,Synopsys,Information Technology,,1.8.5-source-port,WATCH,READY,WATCH_TO_READY
2026-09-16T00:37:52.544754+00:00,SRE,SP500,2026-09-14,82.98999786376953,READY,2,3S,Bear Trend,Neutral,Waiting,SHORT,83.65,86.15,,,,,Sempra,Utilities,,1.8.5-source-port,WATCH,READY,WATCH_TO_READY
2026-09-16T00:37:52.544754+00:00,TRV,SP500,2026-09-14,378.04998779296875,READY,2,3B,Bear Trend,Neutral,Waiting,LONG,370.15,373.55,,,,,Travelers Companies (The),Financials,,1.8.5-source-port,WATCH,READY,WATCH_TO_READY
2026-09-16T00:37:52.544754+00:00,TXN,SP500,2026-09-14,263.4200134277344,READY,2,3S,Bear Trend,Neutral,Waiting,SHORT,264.74,273.33,,,,,Texas Instruments,Information Technology,,1.8.5-source-port,WATCH,READY,WATCH_TO_READY
2026-09-16T00:37:52.544754+00:00,TYL,SP500,2026-09-14,359.5400085449219,READY,2,3B,Bull Trend,Neutral,Waiting,LONG,333.34,348.62,,,,,Tyler Technologies,Information Technology,,1.8.5-source-port,WATCH,READY,WATCH_TO_READY
2026-09-16T00:37:52.544754+00:00,UNH,SP500,2026-09-14,383.54998779296875,READY,2,3S,Bear Trend,Neutral,Waiting,SHORT,383.83,406.25,,,,,UnitedHealth Group,Health Care,,1.8.5-source-port,WATCH,READY,WATCH_TO_READY
2026-09-16T00:37:52.544754+00:00,AME,SP500,2026-09-14,233.64999389648438,READY,2,2S,Bearish Zhongshu,Neutral,Waiting,SHORT,237.4,240.78,,,,,Ametek,Industrials,,1.8.5-source-port,ENTRY,READY,ENTRY_TO_READY
2026-09-16T00:37:52.544754+00:00,NXPI,SP500,2026-09-14,224.22999572753906,READY,2,2B,Bear Trend,Neutral,Waiting,LONG,223.51,227.24,,,,,NXP Semiconductors,Information Technology,,1.8.5-source-port,ENTRY,READY,ENTRY_TO_READY
2026-09-16T00:37:52.544754+00:00,USB,SP500,2026-09-14,62.68000030517578,READY,2,2B,Neutral Zhongshu,Neutral,Waiting,LONG,62.34,62.98,,,,,U.S. Bancorp,Financials,,1.8.5-source-port,WATCH,READY,WATCH_TO_READY
2026-09-16T00:37:52.544754+00:00,ADBE,SP500,2026-09-14,265.6000061035156,WATCH,1,NONE,Bullish Zhongshu,Neutral,Waiting,,254.25,266.28,,,,,Adobe Inc.,Information Technology,,1.8.5-source-port,READY,WATCH,READY_TO_WATCH
2026-09-16T00:37:52.544754+00:00,COF,SP500,2026-09-14,206.67999267578125,WATCH,1,NONE,Bear Trend,Neutral,Waiting,,211.32,212.57,,,,,Capital One,Financials,,1.8.5-source-port,ENTRY,WATCH,ENTRY_TO_WATCH
2026-09-16T00:37:52.544754+00:00,COP,SP500,2026-09-14,136.6699981689453,WATCH,1,NONE,Bull Trend,Neutral,Waiting,,128.0,135.88,,,,,ConocoPhillips,Energy,,1.8.5-source-port,ENTRY,WATCH,ENTRY_TO_WATCH
2026-09-16T00:37:52.544754+00:00,COR,SP500,2026-09-14,326.2300109863281,WATCH,1,NONE,Bull Trend,Neutral,Waiting,,317.96,322.33,,,,,Cencora,Health Care,,1.8.5-source-port,READY,WATCH,READY_TO_WATCH
2026-09-16T00:37:52.544754+00:00,CRWD,SP500,2026-09-14,235.3800048828125,WATCH,1,NONE,Bullish Zhongshu,Neutral,Bull Micro BOS,,187.01,196.41,,,,,CrowdStrike,Information Technology,,1.8.5-source-port,READY,WATCH,READY_TO_WATCH
2026-09-16T00:37:52.544754+00:00,DTE,SP500,2026-09-14,131.1300048828125,WATCH,1,NONE,Bear Trend,Neutral,Bear Micro BOS,,135.76,137.23,,,,,DTE Energy,Utilities,,1.8.5-source-port,ENTRY,WATCH,ENTRY_TO_WATCH
2026-09-16T00:37:52.544754+00:00,FCX,SP500,2026-09-14,69.33999633789062,WATCH,1,NONE,Bull Trend,Neutral,Waiting,,68.85,71.22,,,,,Freeport-McMoRan,Materials,,1.8.5-source-port,READY,WATCH,READY_TO_WATCH
2026-09-16T00:37:52.544754+00:00,FDS,SP500,2026-09-14,276.92999267578125,WATCH,1,NONE,Bullish Zhongshu,Neutral,Waiting,,264.49,269.79,,,,,FactSet,Financials,,1.8.5-source-port,ENTRY,WATCH,ENTRY_TO_WATCH
2026-09-16T00:37:52.544754+00:00,FDX,SP500,2026-09-14,312.57000732421875,WATCH,1,NONE,Bull Trend,Neutral,Waiting,,314.1,314.96,,,,,FedEx,Industrials,,1.8.5-source-port,ENTRY,WATCH,ENTRY_TO_WATCH
2026-09-16T00:37:52.544754+00:00,FICO,SP500,2026-09-14,1001.5,WATCH,1,NONE,Bear Trend,Neutral,Waiting,,1172.69,1188.8,,,,,Fair Isaac,Information Technology,,1.8.5-source-port,READY,WATCH,READY_TO_WATCH
2026-09-16T00:37:52.544754+00:00,GIS,SP500,2026-09-14,36.470001220703125,WATCH,1,NONE,Bull Trend,Neutral,Waiting,,36.52,37.13,,,,,General Mills,Consumer Staples,,1.8.5-source-port,ENTRY,WATCH,ENTRY_TO_WATCH
2026-09-16T00:37:52.544754+00:00,GOOG,SP500,2026-09-14,345.7099914550781,WATCH,1,NONE,Bull Trend,Neutral,Bull Micro BOS,,339.82,341.98,,,,,Alphabet Inc. (Class C),Communication Services,,1.8.5-source-port,READY,WATCH,READY_TO_WATCH
2026-09-16T00:37:52.544754+00:00,GOOGL,SP500,2026-09-14,349.3900146484375,WATCH,1,NONE,Bull Trend,Neutral,Bull Micro BOS,,340.88,342.5,,,,,Alphabet Inc. (Class A),Communication Services,,1.8.5-source-port,READY,WATCH,READY_TO_WATCH
2026-09-16T00:37:52.544754+00:00,GPN,SP500,2026-09-14,90.19000244140625,WATCH,1,NONE,Bull Trend,Neutral,Waiting,,89.48,90.85,,,,,Global Payments,Financials,,1.8.5-source-port,ENTRY,WATCH,ENTRY_TO_WATCH
2026-09-16T00:37:52.544754+00:00,HIG,SP500,2026-09-14,137.58999633789062,WATCH,1,NONE,Bearish Zhongshu,Neutral,Waiting,,136.62,140.0,,,,,Hartford (The),Financials,,1.8.5-source-port,READY,WATCH,READY_TO_WATCH
2026-09-16T00:37:52.544754+00:00,IT,SP500,2026-09-14,197.07000732421875,WATCH,1,NONE,Bullish Zhongshu,Neutral,Waiting,,186.42,194.53,,,,,Gartner,Information Technology,,1.8.5-source-port,READY,WATCH,READY_TO_WATCH
2026-09-16T00:37:52.544754+00:00,LRCX,SP500,2026-09-14,273.489990234375,WATCH,1,NONE,Bearish Zhongshu,Neutral,Bear Micro BOS,,313.1,323.64,,,,,Lam Research,Information Technology,,1.8.5-source-port,READY,WATCH,READY_TO_WATCH
2026-09-16T00:37:52.544754+00:00,MLM,SP500,2026-09-14,500.9200134277344,WATCH,1,NONE,Bear Trend,Neutral,Waiting,,539.96,541.3,,,,,Martin Marietta Materials,Materials,,1.8.5-source-port,READY,WATCH,READY_TO_WATCH
2026-09-16T00:37:52.544754+00:00,MO,SP500,2026-09-14,70.61000061035156,WATCH,1,NONE,Bullish Zhongshu,Neutral,Bull Micro BOS,,69.87,70.53,,,,,Altria,Consumer Staples,,1.8.5-source-port,READY,WATCH,READY_TO_WATCH
2026-09-16T00:37:52.544754+00:00,NTRS,SP500,2026-09-14,181.7100067138672,WATCH,1,NONE,Bearish Zhongshu,Neutral,Waiting,,182.41,187.86,,,,,Northern Trust,Financials,,1.8.5-source-port,ENTRY,WATCH,ENTRY_TO_WATCH
2026-09-16T00:37:52.544754+00:00,NVDA,SP500,2026-09-14,210.9600067138672,WATCH,1,NONE,Bull Trend,Neutral,Bear Micro BOS,,207.25,214.39,,,,,Nvidia,Information Technology,,1.8.5-source-port,READY,WATCH,READY_TO_WATCH
2026-09-16T00:37:52.544754+00:00,PKG,SP500,2026-09-14,233.25999450683594,WATCH,1,NONE,Bearish Zhongshu,Neutral,Waiting,,248.66,258.81,,,,,Packaging Corporation of America,Materials,,1.8.5-source-port,READY,WATCH,READY_TO_WATCH
2026-09-16T00:37:52.544754+00:00,RCL,SP500,2026-09-14,255.33999633789062,WATCH,1,NONE,Bearish Zhongshu,Neutral,Bear Micro BOS,,297.14,299.75,,,,,Royal Caribbean Group,Consumer Discretionary,,1.8.5-source-port,ENTRY,WATCH,ENTRY_TO_WATCH
2026-09-16T00:37:52.544754+00:00,SNDK,SP500,2026-09-14,1551.989990234375,WATCH,1,NONE,Bullish Zhongshu,Neutral,Waiting,,1416.56,1609.6,,,,,Sandisk,Information Technology,,1.8.5-source-port,READY,WATCH,READY_TO_WATCH
2026-09-16T00:37:52.544754+00:00,STX,SP500,2026-09-14,805.5499877929688,WATCH,1,NONE,Neutral Zhongshu,Neutral,Waiting,,774.0,835.4,,,,,Seagate Technology,Information Technology,,1.8.5-source-port,READY,WATCH,READY_TO_WATCH
2026-09-16T00:37:52.544754+00:00,SYY,SP500,2026-09-14,83.54000091552734,WATCH,1,NONE,Bear Trend,Distribution,Waiting,,82.91,84.76,,,,,Sysco,Consumer Staples,,1.8.5-source-port,READY,WATCH,READY_TO_WATCH
2026-09-16T00:37:52.544754+00:00,V,SP500,2026-09-14,375.2799987792969,WATCH,1,NONE,Bull Trend,Neutral,Waiting,,372.22,373.28,,,,,Visa Inc.,Financials,,1.8.5-source-port,READY,WATCH,READY_TO_WATCH
2026-09-16T00:37:52.544754+00:00,VRSN,SP500,2026-09-14,298.6000061035156,WATCH,1,NONE,Bullish Zhongshu,Neutral,Waiting,,281.16,283.97,,,,,Verisign,Information Technology,,1.8.5-source-port,READY,WATCH,READY_TO_WATCH
2026-09-16T00:37:52.544754+00:00,WMT,SP500,2026-09-14,109.08000183105469,WATCH,1,NONE,Bear Trend,Neutral,Waiting,,106.53,109.35,,,,,Walmart,Consumer Staples,,1.8.5-source-port,READY,WATCH,READY_TO_WATCH
2026-09-16T00:37:52.544754+00:00,ZBH,SP500,2026-09-14,96.54000091552734,WATCH,1,NONE,Neutral Zhongshu,Neutral,Waiting,,94.77,97.6,,,,,Zimmer Biomet,Health Care,,1.8.5-source-port,READY,WATCH,READY_TO_WATCH
2026-09-16T13:43:29.223630+00:00,000425,HS300,2026-09-16,7.58,READY,2,3S,Bearish Zhongshu,Neutral,Bear Micro BOS,SHORT,7.82,8.12,,,,,徐工机械,nan,,1.8.5-source-port,WATCH,READY,WATCH_TO_READY
2026-09-16T13:43:29.223630+00:00,000651,HS300,2026-09-16,38.1,READY,2,3S,Bearish Zhongshu,Neutral,Bear Micro BOS,SHORT,38.39,39.96,,,,,格力电器,nan,,1.8.5-source-port,WATCH,READY,WATCH_TO_READY
2026-09-16T13:43:29.223630+00:00,600309,HS300,2026-09-16,70.78,READY,2,3S,Bull Trend,Neutral,Bear Micro BOS,SHORT,72.58,74.64,,,,,万华化学,nan,,1.8.5-source-port,WATCH,READY,WATCH_TO_READY
2026-09-16T13:43:29.223630+00:00,600522,HS300,2026-09-16,35.19,READY,2,3B,Bullish Zhongshu,Neutral,Waiting,LONG,31.31,34.39,,,,,中天科技,nan,,1.8.5-source-port,WATCH,READY,WATCH_TO_READY
2026-09-16T13:43:29.223630+00:00,600585,HS300,2026-09-16,16.94,READY,2,3S,Bearish Zhongshu,Neutral,Bear Micro BOS,SHORT,17.3,17.73,,,,,海螺水泥,nan,,1.8.5-source-port,WATCH,READY,WATCH_TO_READY
2026-09-16T13:43:29.223630+00:00,600741,HS300,2026-09-16,15.0,READY,2,3S,Bear Trend,Neutral,Bear Micro BOS,SHORT,15.25,15.55,,,,,华域汽车,nan,,1.8.5-source-port,NONE,READY,NEW_READY
2026-09-16T13:43:29.223630+00:00,601006,HS300,2026-09-16,4.72,READY,2,3S,Bearish Zhongshu,Neutral,Bear Micro BOS,SHORT,4.76,4.87,,,,,大秦铁路,nan,,1.8.5-source-port,WATCH,READY,WATCH_TO_READY
2026-09-16T13:43:29.223630+00:00,601077,HS300,2026-09-16,6.58,READY,2,3S,Bull Trend,Neutral,Bear Micro BOS,SHORT,6.67,6.9,,,,,渝农商行,nan,,1.8.5-source-port,WATCH,READY,WATCH_TO_READY
2026-09-16T13:43:29.223630+00:00,601607,HS300,2026-09-16,16.16,READY,2,3S,Bearish Zhongshu,Neutral,Waiting,SHORT,16.25,16.68,,,,,上海医药,nan,,1.8.5-source-port,WATCH,READY,WATCH_TO_READY
2026-09-16T13:43:29.223630+00:00,601618,HS300,2026-09-16,2.51,READY,2,3S,Bearish Zhongshu,Accumulation,Bear Micro BOS,SHORT,2.53,2.65,,,,,中国中冶,nan,,1.8.5-source-port,WATCH,READY,WATCH_TO_READY
2026-09-16T13:43:29.223630+00:00,603369,HS300,2026-09-16,27.78,READY,2,3S,Bull Trend,Neutral,Waiting,SHORT,28.59,30.99,,,,,今世缘,nan,,1.8.5-source-port,WATCH,READY,WATCH_TO_READY
2026-09-16T13:43:29.223630+00:00,000166,HS300,2026-09-16,4.4,WATCH,1,NONE,Bearish Zhongshu,Neutral,Waiting,,4.43,4.53,,,,,申万宏源,nan,,1.8.5-source-port,READY,WATCH,READY_TO_WATCH
2026-09-16T13:43:29.223630+00:00,300015,HS300,2026-09-16,8.0,WATCH,1,NONE,Bull Trend,Neutral,Waiting,,8.6,8.6,,,,,爱尔眼科,nan,,1.8.5-source-port,READY,WATCH,READY_TO_WATCH
2026-09-16T13:43:29.223630+00:00,300760,HS300,2026-09-16,158.03,WATCH,1,NONE,Bull Trend,Neutral,Bear Micro BOS,,146.23,160.73,,,,,迈瑞医疗,nan,,1.8.5-source-port,READY,WATCH,READY_TO_WATCH
2026-09-16T13:43:29.223630+00:00,600061,HS300,2026-09-16,6.23,WATCH,1,NONE,Bearish Zhongshu,Neutral,Waiting,,6.42,6.45,,,,,国投资本,nan,,1.8.5-source-port,READY,WATCH,READY_TO_WATCH
2026-09-16T13:43:29.223630+00:00,600489,HS300,2026-09-16,25.22,WATCH,1,NONE,Bearish Zhongshu,Neutral,Waiting,,24.93,26.7,,,,,中金黄金,nan,,1.8.5-source-port,READY,WATCH,READY_TO_WATCH
2026-09-16T13:43:29.223630+00:00,600547,HS300,2026-09-16,35.13,WATCH,1,NONE,Bull Trend,Neutral,Waiting,,29.62,32.46,,,,,山东黄金,nan,,1.8.5-source-port,READY,WATCH,READY_TO_WATCH
2026-09-16T13:43:29.223630+00:00,601360,HS300,2026-09-16,8.78,WATCH,1,NONE,Bearish Zhongshu,Neutral,Waiting,,9.25,9.44,,,,,三六零,nan,,1.8.5-source-port,READY,WATCH,READY_TO_WATCH
2026-09-16T13:43:29.223630+00:00,601901,HS300,2026-09-16,6.83,WATCH,1,NONE,Bearish Zhongshu,Neutral,Waiting,,6.99,7.0,,,,,方正证券,nan,,1.8.5-source-port,NONE,WATCH,NEW_WATCH
2026-09-16T13:43:29.223630+00:00,601916,HS300,2026-09-16,2.93,WATCH,1,NONE,Bearish Zhongshu,Re-Accumulation,Bear Micro BOS,,2.94,2.96,,,,,浙商银行,nan,,1.8.5-source-port,READY,WATCH,READY_TO_WATCH
2026-09-16T13:43:29.223630+00:00,603986,HS300,2026-09-16,373.14,WATCH,1,NONE,Bearish Zhongshu,Neutral,Waiting,,367.0,398.0,,,,,兆易创新,nan,,1.8.5-source-port,READY,WATCH,READY_TO_WATCH
2026-09-16T13:43:29.223630+00:00,688012,HS300,2026-09-16,352.6,WATCH,1,NONE,Bearish Zhongshu,Neutral,Waiting,,341.64,388.23,,,,,中微公司,nan,,1.8.5-source-port,READY,WATCH,READY_TO_WATCH
2026-09-16T13:43:29.223630+00:00,002625,HS300,2026-09-16,28.26,NONE,0,NONE,Bear Trend,Neutral,Waiting,,27.02,28.86,,,,,光启技术,nan,,1.8.5-source-port,READY,NONE,DROPPED
2026-09-16T13:43:29.223630+00:00,300661,HS300,2026-09-16,111.8,NONE,0,NONE,Bear Trend,Neutral,Waiting,,108.36,116.16,,,,,圣邦股份,nan,,1.8.5-source-port,READY,NONE,DROPPED
2026-09-16T13:43:29.223630+00:00,688008,HS300,2026-09-16,199.89,NONE,0,NONE,Bear Trend,Neutral,Waiting,,189.78,226.45,,,,,澜起科技,nan,,1.8.5-source-port,READY,NONE,DROPPED
2026-09-16T13:43:29.223630+00:00,688072,HS300,2026-09-16,679.54,NONE,0,NONE,Bear Trend,Neutral,Bull Micro BOS,,633.35,727.27,,,,,拓荆科技,nan,,1.8.5-source-port,WATCH,NONE,DROPPED
2026-09-16T13:43:29.223630+00:00,688126,HS300,2026-09-16,23.81,NONE,0,NONE,Bear Trend,Neutral,Waiting,,23.02,24.82,,,,,沪硅产业,nan,,1.8.5-source-port,READY,NONE,DROPPED
2026-09-17T00:45:27.766663+00:00,CVNA,SP500,2026-09-15,66.9000015258789,ENTRY,3,3S,Bearish Zhongshu,Neutral,Bear Micro BOS,SHORT,70.64,71.29,66.9,72.17,56.36,51.09,Carvana,Consumer Discretionary,,1.8.5-source-port,READY,ENTRY,READY_TO_ENTRY
2026-09-17T00:45:27.766663+00:00,AMZN,SP500,2026-09-15,248.4199981689453,ENTRY,3,2S,Bull Trend,Neutral,Bear Micro BOS,SHORT,257.73,258.08,248.42,259.45,226.35,215.32,Amazon,Consumer Discretionary,,1.8.5-source-port,READY,ENTRY,READY_TO_ENTRY
2026-09-17T00:45:27.766663+00:00,APH,SP500,2026-09-15,77.6500015258789,ENTRY,3,2S,Bear Trend,Neutral,Bear Micro BOS,SHORT,153.15,155.23,77.65,86.3,60.34,51.69,Amphenol,Information Technology,,1.8.5-source-port,READY,ENTRY,READY_TO_ENTRY
2026-09-17T00:45:27.766663+00:00,DLTR,SP500,2026-09-15,112.79000091552734,ENTRY,3,2S,Bearish Zhongshu,Neutral,Bear Micro BOS,SHORT,129.9,132.1,112.79,136.38,65.6,42.01,Dollar Tree,Consumer Staples,,1.8.5-source-port,READY,ENTRY,READY_TO_ENTRY
2026-09-17T00:45:27.766663+00:00,FERG,SP500,2026-09-15,215.11000061035156,ENTRY,3,2S,Bear Trend,Neutral,Bear Micro BOS,SHORT,223.49,225.3,215.11,232.22,180.88,163.77,Ferguson Enterprises,Industrials,,1.8.5-source-port,READY,ENTRY,READY_TO_ENTRY
2026-09-17T00:45:27.766663+00:00,GE,SP500,2026-09-15,307.04998779296875,ENTRY,3,2S,Bearish Zhongshu,Neutral,Bear Micro BOS,SHORT,359.55,366.77,307.05,345.37,230.42,192.1,GE Aerospace,Industrials,,1.8.5-source-port,READY,ENTRY,READY_TO_ENTRY
2026-09-17T00:45:27.766663+00:00,RTX,SP500,2026-09-15,195.5,ENTRY,3,2S,Bull Trend,Neutral,Bear Micro BOS,SHORT,192.21,193.53,195.5,201.6,183.3,177.2,RTX Corporation,Industrials,,1.8.5-source-port,WATCH,ENTRY,WATCH_TO_ENTRY
2026-09-17T00:45:27.766663+00:00,AEP,SP500,2026-09-15,120.61000061035156,ENTRY,3,BRK_SHORT,Bear Trend,Neutral,Bear Micro BOS,SHORT,122.25,123.85,120.61,123.43,114.97,112.16,American Electric Power,Utilities,,1.8.5-source-port,WATCH,ENTRY,WATCH_TO_ENTRY
2026-09-17T00:45:27.766663+00:00,APA,SP500,2026-09-15,47.40999984741211,ENTRY,3,BRK,Bull Trend,Neutral,Bull Micro BOS,LONG,40.46,45.05,47.41,44.61,53.01,55.82,APA Corporation,Energy,,1.8.5-source-port,WATCH,ENTRY,WATCH_TO_ENTRY
2026-09-17T00:45:27.766663+00:00,CMG,SP500,2026-09-15,34.83000183105469,ENTRY,3,BRK_SHORT,Bearish Zhongshu,Neutral,Bear Micro BOS,SHORT,35.66,38.92,34.83,37.15,30.18,27.86,Chipotle Mexican Grill,Consumer Discretionary,,1.8.5-source-port,WATCH,ENTRY,WATCH_TO_ENTRY
2026-09-17T00:45:27.766663+00:00,EOG,SP500,2026-09-15,153.74000549316406,ENTRY,3,BRK,Bullish Zhongshu,Neutral,Bull Micro BOS,LONG,144.34,148.22,153.74,147.15,166.92,173.51,EOG Resources,Energy,,1.8.5-source-port,WATCH,ENTRY,WATCH_TO_ENTRY
2026-09-17T00:45:27.766663+00:00,EVRG,SP500,2026-09-15,80.19999694824219,ENTRY,3,BRK_SHORT,Bear Trend,Neutral,Bear Micro BOS,SHORT,80.77,82.63,80.2,81.58,77.43,76.05,Evergy,Utilities,,1.8.5-source-port,WATCH,ENTRY,WATCH_TO_ENTRY
2026-09-17T00:45:27.766663+00:00,GPC,SP500,2026-09-15,131.00999450683594,ENTRY,3,BRK_SHORT,Bull Trend,Neutral,Bear Micro BOS,SHORT,133.24,137.16,131.01,134.75,123.53,119.79,Genuine Parts Company,Consumer Discretionary,,1.8.5-source-port,WATCH,ENTRY,WATCH_TO_ENTRY
2026-09-17T00:45:27.766663+00:00,HWM,SP500,2026-09-15,224.6699981689453,ENTRY,3,BRK_SHORT,Bear Trend,Neutral,Bear Micro BOS,SHORT,240.38,263.34,224.67,243.26,187.49,168.9,Howmet Aerospace,Industrials,,1.8.5-source-port,WATCH,ENTRY,WATCH_TO_ENTRY
2026-09-17T00:45:27.766663+00:00,JKHY,SP500,2026-09-15,154.07000732421875,ENTRY,3,BRK_SHORT,Bull Trend,Neutral,Bear Micro BOS,SHORT,157.55,162.96,154.07,167.86,126.49,112.7,Jack Henry & Associates,Financials,,1.8.5-source-port,READY,ENTRY,READY_TO_ENTRY
2026-09-17T00:45:27.766663+00:00,MSCI,SP500,2026-09-15,544.5999755859375,ENTRY,3,BRK_SHORT,Bear Trend,Accumulation,Bear Micro BOS,SHORT,550.52,574.98,544.6,557.79,518.23,505.04,MSCI,Financials,,1.8.5-source-port,WATCH,ENTRY,WATCH_TO_ENTRY
2026-09-17T00:45:27.766663+00:00,NTRS,SP500,2026-09-15,178.74000549316406,ENTRY,3,BRK_SHORT,Bearish Zhongshu,Neutral,Bear Micro BOS,SHORT,182.41,187.86,178.74,183.62,168.98,164.09,Northern Trust,Financials,,1.8.5-source-port,WATCH,ENTRY,WATCH_TO_ENTRY
2026-09-17T00:45:27.766663+00:00,UNP,SP500,2026-09-15,283.989990234375,ENTRY,3,BRK_SHORT,Bearish Zhongshu,Neutral,Bear Micro BOS,SHORT,285.69,298.15,283.99,288.0,275.98,271.97,Union Pacific Corporation,Industrials,,1.8.5-source-port,WATCH,ENTRY,WATCH_TO_ENTRY
2026-09-17T00:45:27.766663+00:00,WDC,SP500,2026-09-15,411.9599914550781,ENTRY,3,BRK_SHORT,Bear Trend,Neutral,Bear Micro BOS,SHORT,422.11,495.49,411.96,438.27,359.34,333.03,Western Digital,Information Technology,,1.8.5-source-port,WATCH,ENTRY,WATCH_TO_ENTRY
2026-09-17T00:45:27.766663+00:00,WRB,SP500,2026-09-15,71.27999877929688,ENTRY,3,BRK,Bullish Zhongshu,Neutral,Bull Micro BOS,LONG,69.31,70.67,71.28,69.59,74.67,76.36,W. R. Berkley Corporation,Financials,,1.8.5-source-port,WATCH,ENTRY,WATCH_TO_ENTRY
2026-09-17T00:45:27.766663+00:00,WST,SP500,2026-09-15,365.0,ENTRY,3,BRK,Bullish Zhongshu,Neutral,Bull Micro BOS,LONG,343.48,354.96,365.0,352.22,390.56,403.33,West Pharmaceutical Services,Health Care,,1.8.5-source-port,READY,ENTRY,READY_TO_ENTRY
2026-09-17T00:45:27.766663+00:00,BAC,SP500,2026-09-15,59.52000045776367,READY,2,3S,Bearish Zhongshu,Neutral,Waiting,SHORT,61.43,63.23,,,,,Bank of America,Financials,,1.8.5-source-port,ENTRY,READY,ENTRY_TO_READY
2026-09-17T00:45:27.766663+00:00,BNY,SP500,2026-09-15,154.6699981689453,READY,2,3S,Bearish Zhongshu,Neutral,Bear Micro BOS,SHORT,161.2,163.12,,,,,BNY Mellon,Financials,,1.8.5-source-port,ENTRY,READY,ENTRY_TO_READY
2026-09-17T00:45:27.766663+00:00,ETR,SP500,2026-09-15,102.91999816894531,READY,2,3S,Bear Trend,Neutral,Bear Micro BOS,SHORT,104.76,107.88,,,,,Entergy,Utilities,,1.8.5-source-port,ENTRY,READY,ENTRY_TO_READY
2026-09-17T00:45:27.766663+00:00,HST,SP500,2026-09-15,22.1299991607666,READY,2,3S,Bear Trend,Neutral,Waiting,SHORT,22.28,22.54,,,,,Host Hotels & Resorts,Real Estate,,1.8.5-source-port,WATCH,READY,WATCH_TO_READY
2026-09-17T00:45:27.766663+00:00,KEY,SP500,2026-09-15,21.700000762939453,READY,2,3S,Bear Trend,Neutral,Waiting,SHORT,22.13,22.16,,,,,KeyCorp,Financials,,1.8.5-source-port,WATCH,READY,WATCH_TO_READY
2026-09-17T00:45:27.766663+00:00,MKC,SP500,2026-09-15,49.86000061035156,READY,2,3S,Bearish Zhongshu,Neutral,Bear Micro BOS,SHORT,51.02,52.85,,,,,McCormick & Company,Consumer Staples,,1.8.5-source-port,ENTRY,READY,ENTRY_TO_READY
2026-09-17T00:45:27.766663+00:00,MO,SP500,2026-09-15,69.80999755859375,READY,2,3S,Bearish Zhongshu,Neutral,Waiting,SHORT,69.87,70.53,,,,,Altria,Consumer Staples,,1.8.5-source-port,WATCH,READY,WATCH_TO_READY
2026-09-17T00:45:27.766663+00:00,PH,SP500,2026-09-15,925.0,READY,2,3S,Bearish Zhongshu,Neutral,Bear Micro BOS,SHORT,991.52,1003.79,,,,,Parker Hannifin,Industrials,,1.8.5-source-port,ENTRY,READY,ENTRY_TO_READY
2026-09-17T00:45:27.766663+00:00,RF,SP500,2026-09-15,29.68000030517578,READY,2,3S,Bear Trend,Neutral,Waiting,SHORT,30.1,30.41,,,,,Regions Financial Corporation,Financials,,1.8.5-source-port,WATCH,READY,WATCH_TO_READY
2026-09-17T00:45:27.766663+00:00,RMD,SP500,2026-09-15,229.44000244140625,READY,2,3B,Bull Trend,Neutral,Waiting,LONG,215.8,221.79,,,,,ResMed|,Health Care,,1.8.5-source-port,WATCH,READY,WATCH_TO_READY
2026-09-17T00:45:27.766663+00:00,XEL,SP500,2026-09-15,72.48999786376953,READY,2,3S,Bear Trend,Neutral,Bear Micro BOS,SHORT,76.12,77.5,,,,,Xcel Energy,Utilities,,1.8.5-source-port,WATCH,READY,WATCH_TO_READY
2026-09-17T00:45:27.766663+00:00,CPAY,SP500,2026-09-15,407.75,READY,2,2S,Bull Trend,Neutral,Waiting,SHORT,401.52,425.95,,,,,Corpay,Financials,,1.8.5-source-port,WATCH,READY,WATCH_TO_READY
2026-09-17T00:45:27.766663+00:00,FDX,SP500,2026-09-15,308.260009765625,READY,2,2S,Bull Trend,Neutral,Waiting,SHORT,314.1,314.96,,,,,FedEx,Industrials,,1.8.5-source-port,WATCH,READY,WATCH_TO_READY
2026-09-17T00:45:27.766663+00:00,NTAP,SP500,2026-09-15,189.92999267578125,READY,2,2S,Bullish Zhongshu,Neutral,Waiting,SHORT,161.0,167.21,,,,,NetApp,Information Technology,,1.8.5-source-port,WATCH,READY,WATCH_TO_READY
2026-09-17T00:45:27.766663+00:00,PWR,SP500,2026-09-15,613.3499755859375,READY,2,2S,Neutral Zhongshu,Neutral,Waiting,SHORT,593.7,649.0,,,,,Quanta Services,Industrials,,1.8.5-source-port,WATCH,READY,WATCH_TO_READY
2026-09-17T00:45:27.766663+00:00,APO,SP500,2026-09-15,127.0,WATCH,1,NONE,Bear Trend,Neutral,Bear Micro BOS,,129.95,137.83,,,,,Apollo Global Management,Financials,,1.8.5-source-port,ENTRY,WATCH,ENTRY_TO_WATCH
2026-09-17T00:45:27.766663+00:00,BBY,SP500,2026-09-15,93.23999786376953,WATCH,1,NONE,Bullish Zhongshu,Neutral,Waiting,,83.45,87.35,,,,,Best Buy,Consumer Discretionary,,1.8.5-source-port,ENTRY,WATCH,ENTRY_TO_WATCH
2026-09-17T00:45:27.766663+00:00,CNP,SP500,2026-09-15,37.97999954223633,WATCH,1,NONE,Bear Trend,Neutral,Bear Micro BOS,,39.56,40.36,,,,,CenterPoint Energy,Utilities,,1.8.5-source-port,ENTRY,WATCH,ENTRY_TO_WATCH
2026-09-17T00:45:27.766663+00:00,COIN,SP500,2026-09-15,172.11000061035156,WATCH,1,NONE,Bearish Zhongshu,Neutral,Waiting,,172.03,184.93,,,,,Coinbase,Financials,,1.8.5-source-port,READY,WATCH,READY_TO_WATCH
2026-09-17T00:45:27.766663+00:00,DVA,SP500,2026-09-15,190.89999389648438,WATCH,1,NONE,Bear Trend,Neutral,Bull Micro BOS,,225.17,239.64,,,,,DaVita,Health Care,,1.8.5-source-port,ENTRY,WATCH,ENTRY_TO_WATCH
2026-09-17T00:45:27.766663+00:00,EQIX,SP500,2026-09-15,1006.97998046875,WATCH,1,NONE,Bearish Zhongshu,Neutral,Waiting,,1027.94,1049.53,,,,,Equinix,Real Estate,,1.8.5-source-port,ENTRY,WATCH,ENTRY_TO_WATCH
2026-09-17T00:45:27.766663+00:00,HOOD,SP500,2026-09-15,110.44999694824219,WATCH,1,NONE,Bull Trend,Neutral,Waiting,,100.68,112.45,,,,,Robinhood Markets,Financials,,1.8.5-source-port,READY,WATCH,READY_TO_WATCH
2026-09-17T00:45:27.766663+00:00,LNT,SP500,2026-09-15,65.98999786376953,WATCH,1,NONE,Bear Trend,Neutral,Bear Micro BOS,,67.68,71.46,,,,,Alliant Energy,Utilities,,1.8.5-source-port,ENTRY,WATCH,ENTRY_TO_WATCH
2026-09-17T00:45:27.766663+00:00,MPWR,SP500,2026-09-15,1142.4599609375,WATCH,1,NONE,Bearish Zhongshu,Neutral,Bear Micro BOS,,1402.86,1406.04,,,,,Monolithic Power Systems,Information Technology,,1.8.5-source-port,ENTRY,WATCH,ENTRY_TO_WATCH
2026-09-17T00:45:27.766663+00:00,MS,SP500,2026-09-15,206.27999877929688,WATCH,1,NONE,Bear Trend,Neutral,Waiting,,213.52,217.96,,,,,Morgan Stanley,Financials,,1.8.5-source-port,ENTRY,WATCH,ENTRY_TO_WATCH
2026-09-17T00:45:27.766663+00:00,PEG,SP500,2026-09-15,70.41999816894531,WATCH,1,NONE,Bear Trend,Neutral,Bear Micro BOS,,72.74,73.99,,,,,Public Service Enterprise Group,Utilities,,1.8.5-source-port,ENTRY,WATCH,ENTRY_TO_WATCH
2026-09-17T00:45:27.766663+00:00,RDDT,SP500,2026-09-15,159.6300048828125,WATCH,1,NONE,Bearish Zhongshu,Neutral,Waiting,,158.36,163.9,,,,,Reddit,Communication Services,,1.8.5-source-port,READY,WATCH,READY_TO_WATCH
2026-09-17T00:45:27.766663+00:00,TRGP,SP500,2026-09-15,285.67999267578125,WATCH,1,NONE,Bull Trend,Neutral,Bear Micro BOS,,287.75,289.68,,,,,Targa Resources,Energy,,1.8.5-source-port,ENTRY,WATCH,ENTRY_TO_WATCH
2026-09-17T00:45:27.766663+00:00,WAT,SP500,2026-09-15,417.0899963378906,WATCH,1,NONE,Bullish Zhongshu,Neutral,Waiting,,406.87,421.74,,,,,Waters Corporation,Health Care,,1.8.5-source-port,READY,WATCH,READY_TO_WATCH
2026-09-17T00:45:27.766663+00:00,WM,SP500,2026-09-15,217.25,WATCH,1,NONE,Bear Trend,Neutral,Waiting,,223.0,228.98,,,,,Waste Management,Industrials,,1.8.5-source-port,READY,WATCH,READY_TO_WATCH
2026-09-17T13:46:29.292229+00:00,603259,HS300,2026-09-17,160.49,ENTRY,3,3B,Bullish Zhongshu,Neutral,Bull Micro BOS,LONG,149.73,157.17,160.49,155.38,170.7,175.81,药明康德,nan,,1.8.5-source-port,READY,ENTRY,READY_TO_ENTRY
2026-09-17T13:46:29.292229+00:00,300661,HS300,2026-09-17,116.46,ENTRY,3,BRK,Bear Trend,Neutral,Bull Micro BOS,LONG,108.36,116.16,116.46,111.75,125.88,130.59,圣邦股份,nan,,1.8.5-source-port,NONE,ENTRY,NEW_ENTRY
2026-09-17T13:46:29.292229+00:00,000768,HS300,2026-09-17,22.22,READY,2,3B,Bull Trend,Neutral,Waiting,LONG,21.95,22.0,,,,,中航西飞,nan,,1.8.5-source-port,NONE,READY,NEW_READY
2026-09-17T13:46:29.292229+00:00,300413,HS300,2026-09-17,18.14,READY,2,3B,Bull Trend,Neutral,Waiting,LONG,16.4,17.0,,,,,芒果超媒,nan,,1.8.5-source-port,NONE,READY,NEW_READY
2026-09-17T13:46:29.292229+00:00,600085,HS300,2026-09-17,23.22,READY,2,3S,Bear Trend,Neutral,Waiting,SHORT,23.53,24.43,,,,,同仁堂,nan,,1.8.5-source-port,NONE,READY,NEW_READY
2026-09-17T13:46:29.292229+00:00,600600,HS300,2026-09-17,50.11,READY,2,3S,Bearish Zhongshu,Neutral,Bear Micro BOS,SHORT,50.43,51.74,,,,,青岛啤酒,nan,,1.8.5-source-port,NONE,READY,NEW_READY
2026-09-17T13:46:29.292229+00:00,600690,HS300,2026-09-17,20.7,READY,2,3S,Bearish Zhongshu,Neutral,Waiting,SHORT,20.84,21.49,,,,,海尔智家,nan,,1.8.5-source-port,NONE,READY,NEW_READY
2026-09-17T13:46:29.292229+00:00,601698,HS300,2026-09-17,23.53,READY,2,3S,Bearish Zhongshu,Neutral,Bear Micro BOS,SHORT,23.7,24.45,,,,,中国卫通,nan,,1.8.5-source-port,WATCH,READY,WATCH_TO_READY
2026-09-17T13:46:29.292229+00:00,601727,HS300,2026-09-17,6.35,READY,2,3S,Bearish Zhongshu,Neutral,Bear Micro BOS,SHORT,6.42,6.68,,,,,上海电气,nan,,1.8.5-source-port,NONE,READY,NEW_READY
2026-09-17T13:46:29.292229+00:00,601916,HS300,2026-09-17,2.92,READY,2,3S,Bearish Zhongshu,Re-Accumulation,Bear Micro BOS,SHORT,2.94,2.96,,,,,浙商银行,nan,,1.8.5-source-port,NONE,READY,NEW_READY
2026-09-17T13:46:29.292229+00:00,002714,HS300,2026-09-17,41.28,READY,2,2S,Bull Trend,Neutral,Waiting,SHORT,38.51,40.18,,,,,牧原股份,nan,,1.8.5-source-port,NONE,READY,NEW_READY
2026-09-17T13:46:29.292229+00:00,600588,HS300,2026-09-17,9.35,READY,2,2S,Bull Trend,Neutral,Waiting,SHORT,10.01,10.1,,,,,用友网络,nan,,1.8.5-source-port,NONE,READY,NEW_READY
2026-09-17T13:46:29.292229+00:00,600930,HS300,2026-09-17,3.9,READY,2,2B,Bear Trend,Neutral,Waiting,LONG,4.18,4.4,,,,,华电新能,nan,,1.8.5-source-port,NONE,READY,NEW_READY
2026-09-17T13:46:29.292229+00:00,000001,HS300,2026-09-17,11.61,WATCH,1,NONE,Bull Trend,Neutral,Bear Micro BOS,,11.57,11.66,,,,,平安银行,nan,,1.8.5-source-port,NONE,WATCH,NEW_WATCH
2026-09-17T13:46:29.292229+00:00,000157,HS300,2026-09-17,6.16,WATCH,1,NONE,Bearish Zhongshu,Neutral,Bear Micro BOS,,6.88,7.13,,,,,中联重科,nan,,1.8.5-source-port,READY,WATCH,READY_TO_WATCH
2026-09-17T13:46:29.292229+00:00,000166,HS300,2026-09-17,4.37,WATCH,1,NONE,Bearish Zhongshu,Neutral,Bear Micro BOS,,4.43,4.53,,,,,申万宏源,nan,,1.8.5-source-port,NONE,WATCH,NEW_WATCH
2026-09-17T13:46:29.292229+00:00,000301,HS300,2026-09-17,13.42,WATCH,1,NONE,Bull Trend,Neutral,Waiting,,13.05,13.89,,,,,东方盛虹,nan,,1.8.5-source-port,NONE,WATCH,NEW_WATCH
2026-09-17T13:46:29.292229+00:00,000333,HS300,2026-09-17,85.04,WATCH,1,NONE,Neutral Zhongshu,Neutral,Waiting,,82.39,87.4,,,,,美的集团,nan,,1.8.5-source-port,NONE,WATCH,NEW_WATCH
2026-09-17T13:46:29.292229+00:00,000408,HS300,2026-09-17,70.95,WATCH,1,NONE,Bearish Zhongshu,Neutral,Bear Micro BOS,,76.47,79.18,,,,,藏格矿业,nan,,1.8.5-source-port,READY,WATCH,READY_TO_WATCH
2026-09-17T13:46:29.292229+00:00,000568,HS300,2026-09-17,71.65,WATCH,1,NONE,Bearish Zhongshu,Neutral,Bear Micro BOS,,85.04,87.24,,,,,泸州老窖,nan,,1.8.5-source-port,NONE,WATCH,NEW_WATCH
2026-09-17T13:46:29.292229+00:00,000596,HS300,2026-09-17,92.5,WATCH,1,NONE,Bull Trend,Neutral,Waiting,,91.02,92.69,,,,,古井贡酒,nan,,1.8.5-source-port,NONE,WATCH,NEW_WATCH
2026-09-17T13:46:29.292229+00:00,000792,HS300,2026-09-17,24.99,WATCH,1,NONE,Bearish Zhongshu,Neutral,Waiting,,27.72,28.26,,,,,盐湖股份,nan,,1.8.5-source-port,NONE,WATCH,NEW_WATCH
2026-09-17T13:46:29.292229+00:00,000975,HS300,2026-09-17,25.02,WATCH,1,NONE,Bull Trend,Neutral,Waiting,,19.82,20.98,,,,,山金国际,nan,,1.8.5-source-port,NONE,WATCH,NEW_WATCH
2026-09-17T13:46:29.292229+00:00,000977,HS300,2026-09-17,69.81,WATCH,1,NONE,Bearish Zhongshu,Neutral,Waiting,,76.5,79.3,,,,,浪潮信息,nan,,1.8.5-source-port,NONE,WATCH,NEW_WATCH
2026-09-17T13:46:29.292229+00:00,000988,HS300,2026-09-17,105.78,WATCH,1,NONE,Neutral Zhongshu,Neutral,Waiting,,100.02,114.58,,,,,华工科技,nan,,1.8.5-source-port,NONE,WATCH,NEW_WATCH
2026-09-17T13:46:29.292229+00:00,000999,HS300,2026-09-17,23.84,WATCH,1,NONE,Bearish Zhongshu,Neutral,Waiting,,24.53,24.66,,,,,华润三九,nan,,1.8.5-source-port,NONE,WATCH,NEW_WATCH
2026-09-17T13:46:29.292229+00:00,001280,HS300,2026-09-17,62.33,WATCH,1,NONE,Bearish Zhongshu,Neutral,Bear Micro BOS,,66.4,66.98,,,,,中国铀业,nan,,1.8.5-source-port,NONE,WATCH,NEW_WATCH
2026-09-17T13:46:29.292229+00:00,001965,HS300,2026-09-17,10.17,WATCH,1,NONE,Bullish Zhongshu,Neutral,Bull Micro BOS,,9.25,9.9,,,,,招商公路,nan,,1.8.5-source-port,ENTRY,WATCH,ENTRY_TO_WATCH
2026-09-17T13:46:29.292229+00:00,002028,HS300,2026-09-17,134.42,WATCH,1,NONE,Bearish Zhongshu,Neutral,Waiting,,169.28,170.5,,,,,思源电气,nan,,1.8.5-source-port,NONE,WATCH,NEW_WATCH
2026-09-17T13:46:29.292229+00:00,002179,HS300,2026-09-17,34.78,WATCH,1,NONE,Bearish Zhongshu,Neutral,Waiting,,34.79,34.88,,,,,中航光电,nan,,1.8.5-source-port,NONE,WATCH,NEW_WATCH
2026-09-17T13:46:29.292229+00:00,002202,HS300,2026-09-17,18.22,WATCH,1,NONE,Neutral Zhongshu,Neutral,Waiting,,17.36,19.58,,,,,金风科技,nan,,1.8.5-source-port,NONE,WATCH,NEW_WATCH
2026-09-17T13:46:29.292229+00:00,002353,HS300,2026-09-17,121.4,WATCH,1,NONE,Bull Trend,Neutral,Waiting,,144.55,151.1,,,,,杰瑞股份,nan,,1.8.5-source-port,NONE,WATCH,NEW_WATCH
2026-09-17T13:46:29.292229+00:00,002384,HS300,2026-09-17,193.53,WATCH,1,NONE,Bullish Zhongshu,Neutral,Waiting,,176.75,199.5,,,,,东山精密,nan,,1.8.5-source-port,NONE,WATCH,NEW_WATCH
2026-09-17T13:46:29.292229+00:00,002463,HS300,2026-09-17,123.48,WATCH,1,NONE,Bull Trend,Neutral,Waiting,,125.13,125.32,,,,,沪电股份,nan,,1.8.5-source-port,NONE,WATCH,NEW_WATCH
2026-09-17T13:46:29.292229+00:00,002493,HS300,2026-09-17,12.93,WATCH,1,NONE,Bull Trend,Neutral,Waiting,,12.38,12.69,,,,,荣盛石化,nan,,1.8.5-source-port,NONE,WATCH,NEW_WATCH
2026-09-17T13:46:29.292229+00:00,002532,HS300,2026-09-17,12.73,WATCH,1,NONE,Neutral Zhongshu,Neutral,Bear Micro BOS,,12.27,13.24,,,,,天山铝业,nan,,1.8.5-source-port,NONE,WATCH,NEW_WATCH
2026-09-17T13:46:29.292229+00:00,002600,HS300,2026-09-17,12.47,WATCH,1,NONE,Bull Trend,Neutral,Waiting,,12.46,12.78,,,,,领益智造,nan,,1.8.5-source-port,NONE,WATCH,NEW_WATCH
2026-09-17T13:46:29.292229+00:00,002602,HS300,2026-09-17,14.54,WATCH,1,NONE,Bull Trend,Neutral,Waiting,,13.51,13.93,,,,,世纪华通,nan,,1.8.5-source-port,NONE,WATCH,NEW_WATCH
2026-09-17T13:46:29.292229+00:00,002648,HS300,2026-09-17,26.34,WATCH,1,NONE,Bull Trend,Neutral,Bear Micro BOS,,22.2,24.47,,,,,卫星化学,nan,,1.8.5-source-port,NONE,WATCH,NEW_WATCH
2026-09-17T13:46:29.292229+00:00,002916,HS300,2026-09-17,383.68,WATCH,1,NONE,Bull Trend,Neutral,Waiting,,350.0,388.18,,,,,深南电路,nan,,1.8.5-source-port,NONE,WATCH,NEW_WATCH
2026-09-17T13:46:29.292229+00:00,002938,HS300,2026-09-17,90.71,WATCH,1,NONE,Neutral Zhongshu,Neutral,Waiting,,84.6,94.52,,,,,鹏鼎控股,nan,,1.8.5-source-port,NONE,WATCH,NEW_WATCH
2026-09-17T13:46:29.292229+00:00,003816,HS300,2026-09-17,4.25,WATCH,1,NONE,Bull Trend,Neutral,Bear Micro BOS,,4.04,4.2,,,,,中国广核,nan,,1.8.5-source-port,NONE,WATCH,NEW_WATCH
2026-09-17T13:46:29.292229+00:00,300014,HS300,2026-09-17,48.23,WATCH,1,NONE,Bearish Zhongshu,Neutral,Waiting,,54.27,55.86,,,,,亿纬锂能,nan,,1.8.5-source-port,NONE,WATCH,NEW_WATCH
2026-09-17T13:46:29.292229+00:00,300015,HS300,2026-09-17,7.95,WATCH,1,NONE,Bearish Zhongshu,Neutral,Bear Micro BOS,,8.6,8.6,,,,,爱尔眼科,nan,,1.8.5-source-port,NONE,WATCH,NEW_WATCH
2026-09-17T13:46:29.292229+00:00,300033,HS300,2026-09-17,201.04,WATCH,1,NONE,Bearish Zhongshu,Neutral,Bear Micro BOS,,230.41,231.45,,,,,同花顺,nan,,1.8.5-source-port,READY,WATCH,READY_TO_WATCH
2026-09-17T13:46:29.292229+00:00,300251,HS300,2026-09-17,10.95,WATCH,1,NONE,Bearish Zhongshu,Accumulation,Waiting,,11.4,11.98,,,,,光线传媒,nan,,1.8.5-source-port,NONE,WATCH,NEW_WATCH
2026-09-17T13:46:29.292229+00:00,300308,HS300,2026-09-17,896.0,WATCH,1,NONE,Bullish Zhongshu,Neutral,Waiting,,830.0,929.8,,,,,中际旭创,nan,,1.8.5-source-port,NONE,WATCH,NEW_WATCH
2026-09-17T13:46:29.292229+00:00,300316,HS300,2026-09-17,40.36,WATCH,1,NONE,Bearish Zhongshu,Neutral,Waiting,,45.79,46.38,,,,,晶盛机电,nan,,1.8.5-source-port,NONE,WATCH,NEW_WATCH
2026-09-17T13:46:29.292229+00:00,300394,HS300,2026-09-17,277.65,WATCH,1,NONE,Bullish Zhongshu,Neutral,Bull Micro BOS,,237.36,276.48,,,,,天孚通信,nan,,1.8.5-source-port,NONE,WATCH,NEW_WATCH
2026-09-17T13:46:29.292229+00:00,300408,HS300,2026-09-17,128.01,WATCH,1,NONE,Bullish Zhongshu,Neutral,Waiting,,108.69,115.49,,,,,三环集团,nan,,1.8.5-source-port,NONE,WATCH,NEW_WATCH
2026-09-17T13:46:29.292229+00:00,300418,HS300,2026-09-17,43.5,WATCH,1,NONE,Bull Trend,Distribution,Waiting,,42.16,45.1,,,,,昆仑万维,nan,,1.8.5-source-port,NONE,WATCH,NEW_WATCH
2026-09-17T13:46:29.292229+00:00,300433,HS300,2026-09-17,33.44,WATCH,1,NONE,Bearish Zhongshu,Neutral,Waiting,,38.12,39.22,,,,,蓝思科技,nan,,1.8.5-source-port,NONE,WATCH,NEW_WATCH
2026-09-17T13:46:29.292229+00:00,300502,HS300,2026-09-17,424.34,WATCH,1,NONE,Bullish Zhongshu,Neutral,Waiting,,385.0,435.65,,,,,新易盛,nan,,1.8.5-source-port,NONE,WATCH,NEW_WATCH
2026-09-17T13:46:29.292229+00:00,300628,HS300,2026-09-17,41.49,WATCH,1,NONE,Bull Trend,Neutral,Waiting,,39.4,40.82,,,,,亿联网络,nan,,1.8.5-source-port,NONE,WATCH,NEW_WATCH
2026-09-17T13:46:29.292229+00:00,300760,HS300,2026-09-17,156.8,WATCH,1,NONE,Bull Trend,Neutral,Bear Micro BOS,,146.23,160.73,,,,,迈瑞医疗,nan,,1.8.5-source-port,NONE,WATCH,NEW_WATCH
2026-09-17T13:46:29.292229+00:00,300803,HS300,2026-09-17,79.06,WATCH,1,NONE,Bearish Zhongshu,Neutral,Waiting,,78.36,84.93,,,,,指南针,nan,,1.8.5-source-port,NONE,WATCH,NEW_WATCH
2026-09-17T13:46:29.292229+00:00,300866,HS300,2026-09-17,125.44,WATCH,1,NONE,Bull Trend,Neutral,Waiting,,125.0,126.98,,,,,安克创新,nan,,1.8.5-source-port,NONE,WATCH,NEW_WATCH
2026-09-17T13:46:29.292229+00:00,300999,HS300,2026-09-17,24.89,WATCH,1,NONE,Bull Trend,Neutral,Waiting,,25.68,26.63,,,,,金龙鱼,nan,,1.8.5-source-port,NONE,WATCH,NEW_WATCH
2026-09-17T13:46:29.292229+00:00,301165,HS300,2026-09-17,116.08,WATCH,1,NONE,Bull Trend,Neutral,Waiting,,111.1,114.99,,,,,锐捷网络,nan,,1.8.5-source-port,READY,WATCH,READY_TO_WATCH
2026-09-17T13:46:29.292229+00:00,301308,HS300,2026-09-17,335.09,WATCH,1,NONE,Bearish Zhongshu,Neutral,Bear Micro BOS,,373.6,442.0,,,,,江波龙,nan,,1.8.5-source-port,NONE,WATCH,NEW_WATCH
2026-09-17T13:46:29.292229+00:00,600000,HS300,2026-09-17,9.06,WATCH,1,NONE,Bearish Zhongshu,Neutral,Bear Micro BOS,,9.19,9.28,,,,,浦发银行,nan,,1.8.5-source-port,NONE,WATCH,NEW_WATCH
2026-09-17T13:46:29.292229+00:00,600009,HS300,2026-09-17,22.47,WATCH,1,NONE,Bearish Zhongshu,Neutral,Bear Micro BOS,,23.34,23.37,,,,,上海机场,nan,,1.8.5-source-port,NONE,WATCH,NEW_WATCH
2026-09-17T13:46:29.292229+00:00,600015,HS300,2026-09-17,6.27,WATCH,1,NONE,Neutral Zhongshu,Neutral,Waiting,,6.12,6.45,,,,,华夏银行,nan,,1.8.5-source-port,READY,WATCH,READY_TO_WATCH
2026-09-17T13:46:29.292229+00:00,600016,HS300,2026-09-17,3.55,WATCH,1,NONE,Bull Trend,Neutral,Waiting,,3.3,3.39,,,,,民生银行,nan,,1.8.5-source-port,NONE,WATCH,NEW_WATCH
2026-09-17T13:46:29.292229+00:00,600019,HS300,2026-09-17,5.72,WATCH,1,NONE,Neutral Zhongshu,Neutral,Waiting,,5.65,5.76,,,,,宝钢股份,nan,,1.8.5-source-port,NONE,WATCH,NEW_WATCH
2026-09-17T13:46:29.292229+00:00,600025,HS300,2026-09-17,9.73,WATCH,1,NONE,Bullish Zhongshu,Neutral,Waiting,,9.66,9.73,,,,,华能水电,nan,,1.8.5-source-port,NONE,WATCH,NEW_WATCH
2026-09-17T13:46:29.292229+00:00,600027,HS300,2026-09-17,4.78,WATCH,1,NONE,Bull Trend,Neutral,Bear Micro BOS,,4.51,4.54,,,,,华电国际,nan,,1.8.5-source-port,NONE,WATCH,NEW_WATCH
2026-09-17T13:46:29.292229+00:00,600028,HS300,2026-09-17,5.14,WATCH,1,NONE,Bull Trend,Neutral,Bear Micro BOS,,4.94,5.33,,,,,中国石化,nan,,1.8.5-source-port,NONE,WATCH,NEW_WATCH
2026-09-17T13:46:29.292229+00:00,600036,HS300,2026-09-17,40.6,WATCH,1,NONE,Bull Trend,Neutral,Bear Micro BOS,,38.03,38.32,,,,,招商银行,nan,,1.8.5-source-port,NONE,WATCH,NEW_WATCH
2026-09-17T13:46:29.292229+00:00,600039,HS300,2026-09-17,8.81,WATCH,1,NONE,Bull Trend,Neutral,Waiting,,8.27,8.39,,,,,四川路桥,nan,,1.8.5-source-port,NONE,WATCH,NEW_WATCH
2026-09-17T13:46:29.292229+00:00,600050,HS300,2026-09-17,4.2,WATCH,1,NONE,Bearish Zhongshu,Neutral,Waiting,,4.27,4.29,,,,,中国联通,nan,,1.8.5-source-port,READY,WATCH,READY_TO_WATCH
2026-09-17T13:46:29.292229+00:00,600104,HS300,2026-09-17,11.19,WATCH,1,NONE,Bull Trend,Neutral,Waiting,,9.93,10.07,,,,,上汽集团,nan,,1.8.5-source-port,NONE,WATCH,NEW_WATCH
2026-09-17T13:46:29.292229+00:00,600176,HS300,2026-09-17,47.15,WATCH,1,NONE,Bullish Zhongshu,Neutral,Waiting,,41.5,43.98,,,,,中国巨石,nan,,1.8.5-source-port,NONE,WATCH,NEW_WATCH
2026-09-17T13:46:29.292229+00:00,600183,HS300,2026-09-17,146.03,WATCH,1,NONE,Bull Trend,Neutral,Waiting,,126.0,143.48,,,,,生益科技,nan,,1.8.5-source-port,NONE,WATCH,NEW_WATCH
2026-09-17T13:46:29.292229+00:00,600219,HS300,2026-09-17,4.66,WATCH,1,NONE,Bearish Zhongshu,Neutral,Bear Micro BOS,,4.61,4.77,,,,,南山铝业,nan,,1.8.5-source-port,NONE,WATCH,NEW_WATCH
2026-09-17T13:46:29.292229+00:00,600346,HS300,2026-09-17,16.38,WATCH,1,NONE,Neutral Zhongshu,Neutral,Waiting,,15.98,16.71,,,,,恒力石化,nan,,1.8.5-source-port,NONE,WATCH,NEW_WATCH
2026-09-17T13:46:29.292229+00:00,600362,HS300,2026-09-17,43.26,WATCH,1,NONE,Bull Trend,Accumulation,Bear Micro BOS,,43.78,44.24,,,,,江西铜业,nan,,1.8.5-source-port,NONE,WATCH,NEW_WATCH
2026-09-17T13:46:29.292229+00:00,600415,HS300,2026-09-17,11.62,WATCH,1,NONE,Bull Trend,Neutral,Waiting,,12.38,12.75,,,,,小商品城,nan,,1.8.5-source-port,NONE,WATCH,NEW_WATCH
2026-09-17T13:46:29.292229+00:00,600426,HS300,2026-09-17,19.42,WATCH,1,NONE,Bearish Zhongshu,Neutral,Bear Micro BOS,,20.46,21.33,,,,,华鲁恒升,nan,,1.8.5-source-port,NONE,WATCH,NEW_WATCH
2026-09-17T13:46:29.292229+00:00,600438,HS300,2026-09-17,11.09,WATCH,1,NONE,Bearish Zhongshu,Neutral,Waiting,,12.69,13.0,,,,,通威股份,nan,,1.8.5-source-port,NONE,WATCH,NEW_WATCH
2026-09-17T13:46:29.292229+00:00,600460,HS300,2026-09-17,31.99,WATCH,1,NONE,Bearish Zhongshu,Neutral,Bull Micro BOS,,31.74,33.92,,,,,士兰微,nan,,1.8.5-source-port,NONE,WATCH,NEW_WATCH
2026-09-17T13:46:29.292229+00:00,600482,HS300,2026-09-17,32.6,WATCH,1,NONE,Bull Trend,Neutral,Waiting,,31.41,33.58,,,,,中国动力,nan,,1.8.5-source-port,NONE,WATCH,NEW_WATCH
2026-09-17T13:46:29.292229+00:00,600489,HS300,2026-09-17,23.9,WATCH,1,NONE,Bearish Zhongshu,Neutral,Waiting,,24.93,26.7,,,,,中金黄金,nan,,1.8.5-source-port,NONE,WATCH,NEW_WATCH
2026-09-17T13:46:29.292229+00:00,600547,HS300,2026-09-17,32.86,WATCH,1,NONE,Bull Trend,Neutral,Bear Micro BOS,,29.62,32.46,,,,,山东黄金,nan,,1.8.5-source-port,NONE,WATCH,NEW_WATCH
2026-09-17T13:46:29.292229+00:00,600674,HS300,2026-09-17,15.92,WATCH,1,NONE,Bull Trend,Neutral,Waiting,,14.81,15.3,,,,,川投能源,nan,,1.8.5-source-port,NONE,WATCH,NEW_WATCH
2026-09-17T13:46:29.292229+00:00,600760,HS300,2026-09-17,44.0,WATCH,1,NONE,Bull Trend,Neutral,Bear Micro BOS,,42.03,42.04,,,,,中航沈飞,nan,,1.8.5-source-port,NONE,WATCH,NEW_WATCH
2026-09-17T13:46:29.292229+00:00,600795,HS300,2026-09-17,5.26,WATCH,1,NONE,Bull Trend,Neutral,Waiting,,4.89,4.91,,,,,国电电力,nan,,1.8.5-source-port,NONE,WATCH,NEW_WATCH
2026-09-17T13:46:29.292229+00:00,600803,HS300,2026-09-17,18.69,WATCH,1,NONE,Bull Trend,Neutral,Waiting,,17.16,17.86,,,,,新奥股份,nan,,1.8.5-source-port,NONE,WATCH,NEW_WATCH
2026-09-17T13:46:29.292229+00:00,600886,HS300,2026-09-17,14.42,WATCH,1,NONE,Bullish Zhongshu,Neutral,Waiting,,14.09,14.13,,,,,国投电力,nan,,1.8.5-source-port,NONE,WATCH,NEW_WATCH
2026-09-17T13:46:29.292229+00:00,600887,HS300,2026-09-17,26.56,WATCH,1,NONE,Bullish Zhongshu,Neutral,Waiting,,26.01,26.25,,,,,伊利股份,nan,,1.8.5-source-port,NONE,WATCH,NEW_WATCH
2026-09-17T13:46:29.292229+00:00,600893,HS300,2026-09-17,39.37,WATCH,1,NONE,Bull Trend,Neutral,Waiting,,36.0,36.36,,,,,航发动力,nan,,1.8.5-source-port,NONE,WATCH,NEW_WATCH
2026-09-17T13:46:29.292229+00:00,600900,HS300,2026-09-17,28.46,WATCH,1,NONE,Bullish Zhongshu,Neutral,Waiting,,27.51,28.43,,,,,长江电力,nan,,1.8.5-source-port,NONE,WATCH,NEW_WATCH
2026-09-17T13:46:29.292229+00:00,600919,HS300,2026-09-17,12.04,WATCH,1,NONE,Bull Trend,Neutral,Bear Micro BOS,,11.53,11.78,,,,,江苏银行,nan,,1.8.5-source-port,NONE,WATCH,NEW_WATCH
2026-09-17T13:46:29.292229+00:00,600938,HS300,2026-09-17,32.57,WATCH,1,NONE,Bull Trend,Accumulation,Waiting,,33.06,33.83,,,,,中国海油,nan,,1.8.5-source-port,NONE,WATCH,NEW_WATCH
2026-09-17T13:46:29.292229+00:00,600941,HS300,2026-09-17,96.9,WATCH,1,NONE,Bull Trend,Neutral,Waiting,,94.77,97.44,,,,,中国移动,nan,,1.8.5-source-port,NONE,WATCH,NEW_WATCH
2026-09-17T13:46:29.292229+00:00,600958,HS300,2026-09-17,8.74,WATCH,1,NONE,Bearish Zhongshu,Neutral,Bear Micro BOS,,9.0,9.2,,,,,东方证券,nan,,1.8.5-source-port,NONE,WATCH,NEW_WATCH
2026-09-17T13:46:29.292229+00:00,600989,HS300,2026-09-17,23.23,WATCH,1,NONE,Bull Trend,Neutral,Bear Micro BOS,,21.77,23.86,,,,,宝丰能源,nan,,1.8.5-source-port,NONE,WATCH,NEW_WATCH
2026-09-17T13:46:29.292229+00:00,601009,HS300,2026-09-17,11.77,WATCH,1,NONE,Bull Trend,Neutral,Waiting,,11.09,11.65,,,,,南京银行,nan,,1.8.5-source-port,NONE,WATCH,NEW_WATCH
2026-09-17T13:46:29.292229+00:00,601018,HS300,2026-09-17,3.51,WATCH,1,NONE,Bull Trend,Neutral,Waiting,,3.32,3.4,,,,,宁波港,nan,,1.8.5-source-port,NONE,WATCH,NEW_WATCH
2026-09-17T13:46:29.292229+00:00,601059,HS300,2026-09-14,15.56,WATCH,1,NONE,Bull Trend,Accumulation,Waiting,,16.44,16.84,,,,,信达证券,nan,,1.8.5-source-port,NONE,WATCH,NEW_WATCH
2026-09-17T13:46:29.292229+00:00,601088,HS300,2026-09-17,46.48,WATCH,1,NONE,Bull Trend,Neutral,Waiting,,43.96,44.36,,,,,中国神华,nan,,1.8.5-source-port,NONE,WATCH,NEW_WATCH
2026-09-17T13:46:29.292229+00:00,601136,HS300,2026-09-17,14.0,WATCH,1,NONE,Neutral Zhongshu,Neutral,Waiting,,13.78,14.28,,,,,首创证券,nan,,1.8.5-source-port,NONE,WATCH,NEW_WATCH
2026-09-17T13:46:29.292229+00:00,601166,HS300,2026-09-17,17.75,WATCH,1,NONE,Bearish Zhongshu,Neutral,Waiting,,17.89,18.01,,,,,兴业银行,nan,,1.8.5-source-port,NONE,WATCH,NEW_WATCH
2026-09-17T13:46:29.292229+00:00,601169,HS300,2026-09-17,5.54,WATCH,1,NONE,Bull Trend,Neutral,Waiting,,4.94,4.98,,,,,北京银行,nan,,1.8.5-source-port,NONE,WATCH,NEW_WATCH
2026-09-17T13:46:29.292229+00:00,601225,HS300,2026-09-17,25.42,WATCH,1,NONE,Bull Trend,Neutral,Waiting,,23.77,24.0,,,,,陕西煤业,nan,,1.8.5-source-port,NONE,WATCH,NEW_WATCH
2026-09-17T13:46:29.292229+00:00,601288,HS300,2026-09-17,6.89,WATCH,1,NONE,Bullish Zhongshu,Neutral,Waiting,,6.41,6.85,,,,,农业银行,nan,,1.8.5-source-port,NONE,WATCH,NEW_WATCH
2026-09-17T13:46:29.292229+00:00,601318,HS300,2026-09-17,53.35,WATCH,1,NONE,Bull Trend,Neutral,Waiting,,53.1,54.83,,,,,中国平安,nan,,1.8.5-source-port,NONE,WATCH,NEW_WATCH
2026-09-17T13:46:29.292229+00:00,601319,HS300,2026-09-17,7.69,WATCH,1,NONE,Bull Trend,Neutral,Waiting,,7.18,7.27,,,,,中国人保,nan,,1.8.5-source-port,NONE,WATCH,NEW_WATCH
2026-09-17T13:46:29.292229+00:00,601328,HS300,2026-09-17,7.58,WATCH,1,NONE,Bull Trend,Neutral,Waiting,,6.85,6.99,,,,,交通银行,nan,,1.8.5-source-port,NONE,WATCH,NEW_WATCH
2026-09-17T13:46:29.292229+00:00,601360,HS300,2026-09-17,8.65,WATCH,1,NONE,Bearish Zhongshu,Neutral,Waiting,,9.25,9.44,,,,,三六零,nan,,1.8.5-source-port,NONE,WATCH,NEW_WATCH
2026-09-17T13:46:29.292229+00:00,601398,HS300,2026-09-17,8.14,WATCH,1,NONE,Bull Trend,Neutral,Waiting,,8.04,8.16,,,,,工商银行,nan,,1.8.5-source-port,NONE,WATCH,NEW_WATCH
2026-09-17T13:46:29.292229+00:00,601628,HS300,2026-09-17,37.15,WATCH,1,NONE,Bearish Zhongshu,Neutral,Bear Micro BOS,,37.33,38.88,,,,,中国人寿,nan,,1.8.5-source-port,NONE,WATCH,NEW_WATCH
2026-09-17T13:46:29.292229+00:00,601633,HS300,2026-09-17,14.2,WATCH,1,NONE,Bearish Zhongshu,Neutral,Waiting,,15.87,16.84,,,,,长城汽车,nan,,1.8.5-source-port,NONE,WATCH,NEW_WATCH
2026-09-17T13:46:29.292229+00:00,601658,HS300,2026-09-17,5.38,WATCH,1,NONE,Bull Trend,Neutral,Waiting,,5.07,5.08,,,,,邮储银行,nan,,1.8.5-source-port,NONE,WATCH,NEW_WATCH
2026-09-17T13:46:29.292229+00:00,601728,HS300,2026-09-17,6.25,WATCH,1,NONE,Bullish Zhongshu,Neutral,Waiting,,6.07,6.14,,,,,中国电信,nan,,1.8.5-source-port,NONE,WATCH,NEW_WATCH
2026-09-17T13:46:29.292229+00:00,601766,HS300,2026-09-17,5.95,WATCH,1,NONE,Bull Trend,Neutral,Waiting,,5.91,5.99,,,,,中国中车,nan,,1.8.5-source-port,NONE,WATCH,NEW_WATCH
2026-09-17T13:46:29.292229+00:00,601788,HS300,2026-09-17,13.83,WATCH,1,NONE,Bearish Zhongshu,Neutral,Bear Micro BOS,,14.5,14.75,,,,,光大证券,nan,,1.8.5-source-port,NONE,WATCH,NEW_WATCH
2026-09-17T13:46:29.292229+00:00,601818,HS300,2026-09-17,3.05,WATCH,1,NONE,Neutral Zhongshu,Neutral,Waiting,,3.01,3.1,,,,,光大银行,nan,,1.8.5-source-port,NONE,WATCH,NEW_WATCH
2026-09-17T13:46:29.292229+00:00,601838,HS300,2026-09-17,19.82,WATCH,1,NONE,Bull Trend,Neutral,Waiting,,17.77,18.09,,,,,成都银行,nan,,1.8.5-source-port,NONE,WATCH,NEW_WATCH
2026-09-17T13:46:29.292229+00:00,601857,HS300,2026-09-17,10.62,WATCH,1,NONE,Bull Trend,Neutral,Bear Micro BOS,,10.82,10.85,,,,,中国石油,nan,,1.8.5-source-port,NONE,WATCH,NEW_WATCH
2026-09-17T13:46:29.292229+00:00,601872,HS300,2026-09-17,21.85,WATCH,1,NONE,Bull Trend,Neutral,Bull Micro BOS,,17.79,18.5,,,,,招商轮船,nan,,1.8.5-source-port,NONE,WATCH,NEW_WATCH
2026-09-17T13:46:29.292229+00:00,601877,HS300,2026-09-17,24.67,WATCH,1,NONE,Bull Trend,Neutral,Waiting,,25.37,25.49,,,,,正泰电器,nan,,1.8.5-source-port,NONE,WATCH,NEW_WATCH
2026-09-17T13:46:29.292229+00:00,601898,HS300,2026-09-17,14.01,WATCH,1,NONE,Bull Trend,Neutral,Bear Micro BOS,,12.85,13.3,,,,,中煤能源,nan,,1.8.5-source-port,NONE,WATCH,NEW_WATCH
2026-09-17T13:46:29.292229+00:00,601939,HS300,2026-09-17,10.91,WATCH,1,NONE,Bull Trend,Neutral,Waiting,,10.76,10.98,,,,,建设银行,nan,,1.8.5-source-port,NONE,WATCH,NEW_WATCH
2026-09-17T13:46:29.292229+00:00,601985,HS300,2026-09-17,9.01,WATCH,1,NONE,Bull Trend,Neutral,Waiting,,8.78,8.95,,,,,中国核电,nan,,1.8.5-source-port,NONE,WATCH,NEW_WATCH
2026-09-17T13:46:29.292229+00:00,601988,HS300,2026-09-17,6.58,WATCH,1,NONE,Bull Trend,Neutral,Waiting,,5.79,6.11,,,,,中国银行,nan,,1.8.5-source-port,NONE,WATCH,NEW_WATCH
2026-09-17T13:46:29.292229+00:00,601998,HS300,2026-09-17,8.94,WATCH,1,NONE,Bull Trend,Neutral,Waiting,,7.39,7.75,,,,,中信银行,nan,,1.8.5-source-port,NONE,WATCH,NEW_WATCH
2026-09-17T13:46:29.292229+00:00,603296,HS300,2026-09-17,79.5,WATCH,1,NONE,Bullish Zhongshu,Neutral,Bull Micro BOS,,76.66,79.98,,,,,华勤技术,nan,,1.8.5-source-port,NONE,WATCH,NEW_WATCH
2026-09-17T13:46:29.292229+00:00,603893,HS300,2026-09-17,181.21,WATCH,1,NONE,Bearish Zhongshu,Neutral,Waiting,,176.75,210.94,,,,,瑞芯微,nan,,1.8.5-source-port,NONE,WATCH,NEW_WATCH
2026-09-17T13:46:29.292229+00:00,603986,HS300,2026-09-17,369.88,WATCH,1,NONE,Bearish Zhongshu,Neutral,Waiting,,367.0,398.0,,,,,兆易创新,nan,,1.8.5-source-port,NONE,WATCH,NEW_WATCH
2026-09-17T13:46:29.292229+00:00,603993,HS300,2026-09-17,17.35,WATCH,1,NONE,Bearish Zhongshu,Neutral,Bear Micro BOS,,18.67,19.3,,,,,洛阳钼业,nan,,1.8.5-source-port,NONE,WATCH,NEW_WATCH
2026-09-17T13:46:29.292229+00:00,605117,HS300,2026-09-17,82.9,WATCH,1,NONE,Bearish Zhongshu,Neutral,Waiting,,80.84,87.16,,,,,德业股份,nan,,1.8.5-source-port,NONE,WATCH,NEW_WATCH
2026-09-17T13:46:29.292229+00:00,688012,HS300,2026-09-17,351.23,WATCH,1,NONE,Bearish Zhongshu,Neutral,Waiting,,341.64,388.23,,,,,中微公司,nan,,1.8.5-source-port,NONE,WATCH,NEW_WATCH
2026-09-17T13:46:29.292229+00:00,688183,HS300,2026-09-17,120.35,WATCH,1,NONE,Bull Trend,Neutral,Waiting,,121.38,121.39,,,,,生益电子,nan,,1.8.5-source-port,NONE,WATCH,NEW_WATCH
2026-09-17T13:46:29.292229+00:00,688303,HS300,2026-09-17,16.1,WATCH,1,NONE,Bearish Zhongshu,Neutral,Waiting,,18.45,19.86,,,,,大全能源,nan,,1.8.5-source-port,NONE,WATCH,NEW_WATCH
2026-09-17T13:46:29.292229+00:00,688396,HS300,2026-09-17,58.33,WATCH,1,NONE,Bearish Zhongshu,Neutral,Waiting,,60.49,62.71,,,,,华润微,nan,,1.8.5-source-port,NONE,WATCH,NEW_WATCH
2026-09-17T13:46:29.292229+00:00,002304,HS300,2026-09-17,37.95,NONE,0,NONE,Bear Trend,Neutral,Waiting,,39.43,39.45,,,,,洋河股份,nan,,1.8.5-source-port,READY,NONE,DROPPED
2026-09-17T13:46:29.292229+00:00,002352,HS300,2026-09-17,30.75,NONE,0,NONE,Bear Trend,Neutral,Waiting,,31.77,33.18,,,,,顺丰控股,nan,,1.8.5-source-port,READY,NONE,DROPPED
2026-09-17T13:46:29.292229+00:00,002415,HS300,2026-09-17,32.45,NONE,0,NONE,Bear Trend,Neutral,Waiting,,34.0,35.59,,,,,海康威视,nan,,1.8.5-source-port,READY,NONE,DROPPED
2026-09-17T13:46:29.292229+00:00,002736,HS300,2026-09-17,9.75,NONE,0,NONE,Bear Trend,Neutral,Bear Micro BOS,,10.27,10.4,,,,,国信证券,nan,,1.8.5-source-port,WATCH,NONE,DROPPED
2026-09-17T13:46:29.292229+00:00,002920,HS300,2026-09-17,84.43,NONE,0,NONE,Bear Trend,Neutral,Waiting,,83.43,88.94,,,,,德赛西威,nan,,1.8.5-source-port,READY,NONE,DROPPED
2026-09-17T13:46:29.292229+00:00,600515,HS300,2026-09-17,2.71,NONE,0,NONE,Bear Trend,Neutral,Waiting,,2.83,2.85,,,,,海南机场,nan,,1.8.5-source-port,READY,NONE,DROPPED
2026-09-17T13:46:29.292229+00:00,601186,HS300,2026-09-17,6.03,NONE,0,NONE,Bear Trend,Neutral,Waiting,,6.06,6.14,,,,,中国铁建,nan,,1.8.5-source-port,READY,NONE,DROPPED
2026-09-17T13:46:29.292229+00:00,601336,HS300,2026-09-17,57.43,NONE,0,NONE,Bear Trend,Neutral,Waiting,,59.78,61.0,,,,,新华保险,nan,,1.8.5-source-port,WATCH,NONE,DROPPED
2026-09-17T13:46:29.292229+00:00,601669,HS300,2026-09-17,4.63,NONE,0,NONE,Bear Trend,Neutral,Waiting,,4.59,4.65,,,,,中国电建,nan,,1.8.5-source-port,READY,NONE,DROPPED
2026-09-17T13:46:29.292229+00:00,601688,HS300,2026-09-17,18.13,NONE,0,NONE,Bear Trend,Neutral,Bear Micro BOS,,19.13,19.32,,,,,华泰证券,nan,,1.8.5-source-port,READY,NONE,DROPPED
2026-09-17T13:46:29.292229+00:00,688111,HS300,2026-09-17,223.05,NONE,0,NONE,Bear Trend,Neutral,Waiting,,249.0,249.37,,,,,金山办公,nan,,1.8.5-source-port,READY,NONE,DROPPED
2026-09-18T00:33:30.507675+00:00,AMAT,SP500,2026-09-16,415.3800048828125,ENTRY,3,3S,Bear Trend,Neutral,Bear Micro BOS,SHORT,435.86,464.57,415.38,436.31,373.52,352.6,Applied Materials,Information Technology,,1.8.5-source-port,READY,ENTRY,READY_TO_ENTRY
2026-09-18T00:33:30.507675+00:00,HST,SP500,2026-09-16,21.760000228881836,ENTRY,3,3S,Bear Trend,Neutral,Bear Micro BOS,SHORT,22.28,22.54,21.76,22.5,20.29,19.55,Host Hotels & Resorts,Real Estate,,1.8.5-source-port,READY,ENTRY,READY_TO_ENTRY
2026-09-18T00:33:30.507675+00:00,BMY,SP500,2026-09-16,63.599998474121094,ENTRY,3,2S,Bull Trend,Neutral,Bear Micro BOS,SHORT,66.42,68.1,63.6,65.72,59.36,57.24,Bristol Myers Squibb,Health Care,,1.8.5-source-port,READY,ENTRY,READY_TO_ENTRY
2026-09-18T00:33:30.507675+00:00,CLX,SP500,2026-09-16,84.86000061035156,ENTRY,3,2S,Bearish Zhongshu,Neutral,Bear Micro BOS,SHORT,93.35,96.51,84.86,90.73,73.12,67.25,Clorox,Consumer Staples,,1.8.5-source-port,WATCH,ENTRY,WATCH_TO_ENTRY
2026-09-18T00:33:30.507675+00:00,CMCSA,SP500,2026-09-16,23.729999542236328,ENTRY,3,2S,Bull Trend,Neutral,Bear Micro BOS,SHORT,24.2,24.3,23.73,25.66,19.87,17.93,Comcast,Communication Services,,1.8.5-source-port,WATCH,ENTRY,WATCH_TO_ENTRY
2026-09-18T00:33:30.507675+00:00,COST,SP500,2026-09-16,893.739990234375,ENTRY,3,2S,Bearish Zhongshu,Neutral,Bear Micro BOS,SHORT,937.51,962.8,893.74,926.01,829.2,796.93,Costco,Consumer Staples,,1.8.5-source-port,WATCH,ENTRY,WATCH_TO_ENTRY
2026-09-18T00:33:30.507675+00:00,CPAY,SP500,2026-09-16,402.2699890136719,ENTRY,3,2S,Bull Trend,Neutral,Bear Micro BOS,SHORT,401.52,425.95,402.27,418.87,369.06,352.46,Corpay,Financials,,1.8.5-source-port,READY,ENTRY,READY_TO_ENTRY
2026-09-18T00:33:30.507675+00:00,EL,SP500,2026-09-16,95.5999984741211,ENTRY,3,2S,Bull Trend,Neutral,Bear Micro BOS,SHORT,83.85,84.0,95.6,100.06,86.69,82.23,Estée Lauder Companies (The),Consumer Staples,,1.8.5-source-port,WATCH,ENTRY,WATCH_TO_ENTRY
2026-09-18T00:33:30.507675+00:00,FDX,SP500,2026-09-16,301.7200012207031,ENTRY,3,2S,Bull Trend,Neutral,Bear Micro BOS,SHORT,314.1,314.96,301.72,316.39,272.39,257.72,FedEx,Industrials,,1.8.5-source-port,READY,ENTRY,READY_TO_ENTRY
2026-09-18T00:33:30.507675+00:00,ICE,SP500,2026-09-16,154.10000610351562,ENTRY,3,2S,Bull Trend,Neutral,Bear Micro BOS,SHORT,156.95,158.55,154.1,161.01,140.28,133.37,Intercontinental Exchange,Financials,,1.8.5-source-port,READY,ENTRY,READY_TO_ENTRY
2026-09-18T00:33:30.507675+00:00,MCO,SP500,2026-09-16,465.29998779296875,ENTRY,3,2S,Bearish Zhongshu,Neutral,Bear Micro BOS,SHORT,484.45,490.06,465.3,489.29,417.31,393.32,Moody's Corporation,Financials,,1.8.5-source-port,READY,ENTRY,READY_TO_ENTRY
2026-09-18T00:33:30.507675+00:00,MTB,SP500,2026-09-16,226.00999450683594,ENTRY,3,2S,Bear Trend,Neutral,Bear Micro BOS,SHORT,244.29,254.69,226.01,242.85,192.32,175.48,M&T Bank,Financials,,1.8.5-source-port,READY,ENTRY,READY_TO_ENTRY
2026-09-18T00:33:30.507675+00:00,OKE,SP500,2026-09-16,92.69999694824219,ENTRY,3,2S,Bull Trend,Neutral,Bear Micro BOS,SHORT,94.96,97.9,92.7,99.8,78.5,71.41,Oneok,Energy,,1.8.5-source-port,READY,ENTRY,READY_TO_ENTRY
2026-09-18T00:33:30.507675+00:00,PEP,SP500,2026-09-16,134.33999633789062,ENTRY,3,2S,Bearish Zhongshu,Neutral,Bear Micro BOS,SHORT,139.37,141.55,134.34,139.35,124.32,119.31,PepsiCo,Consumer Staples,,1.8.5-source-port,WATCH,ENTRY,WATCH_TO_ENTRY
2026-09-18T00:33:30.507675+00:00,ROP,SP500,2026-09-16,375.82000732421875,ENTRY,3,2S,Bearish Zhongshu,Neutral,Bear Micro BOS,SHORT,394.02,405.77,375.82,406.59,314.28,283.51,Roper Technologies,Information Technology,,1.8.5-source-port,WATCH,ENTRY,WATCH_TO_ENTRY
2026-09-18T00:33:30.507675+00:00,VRTX,SP500,2026-09-16,513.260009765625,ENTRY,3,2S,Bull Trend,Neutral,Bear Micro BOS,SHORT,532.23,533.67,513.26,529.06,481.67,465.87,Vertex Pharmaceuticals,Health Care,,1.8.5-source-port,WATCH,ENTRY,WATCH_TO_ENTRY
2026-09-18T00:33:30.507675+00:00,WSM,SP500,2026-09-16,218.1999969482422,ENTRY,3,2S,Bearish Zhongshu,Neutral,Bear Micro BOS,SHORT,218.6,229.91,218.2,232.17,190.27,176.3,"Williams-Sonoma, Inc.",Consumer Discretionary,,1.8.5-source-port,READY,ENTRY,READY_TO_ENTRY
2026-09-18T00:33:30.507675+00:00,BA,SP500,2026-09-16,201.9600067138672,ENTRY,3,BRK_SHORT,Bearish Zhongshu,Neutral,Bear Micro BOS,SHORT,205.5,215.29,201.96,213.68,178.53,166.81,Boeing,Industrials,,1.8.5-source-port,WATCH,ENTRY,WATCH_TO_ENTRY
2026-09-18T00:33:30.507675+00:00,COIN,SP500,2026-09-16,164.50999450683594,ENTRY,3,BRK_SHORT,Bearish Zhongshu,Neutral,Bear Micro BOS,SHORT,172.03,184.93,164.51,177.58,138.37,125.3,Coinbase,Financials,,1.8.5-source-port,WATCH,ENTRY,WATCH_TO_ENTRY
2026-09-18T00:33:30.507675+00:00,CVS,SP500,2026-09-16,91.72000122070312,ENTRY,3,BRK_SHORT,Neutral Zhongshu,Neutral,Bear Micro BOS,SHORT,93.5,97.51,91.72,95.63,83.89,79.98,CVS Health,Health Care,,1.8.5-source-port,WATCH,ENTRY,WATCH_TO_ENTRY
2026-09-18T00:33:30.507675+00:00,EQT,SP500,2026-09-16,50.40999984741211,ENTRY,3,BRK_SHORT,Bull Trend,Neutral,Bear Micro BOS,SHORT,53.12,53.26,50.41,53.54,44.14,41.01,EQT Corporation,Energy,,1.8.5-source-port,WATCH,ENTRY,WATCH_TO_ENTRY
2026-09-18T00:33:30.507675+00:00,EXE,SP500,2026-09-16,88.73999786376953,ENTRY,3,BRK_SHORT,Bull Trend,Neutral,Bear Micro BOS,SHORT,92.63,97.38,88.74,94.42,77.38,71.71,Expand Energy,Energy,,1.8.5-source-port,WATCH,ENTRY,WATCH_TO_ENTRY
2026-09-18T00:33:30.507675+00:00,FITB,SP500,2026-09-16,52.40999984741211,ENTRY,3,BRK_SHORT,Bear Trend,Neutral,Bear Micro BOS,SHORT,54.04,55.46,52.41,54.97,47.29,44.73,Fifth Third Bancorp,Financials,,1.8.5-source-port,WATCH,ENTRY,WATCH_TO_ENTRY
2026-09-18T00:33:30.507675+00:00,FSLR,SP500,2026-09-16,191.07000732421875,ENTRY,3,BRK_SHORT,Bearish Zhongshu,Neutral,Bear Micro BOS,SHORT,197.81,220.98,191.07,208.58,156.06,138.55,First Solar,Information Technology,,1.8.5-source-port,WATCH,ENTRY,WATCH_TO_ENTRY
2026-09-18T00:33:30.507675+00:00,HBAN,SP500,2026-09-16,15.819999694824219,ENTRY,3,BRK_SHORT,Bear Trend,Neutral,Bear Micro BOS,SHORT,16.81,16.99,15.82,16.91,13.64,12.56,Huntington Bancshares,Financials,,1.8.5-source-port,WATCH,ENTRY,WATCH_TO_ENTRY
2026-09-18T00:33:30.507675+00:00,HSIC,SP500,2026-09-16,86.7699966430664,ENTRY,3,BRK_SHORT,Bearish Zhongshu,Neutral,Bear Micro BOS,SHORT,87.47,89.34,86.77,88.83,82.65,80.59,Henry Schein,Health Care,,1.8.5-source-port,WATCH,ENTRY,WATCH_TO_ENTRY
2026-09-18T00:33:30.507675+00:00,KKR,SP500,2026-09-16,96.83999633789062,ENTRY,3,BRK_SHORT,Bull Trend,Neutral,Bear Micro BOS,SHORT,99.78,103.97,96.84,101.31,87.9,83.42,KKR & Co.,Financials,,1.8.5-source-port,WATCH,ENTRY,WATCH_TO_ENTRY
2026-09-18T00:33:30.507675+00:00,SLB,SP500,2026-09-16,52.29999923706055,ENTRY,3,BRK_SHORT,Bull Trend,Neutral,Bear Micro BOS,SHORT,53.09,53.2,52.3,54.86,47.17,44.61,Schlumberger,Energy,,1.8.5-source-port,READY,ENTRY,READY_TO_ENTRY
2026-09-18T00:33:30.507675+00:00,TPL,SP500,2026-09-16,348.57000732421875,ENTRY,3,BRK_SHORT,Bearish Zhongshu,Neutral,Bear Micro BOS,SHORT,358.01,381.43,348.57,372.03,301.64,278.18,Texas Pacific Land Corporation,Energy,,1.8.5-source-port,WATCH,ENTRY,WATCH_TO_ENTRY
2026-09-18T00:33:30.507675+00:00,TRGP,SP500,2026-09-16,284.7699890136719,ENTRY,3,BRK_SHORT,Bull Trend,Neutral,Bear Micro BOS,SHORT,287.75,289.68,284.77,290.87,272.58,266.48,Targa Resources,Energy,,1.8.5-source-port,WATCH,ENTRY,WATCH_TO_ENTRY
2026-09-18T00:33:30.507675+00:00,VMRK,SP500,2026-09-16,62.9900016784668,ENTRY,3,BRK_SHORT,Bearish Zhongshu,Neutral,Bear Micro BOS,SHORT,64.25,66.34,62.99,66.14,56.7,53.55,Vivmark Residential,Real Estate,,1.8.5-source-port,WATCH,ENTRY,WATCH_TO_ENTRY
2026-09-18T00:33:30.507675+00:00,APA,SP500,2026-09-16,44.790000915527344,READY,2,3B,Bull Trend,Neutral,Waiting,LONG,40.46,45.05,,,,,APA Corporation,Energy,,1.8.5-source-port,ENTRY,READY,ENTRY_TO_READY
2026-09-18T00:33:30.507675+00:00,CMG,SP500,2026-09-16,33.68000030517578,READY,2,3S,Bearish Zhongshu,Neutral,Bear Micro BOS,SHORT,35.66,38.92,,,,,Chipotle Mexican Grill,Consumer Discretionary,,1.8.5-source-port,ENTRY,READY,ENTRY_TO_READY
2026-09-18T00:33:30.507675+00:00,FERG,SP500,2026-09-16,214.35000610351562,READY,2,3S,Bear Trend,Neutral,Bear Micro BOS,SHORT,223.49,225.3,,,,,Ferguson Enterprises,Industrials,,1.8.5-source-port,ENTRY,READY,ENTRY_TO_READY
2026-09-18T00:33:30.507675+00:00,HLT,SP500,2026-09-16,305.6300048828125,READY,2,3S,Bear Trend,Neutral,Waiting,SHORT,310.31,311.45,,,,,Hilton Worldwide,Consumer Discretionary,,1.8.5-source-port,WATCH,READY,WATCH_TO_READY
2026-09-18T00:33:30.507675+00:00,HWM,SP500,2026-09-16,227.72999572753906,READY,2,3S,Bear Trend,Neutral,Waiting,SHORT,240.38,263.34,,,,,Howmet Aerospace,Industrials,,1.8.5-source-port,ENTRY,READY,ENTRY_TO_READY
2026-09-18T00:33:30.507675+00:00,JKHY,SP500,2026-09-16,158.97999572753906,READY,2,3S,Bull Trend,Neutral,Waiting,SHORT,157.55,162.96,,,,,Jack Henry & Associates,Financials,,1.8.5-source-port,ENTRY,READY,ENTRY_TO_READY
2026-09-18T00:33:30.507675+00:00,NTRS,SP500,2026-09-16,176.63999938964844,READY,2,3S,Bearish Zhongshu,Neutral,Bear Micro BOS,SHORT,182.41,187.86,,,,,Northern Trust,Financials,,1.8.5-source-port,ENTRY,READY,ENTRY_TO_READY
2026-09-18T00:33:30.507675+00:00,RJF,SP500,2026-09-16,164.57000732421875,READY,2,3S,Bearish Zhongshu,Neutral,Bear Micro BOS,SHORT,171.91,172.43,,,,,Raymond James Financial,Financials,,1.8.5-source-port,ENTRY,READY,ENTRY_TO_READY
2026-09-18T00:33:30.507675+00:00,STT,SP500,2026-09-16,182.89999389648438,READY,2,3S,Bull Trend,Neutral,Bear Micro BOS,SHORT,189.38,192.51,,,,,State Street Corporation,Financials,,1.8.5-source-port,ENTRY,READY,ENTRY_TO_READY
2026-09-18T00:33:30.507675+00:00,UNP,SP500,2026-09-16,280.9200134277344,READY,2,3S,Bearish Zhongshu,Neutral,Bear Micro BOS,SHORT,285.69,298.15,,,,,Union Pacific Corporation,Industrials,,1.8.5-source-port,ENTRY,READY,ENTRY_TO_READY
2026-09-18T00:33:30.507675+00:00,WST,SP500,2026-09-16,362.010009765625,READY,2,3B,Bullish Zhongshu,Neutral,Waiting,LONG,343.48,354.96,,,,,West Pharmaceutical Services,Health Care,,1.8.5-source-port,ENTRY,READY,ENTRY_TO_READY
2026-09-18T00:33:30.507675+00:00,ADBE,SP500,2026-09-16,250.5,READY,2,2S,Bearish Zhongshu,Neutral,Waiting,SHORT,254.25,266.28,,,,,Adobe Inc.,Information Technology,,1.8.5-source-port,WATCH,READY,WATCH_TO_READY
2026-09-18T00:33:30.507675+00:00,AKAM,SP500,2026-09-16,104.4800033569336,READY,2,2B,Bear Trend,Neutral,Waiting,LONG,107.11,109.99,,,,,Akamai Technologies,Information Technology,,1.8.5-source-port,WATCH,READY,WATCH_TO_READY
2026-09-18T00:33:30.507675+00:00,AMD,SP500,2026-09-16,512.5,READY,2,2B,Bullish Zhongshu,Neutral,Waiting,LONG,463.21,517.35,,,,,Advanced Micro Devices,Information Technology,,1.8.5-source-port,WATCH,READY,WATCH_TO_READY
2026-09-18T00:33:30.507675+00:00,BIIB,SP500,2026-09-16,216.00999450683594,READY,2,2S,Bull Trend,Neutral,Waiting,SHORT,213.58,218.59,,,,,Biogen,Health Care,,1.8.5-source-port,WATCH,READY,WATCH_TO_READY
2026-09-18T00:33:30.507675+00:00,BSX,SP500,2026-09-16,43.90999984741211,READY,2,2S,Bull Trend,Neutral,Waiting,SHORT,46.09,46.37,,,,,Boston Scientific,Health Care,,1.8.5-source-port,WATCH,READY,WATCH_TO_READY
2026-09-18T00:33:30.507675+00:00,GDDY,SP500,2026-09-16,99.08999633789062,READY,2,2S,Bull Trend,Neutral,Waiting,SHORT,95.51,101.99,,,,,GoDaddy,Information Technology,,1.8.5-source-port,WATCH,READY,WATCH_TO_READY
2026-09-18T00:33:30.507675+00:00,GPN,SP500,2026-09-16,86.48999786376953,READY,2,2S,Bull Trend,Neutral,Waiting,SHORT,89.48,90.85,,,,,Global Payments,Financials,,1.8.5-source-port,WATCH,READY,WATCH_TO_READY
2026-09-18T00:33:30.507675+00:00,INTU,SP500,2026-09-16,318.1300048828125,READY,2,2S,Bull Trend,Neutral,Waiting,SHORT,309.8,336.94,,,,,Intuit,Information Technology,,1.8.5-source-port,WATCH,READY,WATCH_TO_READY
2026-09-18T00:33:30.507675+00:00,KO,SP500,2026-09-16,87.87000274658203,READY,2,2S,Bull Trend,Neutral,Waiting,SHORT,87.73,90.92,,,,,Coca-Cola Company (The),Consumer Staples,,1.8.5-source-port,WATCH,READY,WATCH_TO_READY
2026-09-18T00:33:30.507675+00:00,TGT,SP500,2026-09-16,154.67999267578125,READY,2,2S,Bull Trend,Neutral,Waiting,SHORT,144.39,148.93,,,,,Target Corporation,Consumer Staples,,1.8.5-source-port,WATCH,READY,WATCH_TO_READY
2026-09-18T00:33:30.507675+00:00,V,SP500,2026-09-16,370.92999267578125,READY,2,2S,Bull Trend,Neutral,Waiting,SHORT,372.22,373.28,,,,,Visa Inc.,Financials,,1.8.5-source-port,WATCH,READY,WATCH_TO_READY
2026-09-18T00:33:30.507675+00:00,AMP,SP500,2026-09-16,540.8599853515625,WATCH,1,NONE,Bearish Zhongshu,Neutral,Bear Micro BOS,,546.66,563.51,,,,,Ameriprise Financial,Financials,,1.8.5-source-port,READY,WATCH,READY_TO_WATCH
2026-09-18T00:33:30.507675+00:00,AMZN,SP500,2026-09-16,245.9600067138672,WATCH,1,NONE,Bull Trend,Neutral,Bear Micro BOS,,257.73,258.08,,,,,Amazon,Consumer Discretionary,,1.8.5-source-port,ENTRY,WATCH,ENTRY_TO_WATCH
2026-09-18T00:33:30.507675+00:00,APH,SP500,2026-09-16,77.26000213623047,WATCH,1,NONE,Bear Trend,Neutral,Bear Micro BOS,,153.15,155.23,,,,,Amphenol,Information Technology,,1.8.5-source-port,ENTRY,WATCH,ENTRY_TO_WATCH
2026-09-18T00:33:30.507675+00:00,CASY,SP500,2026-09-16,589.0,WATCH,1,NONE,Bear Trend,Neutral,Bear Micro BOS,,811.19,882.68,,,,,Casey's,Consumer Staples,,1.8.5-source-port,READY,WATCH,READY_TO_WATCH
2026-09-18T00:33:30.507675+00:00,CCL,SP500,2026-09-16,22.350000381469727,WATCH,1,NONE,Bear Trend,Neutral,Bear Micro BOS,,25.19,26.46,,,,,Carnival Corporation,Consumer Discretionary,,1.8.5-source-port,READY,WATCH,READY_TO_WATCH
2026-09-18T00:33:30.507675+00:00,CEG,SP500,2026-09-16,259.5299987792969,WATCH,1,NONE,Bull Trend,Neutral,Bear Micro BOS,,269.53,279.17,,,,,Constellation Energy,Utilities,,1.8.5-source-port,ENTRY,WATCH,ENTRY_TO_WATCH
2026-09-18T00:33:30.507675+00:00,CVNA,SP500,2026-09-16,65.4000015258789,WATCH,1,NONE,Bearish Zhongshu,Neutral,Bear Micro BOS,,70.64,71.29,,,,,Carvana,Consumer Discretionary,,1.8.5-source-port,ENTRY,WATCH,ENTRY_TO_WATCH
2026-09-18T00:33:30.507675+00:00,DLTR,SP500,2026-09-16,112.4000015258789,WATCH,1,NONE,Bearish Zhongshu,Neutral,Bear Micro BOS,,129.9,132.1,,,,,Dollar Tree,Consumer Staples,,1.8.5-source-port,ENTRY,WATCH,ENTRY_TO_WATCH
2026-09-18T00:33:30.507675+00:00,DUK,SP500,2026-09-16,117.76000213623047,WATCH,1,NONE,Bear Trend,Neutral,Bear Micro BOS,,119.68,121.62,,,,,Duke Energy,Utilities,,1.8.5-source-port,ENTRY,WATCH,ENTRY_TO_WATCH
2026-09-18T00:33:30.507675+00:00,DVN,SP500,2026-09-16,48.439998626708984,WATCH,1,NONE,Bearish Zhongshu,Neutral,Waiting,,48.19,49.46,,,,,Devon Energy,Energy,,1.8.5-source-port,READY,WATCH,READY_TO_WATCH
2026-09-18T00:33:30.507675+00:00,EOG,SP500,2026-09-16,144.92999267578125,WATCH,1,NONE,Bearish Zhongshu,Neutral,Waiting,,144.34,148.22,,,,,EOG Resources,Energy,,1.8.5-source-port,ENTRY,WATCH,ENTRY_TO_WATCH
2026-09-18T00:33:30.507675+00:00,FOXA,SP500,2026-09-16,66.16000366210938,WATCH,1,NONE,Bull Trend,Neutral,Waiting,,66.69,69.18,,,,,Fox Corporation (Class A),Communication Services,,1.8.5-source-port,READY,WATCH,READY_TO_WATCH
2026-09-18T00:33:30.507675+00:00,GE,SP500,2026-09-16,312.8999938964844,WATCH,1,NONE,Bearish Zhongshu,Neutral,Waiting,,359.55,366.77,,,,,GE Aerospace,Industrials,,1.8.5-source-port,ENTRY,WATCH,ENTRY_TO_WATCH
2026-09-18T00:33:30.507675+00:00,GEV,SP500,2026-09-16,925.0900268554688,WATCH,1,NONE,Bear Trend,Neutral,Waiting,,897.68,983.34,,,,,GE Vernova,Industrials,,1.8.5-source-port,READY,WATCH,READY_TO_WATCH
2026-09-18T00:33:30.507675+00:00,GWW,SP500,2026-09-16,1258.260009765625,WATCH,1,NONE,Bearish Zhongshu,Neutral,Bear Micro BOS,,1326.36,1329.9,,,,,W. W. Grainger,Industrials,,1.8.5-source-port,READY,WATCH,READY_TO_WATCH
2026-09-18T00:33:30.507675+00:00,HUM,SP500,2026-09-16,384.7200012207031,WATCH,1,NONE,Bull Trend,Neutral,Bear Micro BOS,,390.46,393.48,,,,,Humana,Health Care,,1.8.5-source-port,READY,WATCH,READY_TO_WATCH
2026-09-18T00:33:30.507675+00:00,IVZ,SP500,2026-09-16,30.079999923706055,WATCH,1,NONE,Bull Trend,Neutral,Bear Micro BOS,,31.63,32.33,,,,,Invesco,Financials,,1.8.5-source-port,ENTRY,WATCH,ENTRY_TO_WATCH
2026-09-18T00:33:30.507675+00:00,JBHT,SP500,2026-09-16,236.72999572753906,WATCH,1,NONE,Bearish Zhongshu,Neutral,Bear Micro BOS,,265.99,266.11,,,,,J.B. Hunt,Industrials,,1.8.5-source-port,READY,WATCH,READY_TO_WATCH
2026-09-18T00:33:30.507675+00:00,MCD,SP500,2026-09-16,248.55999755859375,WATCH,1,NONE,Bear Trend,Neutral,Bear Micro BOS,,266.09,276.33,,,,,McDonald's,Consumer Discretionary,,1.8.5-source-port,READY,WATCH,READY_TO_WATCH
2026-09-18T00:33:30.507675+00:00,OXY,SP500,2026-09-16,59.36000061035156,WATCH,1,NONE,Bull Trend,Neutral,Waiting,,57.54,60.95,,,,,Occidental Petroleum,Energy,,1.8.5-source-port,READY,WATCH,READY_TO_WATCH
2026-09-18T00:33:30.507675+00:00,PG,SP500,2026-09-16,147.02000427246094,WATCH,1,NONE,Bear Trend,Neutral,Waiting,,143.79,148.36,,,,,Procter & Gamble,Consumer Staples,,1.8.5-source-port,READY,WATCH,READY_TO_WATCH
2026-09-18T00:33:30.507675+00:00,ROST,SP500,2026-09-16,224.8000030517578,WATCH,1,NONE,Bear Trend,Neutral,Waiting,,242.14,242.5,,,,,Ross Stores,Consumer Discretionary,,1.8.5-source-port,READY,WATCH,READY_TO_WATCH
2026-09-18T00:33:30.507675+00:00,RTX,SP500,2026-09-16,196.8300018310547,WATCH,1,NONE,Bull Trend,Neutral,Waiting,,193.05,193.53,,,,,RTX Corporation,Industrials,,1.8.5-source-port,ENTRY,WATCH,ENTRY_TO_WATCH
2026-09-18T00:33:30.507675+00:00,UHS,SP500,2026-09-16,181.2100067138672,WATCH,1,NONE,Bullish Zhongshu,Neutral,Bull Micro BOS,,174.38,176.03,,,,,Universal Health Services,Health Care,,1.8.5-source-port,READY,WATCH,READY_TO_WATCH
2026-09-18T00:33:30.507675+00:00,USB,SP500,2026-09-16,59.72999954223633,WATCH,1,NONE,Bearish Zhongshu,Neutral,Bear Micro BOS,,62.34,62.98,,,,,U.S. Bancorp,Financials,,1.8.5-source-port,READY,WATCH,READY_TO_WATCH
2026-09-18T00:33:30.507675+00:00,WRB,SP500,2026-09-16,69.94999694824219,WATCH,1,NONE,Neutral Zhongshu,Neutral,Waiting,,69.31,70.67,,,,,W. R. Berkley Corporation,Financials,,1.8.5-source-port,ENTRY,WATCH,ENTRY_TO_WATCH
2026-09-19T00:28:59.364899+00:00,UNP,SP500,2026-09-17,282.4800109863281,ENTRY,3,3S,Bearish Zhongshu,Neutral,Bear Micro BOS,SHORT,285.69,298.15,282.48,285.72,276.0,272.76,Union Pacific Corporation,Industrials,,1.8.5-source-port,READY,ENTRY,READY_TO_ENTRY
2026-09-19T00:28:59.364899+00:00,AMD,SP500,2026-09-17,545.0900268554688,ENTRY,3,2B,Bullish Zhongshu,Neutral,Bull Micro BOS,LONG,463.21,517.35,545.09,473.33,688.6,760.36,Advanced Micro Devices,Information Technology,,1.8.5-source-port,READY,ENTRY,READY_TO_ENTRY
2026-09-19T00:28:59.364899+00:00,GPN,SP500,2026-09-17,85.4000015258789,ENTRY,3,2S,Bearish Zhongshu,Neutral,Bear Micro BOS,SHORT,89.48,90.09,85.4,91.4,73.4,67.4,Global Payments,Financials,,1.8.5-source-port,READY,ENTRY,READY_TO_ENTRY
2026-09-19T00:28:59.364899+00:00,MRNA,SP500,2026-09-17,158.07000732421875,ENTRY,3,2B,Bullish Zhongshu,Neutral,Bull Micro BOS,LONG,133.33,154.69,158.07,126.2,221.81,253.68,Moderna,Health Care,,1.8.5-source-port,READY,ENTRY,READY_TO_ENTRY
2026-09-19T00:28:59.364899+00:00,SCHW,SP500,2026-09-17,104.62999725341797,ENTRY,3,2S,Bull Trend,Neutral,Bear Micro BOS,SHORT,87.38,88.68,104.63,110.23,93.43,87.83,Charles Schwab Corporation,Financials,,1.8.5-source-port,WATCH,ENTRY,WATCH_TO_ENTRY
2026-09-19T00:28:59.364899+00:00,STE,SP500,2026-09-17,208.0399932861328,ENTRY,3,2S,Bearish Zhongshu,Neutral,Bear Micro BOS,SHORT,224.86,235.66,208.04,218.28,187.57,177.33,Steris,Health Care,,1.8.5-source-port,READY,ENTRY,READY_TO_ENTRY
2026-09-19T00:28:59.364899+00:00,WTW,SP500,2026-09-17,310.989990234375,ENTRY,3,2S,Bearish Zhongshu,Neutral,Bear Micro BOS,SHORT,333.3,345.52,310.99,328.82,275.34,257.51,Willis Towers Watson,Financials,,1.8.5-source-port,READY,ENTRY,READY_TO_ENTRY
2026-09-19T00:28:59.364899+00:00,CAH,SP500,2026-09-17,226.33999633789062,ENTRY,3,BRK_SHORT,Bearish Zhongshu,Neutral,Bear Micro BOS,SHORT,232.6,249.29,226.34,234.26,210.49,202.57,Cardinal Health,Health Care,,1.8.5-source-port,WATCH,ENTRY,WATCH_TO_ENTRY
2026-09-19T00:28:59.364899+00:00,COR,SP500,2026-09-17,309.4100036621094,ENTRY,3,BRK_SHORT,Bull Trend,Neutral,Bear Micro BOS,SHORT,317.96,322.33,309.41,321.93,284.36,271.84,Cencora,Health Care,,1.8.5-source-port,WATCH,ENTRY,WATCH_TO_ENTRY
2026-09-19T00:28:59.364899+00:00,RSG,SP500,2026-09-17,218.92999267578125,ENTRY,3,BRK_SHORT,Bull Trend,Neutral,Bear Micro BOS,SHORT,220.66,222.66,218.93,221.87,213.05,210.12,Republic Services,Industrials,,1.8.5-source-port,WATCH,ENTRY,WATCH_TO_ENTRY
2026-09-19T00:28:59.364899+00:00,TMUS,SP500,2026-09-17,166.4499969482422,ENTRY,3,BRK_SHORT,Bearish Zhongshu,Neutral,Bear Micro BOS,SHORT,175.21,179.34,166.45,178.34,142.66,130.77,T-Mobile US,Communication Services,,1.8.5-source-port,WATCH,ENTRY,WATCH_TO_ENTRY
2026-09-19T00:28:59.364899+00:00,VZ,SP500,2026-09-17,48.33000183105469,ENTRY,3,BRK_SHORT,Bull Trend,Neutral,Bear Micro BOS,SHORT,48.82,49.01,48.33,50.29,44.41,42.45,Verizon,Communication Services,,1.8.5-source-port,READY,ENTRY,READY_TO_ENTRY
2026-09-19T00:28:59.364899+00:00,WAT,SP500,2026-09-17,429.7200012207031,ENTRY,3,BRK,Bullish Zhongshu,Neutral,Bull Micro BOS,LONG,406.87,421.74,429.72,418.31,452.55,463.96,Waters Corporation,Health Care,,1.8.5-source-port,WATCH,ENTRY,WATCH_TO_ENTRY
2026-09-19T00:28:59.364899+00:00,BA,SP500,2026-09-17,197.0,READY,2,3S,Bearish Zhongshu,Neutral,Bear Micro BOS,SHORT,205.5,215.29,,,,,Boeing,Industrials,,1.8.5-source-port,ENTRY,READY,ENTRY_TO_READY
2026-09-19T00:28:59.364899+00:00,BMY,SP500,2026-09-17,62.84000015258789,READY,2,3S,Bull Trend,Neutral,Bear Micro BOS,SHORT,66.42,68.1,,,,,Bristol Myers Squibb,Health Care,,1.8.5-source-port,ENTRY,READY,ENTRY_TO_READY
2026-09-19T00:28:59.364899+00:00,CBRE,SP500,2026-09-17,139.32000732421875,READY,2,3S,Bear Trend,Neutral,Waiting,SHORT,143.4,143.65,,,,,CBRE Group,Real Estate,,1.8.5-source-port,WATCH,READY,WATCH_TO_READY
2026-09-19T00:28:59.364899+00:00,COIN,SP500,2026-09-17,173.97000122070312,READY,2,3S,Bearish Zhongshu,Neutral,Waiting,SHORT,172.03,184.93,,,,,Coinbase,Financials,,1.8.5-source-port,ENTRY,READY,ENTRY_TO_READY
2026-09-19T00:28:59.364899+00:00,CVS,SP500,2026-09-17,90.2699966430664,READY,2,3S,Neutral Zhongshu,Neutral,Bear Micro BOS,SHORT,93.5,97.51,,,,,CVS Health,Health Care,,1.8.5-source-port,ENTRY,READY,ENTRY_TO_READY
2026-09-19T00:28:59.364899+00:00,EQT,SP500,2026-09-17,50.349998474121094,READY,2,3S,Bull Trend,Neutral,Bear Micro BOS,SHORT,53.12,53.26,,,,,EQT Corporation,Energy,,1.8.5-source-port,ENTRY,READY,ENTRY_TO_READY
2026-09-19T00:28:59.364899+00:00,EXE,SP500,2026-09-17,88.33000183105469,READY,2,3S,Bull Trend,Neutral,Waiting,SHORT,92.63,97.38,,,,,Expand Energy,Energy,,1.8.5-source-port,ENTRY,READY,ENTRY_TO_READY
2026-09-19T00:28:59.364899+00:00,FITB,SP500,2026-09-17,53.27000045776367,READY,2,3S,Bear Trend,Neutral,Waiting,SHORT,54.04,55.46,,,,,Fifth Third Bancorp,Financials,,1.8.5-source-port,ENTRY,READY,ENTRY_TO_READY
2026-09-19T00:28:59.364899+00:00,HAL,SP500,2026-09-17,34.029998779296875,READY,2,3S,Bull Trend,Neutral,Waiting,SHORT,34.62,36.08,,,,,Halliburton,Energy,,1.8.5-source-port,WATCH,READY,WATCH_TO_READY
2026-09-19T00:28:59.364899+00:00,MCO,SP500,2026-09-17,461.8800048828125,READY,2,3S,Bearish Zhongshu,Neutral,Bear Micro BOS,SHORT,484.45,490.06,,,,,Moody's Corporation,Financials,,1.8.5-source-port,ENTRY,READY,ENTRY_TO_READY
2026-09-19T00:28:59.364899+00:00,MRVL,SP500,2026-09-17,240.75999450683594,READY,2,3B,Bullish Zhongshu,Neutral,Waiting,LONG,201.1,240.2,,,,,Marvell Technology,Information Technology,,1.8.5-source-port,WATCH,READY,WATCH_TO_READY
2026-09-19T00:28:59.364899+00:00,OKE,SP500,2026-09-17,93.22000122070312,READY,2,3S,Bull Trend,Neutral,Waiting,SHORT,94.96,97.9,,,,,Oneok,Energy,,1.8.5-source-port,ENTRY,READY,ENTRY_TO_READY
2026-09-19T00:28:59.364899+00:00,SPG,SP500,2026-09-17,204.47000122070312,READY,2,3S,Bear Trend,Neutral,Waiting,SHORT,207.08,210.44,,,,,Simon Property Group,Real Estate,,1.8.5-source-port,WATCH,READY,WATCH_TO_READY
2026-09-19T00:28:59.364899+00:00,TRGP,SP500,2026-09-17,285.07000732421875,READY,2,3S,Bull Trend,Neutral,Waiting,SHORT,287.75,289.68,,,,,Targa Resources,Energy,,1.8.5-source-port,ENTRY,READY,ENTRY_TO_READY
2026-09-19T00:28:59.364899+00:00,VMRK,SP500,2026-09-17,63.0099983215332,READY,2,3S,Bearish Zhongshu,Neutral,Bear Micro BOS,SHORT,64.25,66.34,,,,,Vivmark Residential,Real Estate,,1.8.5-source-port,ENTRY,READY,ENTRY_TO_READY
2026-09-19T00:28:59.364899+00:00,WSM,SP500,2026-09-17,218.9199981689453,READY,2,3S,Bearish Zhongshu,Neutral,Waiting,SHORT,218.6,229.91,,,,,"Williams-Sonoma, Inc.",Consumer Discretionary,,1.8.5-source-port,ENTRY,READY,ENTRY_TO_READY
2026-09-19T00:28:59.364899+00:00,BDX,SP500,2026-09-17,181.3800048828125,READY,2,2S,Bull Trend,Neutral,Waiting,SHORT,148.34,149.68,,,,,Becton Dickinson,Health Care,,1.8.5-source-port,WATCH,READY,WATCH_TO_READY
2026-09-19T00:28:59.364899+00:00,EXPE,SP500,2026-09-17,284.54998779296875,READY,2,2S,Bullish Zhongshu,Neutral,Waiting,SHORT,261.43,275.41,,,,,Expedia Group,Consumer Discretionary,,1.8.5-source-port,WATCH,READY,WATCH_TO_READY
2026-09-19T00:28:59.364899+00:00,FDS,SP500,2026-09-17,278.8500061035156,READY,2,2S,Bullish Zhongshu,Neutral,Waiting,SHORT,264.49,269.79,,,,,FactSet,Financials,,1.8.5-source-port,WATCH,READY,WATCH_TO_READY
2026-09-19T00:28:59.364899+00:00,HCA,SP500,2026-09-17,429.0400085449219,READY,2,2B,Neutral Zhongshu,Neutral,Waiting,LONG,400.0,419.33,,,,,HCA Healthcare,Health Care,,1.8.5-source-port,WATCH,READY,WATCH_TO_READY
2026-09-19T00:28:59.364899+00:00,IT,SP500,2026-09-17,187.8000030517578,READY,2,2S,Bear Trend,Neutral,Waiting,SHORT,186.42,194.53,,,,,Gartner,Information Technology,,1.8.5-source-port,WATCH,READY,WATCH_TO_READY
2026-09-19T00:28:59.364899+00:00,LLY,SP500,2026-09-17,1152.43994140625,READY,2,2S,Bull Trend,Neutral,Waiting,SHORT,1147.0,1181.04,,,,,Lilly (Eli),Health Care,,1.8.5-source-port,WATCH,READY,WATCH_TO_READY
2026-09-19T00:28:59.364899+00:00,TRMB,SP500,2026-09-17,57.33000183105469,READY,2,2S,Bull Trend,Neutral,Waiting,SHORT,52.8,53.57,,,,,Trimble Inc.,Information Technology,,1.8.5-source-port,WATCH,READY,WATCH_TO_READY
2026-09-19T00:28:59.364899+00:00,ULTA,SP500,2026-09-17,543.72998046875,READY,2,2S,Bull Trend,Neutral,Waiting,SHORT,530.8,566.73,,,,,Ulta Beauty,Consumer Discretionary,,1.8.5-source-port,WATCH,READY,WATCH_TO_READY
2026-09-19T00:28:59.364899+00:00,UPS,SP500,2026-09-17,100.16999816894531,READY,2,2S,Bearish Zhongshu,Neutral,Waiting,SHORT,101.92,104.15,,,,,United Parcel Service,Industrials,,1.8.5-source-port,WATCH,READY,WATCH_TO_READY
2026-09-19T00:28:59.364899+00:00,ZBH,SP500,2026-09-17,94.25,READY,2,2S,Bearish Zhongshu,Neutral,Waiting,SHORT,94.77,97.6,,,,,Zimmer Biomet,Health Care,,1.8.5-source-port,WATCH,READY,WATCH_TO_READY
2026-09-19T00:28:59.364899+00:00,ABBV,SP500,2026-09-17,264.0199890136719,WATCH,1,NONE,Bullish Zhongshu,Neutral,Waiting,,252.33,255.3,,,,,AbbVie,Health Care,,1.8.5-source-port,READY,WATCH,READY_TO_WATCH
2026-09-19T00:28:59.364899+00:00,AEP,SP500,2026-09-17,121.62000274658203,WATCH,1,NONE,Bearish Zhongshu,Neutral,Waiting,,122.25,123.85,,,,,American Electric Power,Utilities,,1.8.5-source-port,ENTRY,WATCH,ENTRY_TO_WATCH
2026-09-19T00:28:59.364899+00:00,ALLE,SP500,2026-09-17,153.6300048828125,WATCH,1,NONE,Bear Trend,Neutral,Waiting,,159.82,166.02,,,,,Allegion,Industrials,,1.8.5-source-port,READY,WATCH,READY_TO_WATCH
2026-09-19T00:28:59.364899+00:00,AMAT,SP500,2026-09-17,417.3999938964844,WATCH,1,NONE,Bear Trend,Neutral,Bear Micro BOS,,435.86,464.57,,,,,Applied Materials,Information Technology,,1.8.5-source-port,ENTRY,WATCH,ENTRY_TO_WATCH
2026-09-19T00:28:59.364899+00:00,ANET,SP500,2026-09-17,199.52999877929688,WATCH,1,NONE,Neutral Zhongshu,Neutral,Waiting,,182.83,200.25,,,,,Arista Networks,Information Technology,,1.8.5-source-port,READY,WATCH,READY_TO_WATCH
2026-09-19T00:28:59.364899+00:00,CLX,SP500,2026-09-17,85.0,WATCH,1,NONE,Bearish Zhongshu,Neutral,Bear Micro BOS,,93.35,96.51,,,,,Clorox,Consumer Staples,,1.8.5-source-port,ENTRY,WATCH,ENTRY_TO_WATCH
2026-09-19T00:28:59.364899+00:00,CMCSA,SP500,2026-09-17,22.90999984741211,WATCH,1,NONE,Bull Trend,Neutral,Bear Micro BOS,,24.2,24.3,,,,,Comcast,Communication Services,,1.8.5-source-port,ENTRY,WATCH,ENTRY_TO_WATCH
2026-09-19T00:28:59.364899+00:00,COST,SP500,2026-09-17,893.9299926757812,WATCH,1,NONE,Bearish Zhongshu,Neutral,Bear Micro BOS,,937.51,962.8,,,,,Costco,Consumer Staples,,1.8.5-source-port,ENTRY,WATCH,ENTRY_TO_WATCH
2026-09-19T00:28:59.364899+00:00,CPAY,SP500,2026-09-17,404.260009765625,WATCH,1,NONE,Bearish Zhongshu,Neutral,Waiting,,401.52,425.95,,,,,Corpay,Financials,,1.8.5-source-port,ENTRY,WATCH,ENTRY_TO_WATCH
2026-09-19T00:28:59.364899+00:00,EIX,SP500,2026-09-17,55.5,WATCH,1,NONE,Bearish Zhongshu,Neutral,Waiting,,54.48,59.96,,,,,Edison International,Utilities,,1.8.5-source-port,READY,WATCH,READY_TO_WATCH
2026-09-19T00:28:59.364899+00:00,EL,SP500,2026-09-17,93.86000061035156,WATCH,1,NONE,Bull Trend,Neutral,Bear Micro BOS,,83.85,84.0,,,,,Estée Lauder Companies (The),Consumer Staples,,1.8.5-source-port,ENTRY,WATCH,ENTRY_TO_WATCH
2026-09-19T00:28:59.364899+00:00,EVRG,SP500,2026-09-17,80.83999633789062,WATCH,1,NONE,Bearish Zhongshu,Neutral,Waiting,,80.77,82.63,,,,,Evergy,Utilities,,1.8.5-source-port,ENTRY,WATCH,ENTRY_TO_WATCH
2026-09-19T00:28:59.364899+00:00,FDX,SP500,2026-09-17,305.8800048828125,WATCH,1,NONE,Bearish Zhongshu,Neutral,Waiting,,314.1,314.96,,,,,FedEx,Industrials,,1.8.5-source-port,ENTRY,WATCH,ENTRY_TO_WATCH
2026-09-19T00:28:59.364899+00:00,FSLR,SP500,2026-09-17,201.16000366210938,WATCH,1,NONE,Bear Trend,Neutral,Waiting,,197.81,220.98,,,,,First Solar,Information Technology,,1.8.5-source-port,ENTRY,WATCH,ENTRY_TO_WATCH
2026-09-19T00:28:59.364899+00:00,GPC,SP500,2026-09-17,130.8800048828125,WATCH,1,NONE,Bearish Zhongshu,Neutral,Bear Micro BOS,,133.24,137.16,,,,,Genuine Parts Company,Consumer Discretionary,,1.8.5-source-port,ENTRY,WATCH,ENTRY_TO_WATCH
2026-09-19T00:28:59.364899+00:00,HBAN,SP500,2026-09-17,15.880000114440918,WATCH,1,NONE,Bear Trend,Neutral,Bear Micro BOS,,17.3,17.77,,,,,Huntington Bancshares,Financials,,1.8.5-source-port,ENTRY,WATCH,ENTRY_TO_WATCH
2026-09-19T00:28:59.364899+00:00,HST,SP500,2026-09-17,21.899999618530273,WATCH,1,NONE,Bear Trend,Neutral,Waiting,,22.28,22.54,,,,,Host Hotels & Resorts,Real Estate,,1.8.5-source-port,ENTRY,WATCH,ENTRY_TO_WATCH
2026-09-19T00:28:59.364899+00:00,ICE,SP500,2026-09-17,153.3000030517578,WATCH,1,NONE,Bull Trend,Neutral,Bear Micro BOS,,156.95,158.55,,,,,Intercontinental Exchange,Financials,,1.8.5-source-port,ENTRY,WATCH,ENTRY_TO_WATCH
2026-09-19T00:28:59.364899+00:00,MMM,SP500,2026-09-17,164.7100067138672,WATCH,1,NONE,Bear Trend,Neutral,Waiting,,178.39,183.89,,,,,3M,Industrials,,1.8.5-source-port,READY,WATCH,READY_TO_WATCH
2026-09-19T00:28:59.364899+00:00,MSCI,SP500,2026-09-17,549.469970703125,WATCH,1,NONE,Bear Trend,Accumulation,Waiting,,550.52,574.98,,,,,MSCI,Financials,,1.8.5-source-port,ENTRY,WATCH,ENTRY_TO_WATCH
2026-09-19T00:28:59.364899+00:00,MTD,SP500,2026-09-17,1410.43994140625,WATCH,1,NONE,Bear Trend,Neutral,Waiting,,1377.1,1440.22,,,,,Mettler Toledo,Health Care,,1.8.5-source-port,READY,WATCH,READY_TO_WATCH
2026-09-19T00:28:59.364899+00:00,NXPI,SP500,2026-09-17,227.9499969482422,WATCH,1,NONE,Bear Trend,Neutral,Waiting,,223.51,227.24,,,,,NXP Semiconductors,Information Technology,,1.8.5-source-port,READY,WATCH,READY_TO_WATCH
2026-09-19T00:28:59.364899+00:00,PCG,SP500,2026-09-17,13.380000114440918,WATCH,1,NONE,Bearish Zhongshu,Neutral,Waiting,,16.95,17.2,,,,,PG&E Corporation,Utilities,,1.8.5-source-port,READY,WATCH,READY_TO_WATCH
2026-09-19T00:28:59.364899+00:00,PEP,SP500,2026-09-17,133.66000366210938,WATCH,1,NONE,Bearish Zhongshu,Neutral,Bear Micro BOS,,139.37,141.55,,,,,PepsiCo,Consumer Staples,,1.8.5-source-port,ENTRY,WATCH,ENTRY_TO_WATCH
2026-09-19T00:28:59.364899+00:00,ROP,SP500,2026-09-17,374.760009765625,WATCH,1,NONE,Bearish Zhongshu,Neutral,Bear Micro BOS,,394.02,405.77,,,,,Roper Technologies,Information Technology,,1.8.5-source-port,ENTRY,WATCH,ENTRY_TO_WATCH
2026-09-19T00:28:59.364899+00:00,TYL,SP500,2026-09-17,341.57000732421875,WATCH,1,NONE,Bull Trend,Neutral,Waiting,,333.34,348.62,,,,,Tyler Technologies,Information Technology,,1.8.5-source-port,READY,WATCH,READY_TO_WATCH
2026-09-19T00:28:59.364899+00:00,VRTX,SP500,2026-09-17,516.3400268554688,WATCH,1,NONE,Bull Trend,Neutral,Bear Micro BOS,,532.23,533.67,,,,,Vertex Pharmaceuticals,Health Care,,1.8.5-source-port,ENTRY,WATCH,ENTRY_TO_WATCH
2026-09-19T00:28:59.364899+00:00,WAB,SP500,2026-09-17,278.82000732421875,WATCH,1,NONE,Bear Trend,Neutral,Waiting,,294.44,304.05,,,,,Wabtec,Industrials,,1.8.5-source-port,READY,WATCH,READY_TO_WATCH
2026-09-19T00:28:59.364899+00:00,WDC,SP500,2026-09-17,423.8699951171875,WATCH,1,NONE,Bear Trend,Neutral,Waiting,,422.11,495.49,,,,,Western Digital,Information Technology,,1.8.5-source-port,ENTRY,WATCH,ENTRY_TO_WATCH
2026-09-21T15:19:33.778891+00:00,688521,HS300,2026-09-21,207.8,ENTRY,3,3B,Bear Trend,Neutral,Bull Micro BOS,LONG,170.21,198.6,207.8,198.22,226.96,236.54,芯原股份,nan,,1.8.5-source-port,NONE,ENTRY,NEW_ENTRY
2026-09-21T15:19:33.778891+00:00,300308,HS300,2026-09-21,941.0,ENTRY,3,BRK,Bullish Zhongshu,Neutral,Bull Micro BOS,LONG,830.0,929.8,941.0,918.8,985.41,1007.61,中际旭创,nan,,1.8.5-source-port,WATCH,ENTRY,WATCH_TO_ENTRY
2026-09-21T15:19:33.778891+00:00,300476,HS300,2026-09-21,248.0,ENTRY,3,BRK,Bullish Zhongshu,Neutral,Bull Micro BOS,LONG,217.44,233.15,248.0,226.93,290.15,311.22,胜宏科技,nan,,1.8.5-source-port,READY,ENTRY,READY_TO_ENTRY
2026-09-21T15:19:33.778891+00:00,600048,HS300,2026-09-21,5.68,ENTRY,3,BRK,Bear Trend,Neutral,Bull Micro BOS,LONG,5.2,5.42,5.68,5.18,6.68,7.19,保利发展,nan,,1.8.5-source-port,NONE,ENTRY,NEW_ENTRY
2026-09-21T15:19:33.778891+00:00,601919,HS300,2026-09-21,16.71,ENTRY,3,BRK,Bullish Zhongshu,Neutral,Bull Micro BOS,LONG,15.88,16.43,16.71,15.97,18.2,18.94,中远海控,nan,,1.8.5-source-port,READY,ENTRY,READY_TO_ENTRY
2026-09-21T15:19:33.778891+00:00,000001,HS300,2026-09-21,11.73,READY,2,3B,Bull Trend,Neutral,Waiting,LONG,11.57,11.66,,,,,平安银行,nan,,1.8.5-source-port,WATCH,READY,WATCH_TO_READY
2026-09-21T15:19:33.778891+00:00,000333,HS300,2026-09-21,80.9,READY,2,3S,Bearish Zhongshu,Neutral,Bear Micro BOS,SHORT,82.39,87.4,,,,,美的集团,nan,,1.8.5-source-port,WATCH,READY,WATCH_TO_READY
2026-09-21T15:19:33.778891+00:00,300394,HS300,2026-09-21,279.26,READY,2,3B,Bullish Zhongshu,Neutral,Waiting,LONG,237.36,276.48,,,,,天孚通信,nan,,1.8.5-source-port,WATCH,READY,WATCH_TO_READY
2026-09-21T15:19:33.778891+00:00,300502,HS300,2026-09-21,456.73,READY,2,3B,Bullish Zhongshu,Neutral,Bull Micro BOS,LONG,385.0,435.65,,,,,新易盛,nan,,1.8.5-source-port,WATCH,READY,WATCH_TO_READY
2026-09-21T15:19:33.778891+00:00,300866,HS300,2026-09-21,128.15,READY,2,3B,Bull Trend,Neutral,Waiting,LONG,125.0,126.98,,,,,安克创新,nan,,1.8.5-source-port,WATCH,READY,WATCH_TO_READY
2026-09-21T15:19:33.778891+00:00,600760,HS300,2026-09-21,45.0,READY,2,3B,Bull Trend,Neutral,Waiting,LONG,43.74,44.44,,,,,中航沈飞,nan,,1.8.5-source-port,WATCH,READY,WATCH_TO_READY
2026-09-21T15:19:33.778891+00:00,000625,HS300,2026-09-21,7.15,READY,2,2B,Bear Trend,Neutral,Waiting,LONG,7.11,7.17,,,,,长安汽车,nan,,1.8.5-source-port,NONE,READY,NEW_READY
2026-09-21T15:19:33.778891+00:00,000807,HS300,2026-09-21,26.77,READY,2,2B,Bullish Zhongshu,Neutral,Waiting,LONG,25.45,27.34,,,,,云铝股份,nan,,1.8.5-source-port,WATCH,READY,WATCH_TO_READY
2026-09-21T15:19:33.778891+00:00,600372,HS300,2026-09-21,11.48,READY,2,2B,Bull Trend,Neutral,Waiting,LONG,11.32,11.6,,,,,中航机载,nan,,1.8.5-source-port,WATCH,READY,WATCH_TO_READY
2026-09-21T15:19:33.778891+00:00,000157,HS300,2026-09-21,6.2,WATCH,1,NONE,Bearish Zhongshu,Neutral,Waiting,,6.88,7.13,,,,,中联重科,nan,,1.8.5-source-port,NONE,WATCH,NEW_WATCH
2026-09-21T15:19:33.778891+00:00,000538,HS300,2026-09-21,51.09,WATCH,1,NONE,Bullish Zhongshu,Neutral,Waiting,,50.0,51.24,,,,,云南白药,nan,,1.8.5-source-port,READY,WATCH,READY_TO_WATCH
2026-09-21T15:19:33.778891+00:00,000651,HS300,2026-09-21,38.0,WATCH,1,NONE,Bearish Zhongshu,Neutral,Bear Micro BOS,,38.39,39.96,,,,,格力电器,nan,,1.8.5-source-port,READY,WATCH,READY_TO_WATCH
2026-09-21T15:19:33.778891+00:00,000657,HS300,2026-09-21,60.49,WATCH,1,NONE,Bearish Zhongshu,Neutral,Waiting,,62.0,75.5,,,,,中钨高新,nan,,1.8.5-source-port,READY,WATCH,READY_TO_WATCH
2026-09-21T15:19:33.778891+00:00,001965,HS300,2026-09-21,9.7,WATCH,1,NONE,Bullish Zhongshu,Neutral,Waiting,,9.25,9.9,,,,,招商公路,nan,,1.8.5-source-port,NONE,WATCH,NEW_WATCH
2026-09-21T15:19:33.778891+00:00,002460,HS300,2026-09-21,46.56,WATCH,1,NONE,Bearish Zhongshu,Neutral,Waiting,,50.81,55.18,,,,,赣锋锂业,nan,,1.8.5-source-port,READY,WATCH,READY_TO_WATCH
2026-09-21T15:19:33.778891+00:00,002625,HS300,2026-09-21,27.45,WATCH,1,NONE,Bearish Zhongshu,Neutral,Waiting,,27.02,28.86,,,,,光启技术,nan,,1.8.5-source-port,NONE,WATCH,NEW_WATCH
2026-09-21T15:19:33.778891+00:00,300661,HS300,2026-09-21,122.61,WATCH,1,NONE,Bullish Zhongshu,Neutral,Waiting,,108.36,116.16,,,,,圣邦股份,nan,,1.8.5-source-port,ENTRY,WATCH,ENTRY_TO_WATCH
2026-09-21T15:19:33.778891+00:00,301165,HS300,2026-09-21,116.46,WATCH,1,NONE,Bull Trend,Neutral,Waiting,,111.1,114.99,,,,,锐捷网络,nan,,1.8.5-source-port,NONE,WATCH,NEW_WATCH
2026-09-21T15:19:33.778891+00:00,302132,HS300,2026-09-21,60.37,WATCH,1,NONE,Bull Trend,Neutral,Waiting,,58.68,59.6,,,,,中航成飞,nan,,1.8.5-source-port,READY,WATCH,READY_TO_WATCH
2026-09-21T15:19:33.778891+00:00,600015,HS300,2026-09-21,6.24,WATCH,1,NONE,Neutral Zhongshu,Neutral,Waiting,,6.12,6.45,,,,,华夏银行,nan,,1.8.5-source-port,NONE,WATCH,NEW_WATCH
2026-09-21T15:19:33.778891+00:00,600018,HS300,2026-09-21,5.43,WATCH,1,NONE,Bull Trend,Neutral,Waiting,,5.05,5.29,,,,,上港集团,nan,,1.8.5-source-port,READY,WATCH,READY_TO_WATCH
2026-09-21T15:19:33.778891+00:00,600050,HS300,2026-09-21,4.23,WATCH,1,NONE,Bearish Zhongshu,Neutral,Waiting,,4.27,4.29,,,,,中国联通,nan,,1.8.5-source-port,NONE,WATCH,NEW_WATCH
2026-09-21T15:19:33.778891+00:00,600118,HS300,2026-09-21,58.99,WATCH,1,NONE,Bearish Zhongshu,Neutral,Waiting,,68.67,69.99,,,,,中国卫星,nan,,1.8.5-source-port,NONE,WATCH,NEW_WATCH
2026-09-21T15:19:33.778891+00:00,600196,HS300,2026-09-21,23.05,WATCH,1,NONE,Bearish Zhongshu,Neutral,Bull Micro BOS,,23.57,24.75,,,,,复星医药,nan,,1.8.5-source-port,READY,WATCH,READY_TO_WATCH
2026-09-21T15:19:33.778891+00:00,600233,HS300,2026-09-21,18.46,WATCH,1,NONE,Bullish Zhongshu,Neutral,Bull Micro BOS,,17.03,17.38,,,,,圆通速递,nan,,1.8.5-source-port,READY,WATCH,READY_TO_WATCH
2026-09-21T15:19:33.778891+00:00,600406,HS300,2026-09-21,22.1,WATCH,1,NONE,Bull Trend,Accumulation,Waiting,,23.16,23.3,,,,,国电南瑞,nan,,1.8.5-source-port,READY,WATCH,READY_TO_WATCH
2026-09-21T15:19:33.778891+00:00,600584,HS300,2026-09-21,72.22,WATCH,1,NONE,Neutral Zhongshu,Neutral,Waiting,,71.06,74.0,,,,,长电科技,nan,,1.8.5-source-port,READY,WATCH,READY_TO_WATCH
2026-09-21T15:19:33.778891+00:00,600926,HS300,2026-09-21,17.18,WATCH,1,NONE,Bull Trend,Neutral,Waiting,,16.53,16.54,,,,,杭州银行,nan,,1.8.5-source-port,READY,WATCH,READY_TO_WATCH
2026-09-21T15:19:33.778891+00:00,600999,HS300,2026-09-21,17.91,WATCH,1,NONE,Bullish Zhongshu,Neutral,Waiting,,17.65,17.78,,,,,招商证券,nan,,1.8.5-source-port,READY,WATCH,READY_TO_WATCH
2026-09-21T15:19:33.778891+00:00,601229,HS300,2026-09-21,9.54,WATCH,1,NONE,Neutral Zhongshu,Neutral,Waiting,,9.43,9.61,,,,,上海银行,nan,,1.8.5-source-port,READY,WATCH,READY_TO_WATCH
2026-09-21T15:19:33.778891+00:00,601698,HS300,2026-09-21,24.04,WATCH,1,NONE,Neutral Zhongshu,Neutral,Waiting,,23.7,24.45,,,,,中国卫通,nan,,1.8.5-source-port,READY,WATCH,READY_TO_WATCH
2026-09-21T15:19:33.778891+00:00,603259,HS300,2026-09-21,167.96,WATCH,1,NONE,Bullish Zhongshu,Neutral,Bull Micro BOS,,149.73,157.17,,,,,药明康德,nan,,1.8.5-source-port,ENTRY,WATCH,ENTRY_TO_WATCH
2026-09-21T15:19:33.778891+00:00,688082,HS300,2026-09-21,293.5,WATCH,1,NONE,Bearish Zhongshu,Neutral,Waiting,,283.31,338.92,,,,,盛美上海,nan,,1.8.5-source-port,READY,WATCH,READY_TO_WATCH
2026-09-21T15:19:33.778891+00:00,000100,HS300,2026-09-21,5.08,NONE,0,NONE,Bear Trend,Neutral,Waiting,,4.83,5.34,,,,,TCL科技,nan,,1.8.5-source-port,READY,NONE,DROPPED
2026-09-21T15:19:33.778891+00:00,002049,HS300,2026-09-21,61.37,NONE,0,NONE,Bear Trend,Neutral,Waiting,,60.2,63.21,,,,,紫光国微,nan,,1.8.5-source-port,READY,NONE,DROPPED
2026-09-21T15:19:33.778891+00:00,002050,HS300,2026-09-21,36.18,NONE,0,NONE,Bear Trend,Neutral,Waiting,,35.13,36.72,,,,,三花智控,nan,,1.8.5-source-port,READY,NONE,DROPPED
2026-09-21T15:19:33.778891+00:00,002422,HS300,2026-09-21,42.48,NONE,0,NONE,Bear Trend,Neutral,Bull Micro BOS,,41.0,48.18,,,,,科伦药业,nan,,1.8.5-source-port,READY,NONE,DROPPED
2026-09-21T15:19:33.778891+00:00,002709,HS300,2026-09-21,33.53,NONE,0,NONE,Bear Trend,Neutral,Waiting,,35.4,40.36,,,,,天赐材料,nan,,1.8.5-source-port,READY,NONE,DROPPED
2026-09-21T15:19:33.778891+00:00,300059,HS300,2026-09-21,18.69,NONE,0,NONE,Bear Trend,Neutral,Bull Micro BOS,,19.3,19.65,,,,,东方财富,nan,,1.8.5-source-port,READY,NONE,DROPPED
2026-09-21T15:19:33.778891+00:00,300450,HS300,2026-09-21,32.43,NONE,0,NONE,Bear Trend,Neutral,Waiting,,33.01,35.88,,,,,先导智能,nan,,1.8.5-source-port,READY,NONE,DROPPED
2026-09-21T15:19:33.778891+00:00,300896,HS300,2026-09-21,93.84,NONE,0,NONE,Bear Trend,Neutral,Waiting,,90.02,94.11,,,,,爱美客,nan,,1.8.5-source-port,READY,NONE,DROPPED
2026-09-21T15:19:33.778891+00:00,301236,HS300,2026-09-21,38.23,NONE,0,NONE,Bear Trend,Neutral,Bull Micro BOS,,36.4,38.68,,,,,软通动力,nan,,1.8.5-source-port,READY,NONE,DROPPED
2026-09-21T15:19:33.778891+00:00,600009,HS300,2026-09-21,22.91,NONE,0,NONE,Bear Trend,Neutral,Waiting,,23.34,23.37,,,,,上海机场,nan,,1.8.5-source-port,WATCH,NONE,DROPPED
2026-09-21T15:19:33.778891+00:00,600085,HS300,2026-09-21,23.66,NONE,0,NONE,Bear Trend,Neutral,Waiting,,23.53,24.43,,,,,同仁堂,nan,,1.8.5-source-port,READY,NONE,DROPPED
2026-09-21T15:19:33.778891+00:00,600426,HS300,2026-09-21,20.53,NONE,0,NONE,Bear Trend,Neutral,Waiting,,20.46,21.33,,,,,华鲁恒升,nan,,1.8.5-source-port,WATCH,NONE,DROPPED
2026-09-21T15:19:33.778891+00:00,600549,HS300,2026-09-21,50.2,NONE,0,NONE,Bear Trend,Neutral,Waiting,,51.06,54.26,,,,,厦门钨业,nan,,1.8.5-source-port,READY,NONE,DROPPED
2026-09-21T15:19:33.778891+00:00,601600,HS300,2026-09-21,9.18,NONE,0,NONE,Bear Trend,Neutral,Waiting,,9.21,9.81,,,,,中国铝业,nan,,1.8.5-source-port,READY,NONE,DROPPED
2026-09-21T15:19:33.778891+00:00,601618,HS300,2026-09-21,2.56,NONE,0,NONE,Bear Trend,Accumulation,Waiting,,2.53,2.65,,,,,中国中冶,nan,,1.8.5-source-port,READY,NONE,DROPPED
2026-09-21T15:19:33.778891+00:00,601727,HS300,2026-09-21,6.51,NONE,0,NONE,Bear Trend,Neutral,Waiting,,6.42,6.68,,,,,上海电气,nan,,1.8.5-source-port,READY,NONE,DROPPED
2026-09-21T15:19:33.778891+00:00,601888,HS300,2026-09-21,52.23,NONE,0,NONE,Bear Trend,Neutral,Waiting,,51.81,53.8,,,,,中国中免,nan,,1.8.5-source-port,READY,NONE,DROPPED
2026-09-21T15:19:33.778891+00:00,603501,HS300,2026-09-21,80.78,NONE,0,NONE,Bear Trend,Neutral,Waiting,,80.1,83.38,,,,,豪威集团,nan,,1.8.5-source-port,READY,NONE,DROPPED
2026-09-21T15:19:33.778891+00:00,603993,HS300,2026-09-21,17.59,NONE,0,NONE,Bear Trend,Neutral,Waiting,,18.67,19.3,,,,,洛阳钼业,nan,,1.8.5-source-port,WATCH,NONE,DROPPED
2026-09-21T15:19:33.778891+00:00,688047,HS300,2026-09-21,104.58,NONE,0,NONE,Bear Trend,Accumulation,Waiting,,100.7,108.3,,,,,龙芯中科,nan,,1.8.5-source-port,READY,NONE,DROPPED
2026-09-21T15:19:33.778891+00:00,688981,HS300,2026-09-21,122.01,NONE,0,NONE,Bear Trend,Neutral,Waiting,,120.0,125.75,,,,,中芯国际,nan,,1.8.5-source-port,READY,NONE,DROPPED
2026-09-22T00:59:31.874885+00:00,AJG,SP500,2026-09-18,239.47999572753906,ENTRY,3,2S,Bearish Zhongshu,Neutral,Bear Micro BOS,SHORT,259.35,261.92,239.48,256.81,204.81,187.48,Arthur J. Gallagher & Co.,Financials,,1.8.5-source-port,READY,ENTRY,READY_TO_ENTRY
2026-09-22T00:59:31.874885+00:00,BKNG,SP500,2026-09-18,167.89999389648438,ENTRY,3,2S,Bearish Zhongshu,Neutral,Bear Micro BOS,SHORT,194.68,204.61,167.9,183.97,135.77,119.7,Booking Holdings,Consumer Discretionary,,1.8.5-source-port,READY,ENTRY,READY_TO_ENTRY
2026-09-22T00:59:31.874885+00:00,EBAY,SP500,2026-09-18,111.83999633789062,ENTRY,3,2B,Bullish Zhongshu,Neutral,Bull Micro BOS,LONG,104.56,107.04,111.84,105.01,125.51,132.34,eBay Inc.,Consumer Discretionary,,1.8.5-source-port,READY,ENTRY,READY_TO_ENTRY
2026-09-22T00:59:31.874885+00:00,HAS,SP500,2026-09-18,87.56999969482422,ENTRY,3,2S,Bear Trend,Neutral,Bear Micro BOS,SHORT,92.01,96.28,87.57,93.69,75.32,69.2,Hasbro,Consumer Discretionary,,1.8.5-source-port,READY,ENTRY,READY_TO_ENTRY
2026-09-22T00:59:31.874885+00:00,INTU,SP500,2026-09-18,303.19000244140625,ENTRY,3,2S,Bull Trend,Neutral,Bear Micro BOS,SHORT,309.8,336.94,303.19,346.57,216.43,173.04,Intuit,Information Technology,,1.8.5-source-port,READY,ENTRY,READY_TO_ENTRY
2026-09-22T00:59:31.874885+00:00,LEN,SP500,2026-09-18,76.43000030517578,ENTRY,3,2S,Bear Trend,Accum Watch,Bear Micro BOS,SHORT,79.83,81.45,76.43,82.25,64.79,58.98,Lennar,Consumer Discretionary,,1.8.5-source-port,WATCH,ENTRY,WATCH_TO_ENTRY
2026-09-22T00:59:31.874885+00:00,LUV,SP500,2026-09-18,40.97999954223633,ENTRY,3,2B,Bear Trend,Neutral,Bull Micro BOS,LONG,47.17,49.0,40.98,37.83,47.28,50.43,Southwest Airlines,Industrials,,1.8.5-source-port,WATCH,ENTRY,WATCH_TO_ENTRY
2026-09-22T00:59:31.874885+00:00,LYB,SP500,2026-09-18,61.93000030517578,ENTRY,3,2S,Bull Trend,Neutral,Bear Micro BOS,SHORT,62.91,63.72,61.93,66.15,53.48,49.26,LyondellBasell,Materials,,1.8.5-source-port,WATCH,ENTRY,WATCH_TO_ENTRY
2026-09-22T00:59:31.874885+00:00,MKC,SP500,2026-09-18,48.720001220703125,ENTRY,3,2S,Bearish Zhongshu,Neutral,Bear Micro BOS,SHORT,51.02,52.85,48.72,53.26,39.64,35.1,McCormick & Company,Consumer Staples,,1.8.5-source-port,READY,ENTRY,READY_TO_ENTRY
2026-09-22T00:59:31.874885+00:00,NSC,SP500,2026-09-18,314.1600036621094,ENTRY,3,2S,Bearish Zhongshu,Neutral,Bear Micro BOS,SHORT,332.53,343.63,314.16,325.58,291.32,279.9,Norfolk Southern,Industrials,,1.8.5-source-port,WATCH,ENTRY,WATCH_TO_ENTRY
2026-09-22T00:59:31.874885+00:00,STZ,SP500,2026-09-18,118.97000122070312,ENTRY,3,2S,Bearish Zhongshu,Neutral,Bear Micro BOS,SHORT,129.59,133.45,118.97,131.96,92.98,79.99,Constellation Brands,Consumer Staples,,1.8.5-source-port,READY,ENTRY,READY_TO_ENTRY
2026-09-22T00:59:31.874885+00:00,BR,SP500,2026-09-18,163.1300048828125,ENTRY,3,BRK_SHORT,Bearish Zhongshu,Neutral,Bear Micro BOS,SHORT,165.81,176.94,163.13,167.27,154.85,150.71,Broadridge Financial Solutions,Industrials,,1.8.5-source-port,WATCH,ENTRY,WATCH_TO_ENTRY
2026-09-22T00:59:31.874885+00:00,CPAY,SP500,2026-09-18,397.760009765625,ENTRY,3,BRK_SHORT,Bearish Zhongshu,Neutral,Bear Micro BOS,SHORT,401.52,425.95,397.76,405.49,382.3,374.58,Corpay,Financials,,1.8.5-source-port,WATCH,ENTRY,WATCH_TO_ENTRY
2026-09-22T00:59:31.874885+00:00,EXC,SP500,2026-09-18,42.06999969482422,ENTRY,3,BRK_SHORT,Bear Trend,Neutral,Bear Micro BOS,SHORT,42.63,44.33,42.07,42.86,40.48,39.69,Exelon,Utilities,,1.8.5-source-port,WATCH,ENTRY,WATCH_TO_ENTRY
2026-09-22T00:59:31.874885+00:00,NUE,SP500,2026-09-18,248.3800048828125,ENTRY,3,BRK_SHORT,Bearish Zhongshu,Neutral,Bear Micro BOS,SHORT,252.01,254.2,248.38,261.4,222.34,209.32,Nucor,Materials,,1.8.5-source-port,READY,ENTRY,READY_TO_ENTRY
2026-09-22T00:59:31.874885+00:00,AMD,SP500,2026-09-18,559.8200073242188,READY,2,3B,Bullish Zhongshu,Neutral,Bull Micro BOS,LONG,463.21,517.35,,,,,Advanced Micro Devices,Information Technology,,1.8.5-source-port,ENTRY,READY,ENTRY_TO_READY
2026-09-22T00:59:31.874885+00:00,CAH,SP500,2026-09-18,225.3800048828125,READY,2,3S,Bearish Zhongshu,Neutral,Waiting,SHORT,232.6,249.29,,,,,Cardinal Health,Health Care,,1.8.5-source-port,ENTRY,READY,ENTRY_TO_READY
2026-09-22T00:59:31.874885+00:00,CHD,SP500,2026-09-18,94.75,READY,2,3S,Bear Trend,Neutral,Waiting,SHORT,96.27,96.28,,,,,Church & Dwight,Consumer Staples,,1.8.5-source-port,WATCH,READY,WATCH_TO_READY
2026-09-22T00:59:31.874885+00:00,COR,SP500,2026-09-18,308.7799987792969,READY,2,3S,Bull Trend,Neutral,Waiting,SHORT,317.96,322.33,,,,,Cencora,Health Care,,1.8.5-source-port,ENTRY,READY,ENTRY_TO_READY
2026-09-22T00:59:31.874885+00:00,CTAS,SP500,2026-09-18,197.63999938964844,READY,2,3S,Bearish Zhongshu,Neutral,Waiting,SHORT,198.87,204.86,,,,,Cintas,Industrials,,1.8.5-source-port,WATCH,READY,WATCH_TO_READY
2026-09-22T00:59:31.874885+00:00,DDOG,SP500,2026-09-18,229.9199981689453,READY,2,3S,Bear Trend,Neutral,Waiting,SHORT,237.67,239.04,,,,,Datadog,Information Technology,,1.8.5-source-port,WATCH,READY,WATCH_TO_READY
2026-09-22T00:59:31.874885+00:00,F,SP500,2026-09-18,13.210000038146973,READY,2,3S,Bear Trend,Accum Watch,Waiting,SHORT,13.6,13.83,,,,,Ford Motor Company,Consumer Discretionary,,1.8.5-source-port,WATCH,READY,WATCH_TO_READY
2026-09-22T00:59:31.874885+00:00,MDLZ,SP500,2026-09-18,60.849998474121094,READY,2,3S,Bearish Zhongshu,Neutral,Waiting,SHORT,61.67,63.83,,,,,Mondelez International,Consumer Staples,,1.8.5-source-port,WATCH,READY,WATCH_TO_READY
2026-09-22T00:59:31.874885+00:00,MRNA,SP500,2026-09-18,154.0399932861328,READY,2,3B,Bullish Zhongshu,Neutral,Waiting,LONG,133.33,154.69,,,,,Moderna,Health Care,,1.8.5-source-port,ENTRY,READY,ENTRY_TO_READY
2026-09-22T00:59:31.874885+00:00,MTB,SP500,2026-09-18,227.30999755859375,READY,2,3S,Bear Trend,Neutral,Waiting,SHORT,231.27,242.84,,,,,M&T Bank,Financials,,1.8.5-source-port,ENTRY,READY,ENTRY_TO_READY
2026-09-22T00:59:31.874885+00:00,RVTY,SP500,2026-09-18,143.4499969482422,READY,2,3B,Bull Trend,Neutral,Waiting,LONG,120.9,133.0,,,,,Revvity,Health Care,,1.8.5-source-port,WATCH,READY,WATCH_TO_READY
2026-09-22T00:59:31.874885+00:00,STE,SP500,2026-09-18,205.0399932861328,READY,2,3S,Bearish Zhongshu,Neutral,Bear Micro BOS,SHORT,224.86,235.66,,,,,Steris,Health Care,,1.8.5-source-port,ENTRY,READY,ENTRY_TO_READY
2026-09-22T00:59:31.874885+00:00,TMUS,SP500,2026-09-18,168.17999267578125,READY,2,3S,Bearish Zhongshu,Neutral,Waiting,SHORT,175.21,179.34,,,,,T-Mobile US,Communication Services,,1.8.5-source-port,ENTRY,READY,ENTRY_TO_READY
2026-09-22T00:59:31.874885+00:00,VZ,SP500,2026-09-18,48.09000015258789,READY,2,3S,Bull Trend,Neutral,Waiting,SHORT,48.82,49.01,,,,,Verizon,Communication Services,,1.8.5-source-port,ENTRY,READY,ENTRY_TO_READY
2026-09-22T00:59:31.874885+00:00,WAT,SP500,2026-09-18,421.6300048828125,READY,2,3B,Bullish Zhongshu,Neutral,Waiting,LONG,406.87,421.74,,,,,Waters Corporation,Health Care,,1.8.5-source-port,ENTRY,READY,ENTRY_TO_READY
2026-09-22T00:59:31.874885+00:00,WTW,SP500,2026-09-18,309.9800109863281,READY,2,3S,Bearish Zhongshu,Neutral,Bear Micro BOS,SHORT,333.3,345.52,,,,,Willis Towers Watson,Financials,,1.8.5-source-port,ENTRY,READY,ENTRY_TO_READY
2026-09-22T00:59:31.874885+00:00,XYZ,SP500,2026-09-18,76.27999877929688,READY,2,3S,Bearish Zhongshu,Neutral,Waiting,SHORT,77.23,77.62,,,,,"Block, Inc.",Financials,,1.8.5-source-port,WATCH,READY,WATCH_TO_READY
2026-09-22T00:59:31.874885+00:00,DE,SP500,2026-09-18,683.989990234375,READY,2,2B,Bull Trend,Neutral,Waiting,LONG,597.23,623.28,,,,,Deere & Company,Industrials,,1.8.5-source-port,WATCH,READY,WATCH_TO_READY
2026-09-22T00:59:31.874885+00:00,GIS,SP500,2026-09-18,36.31999969482422,READY,2,2S,Bull Trend,Neutral,Waiting,SHORT,36.52,37.13,,,,,General Mills,Consumer Staples,,1.8.5-source-port,WATCH,READY,WATCH_TO_READY
2026-09-22T00:59:31.874885+00:00,AOS,SP500,2026-09-18,56.95000076293945,WATCH,1,NONE,Bear Trend,Neutral,Waiting,,60.56,61.33,,,,,A. O. Smith,Industrials,,1.8.5-source-port,READY,WATCH,READY_TO_WATCH
2026-09-22T00:59:31.874885+00:00,AXON,SP500,2026-09-18,447.760009765625,WATCH,1,NONE,Bear Trend,Neutral,Waiting,,594.01,642.68,,,,,Axon Enterprise,Industrials,,1.8.5-source-port,READY,WATCH,READY_TO_WATCH
2026-09-22T00:59:31.874885+00:00,BLDR,SP500,2026-09-18,58.119998931884766,WATCH,1,NONE,Bear Trend,Neutral,Waiting,,67.52,72.72,,,,,Builders FirstSource,Industrials,,1.8.5-source-port,READY,WATCH,READY_TO_WATCH
2026-09-22T00:59:31.874885+00:00,COIN,SP500,2026-09-18,194.25,WATCH,1,NONE,Bullish Zhongshu,Neutral,Bull Micro BOS,,172.03,184.93,,,,,Coinbase,Financials,,1.8.5-source-port,READY,WATCH,READY_TO_WATCH
2026-09-22T00:59:31.874885+00:00,DAL,SP500,2026-09-18,79.62000274658203,WATCH,1,NONE,Bear Trend,Neutral,Waiting,,80.67,84.99,,,,,Delta Air Lines,Industrials,,1.8.5-source-port,READY,WATCH,READY_TO_WATCH
2026-09-22T00:59:31.874885+00:00,DXCM,SP500,2026-09-18,89.3499984741211,WATCH,1,NONE,Bear Trend,Neutral,Waiting,,87.51,88.79,,,,,Dexcom,Health Care,,1.8.5-source-port,READY,WATCH,READY_TO_WATCH
2026-09-22T00:59:31.874885+00:00,EMR,SP500,2026-09-18,149.9199981689453,WATCH,1,NONE,Bear Trend,Neutral,Waiting,,154.08,158.98,,,,,Emerson Electric,Industrials,,1.8.5-source-port,READY,WATCH,READY_TO_WATCH
2026-09-22T00:59:31.874885+00:00,GPN,SP500,2026-09-18,85.05999755859375,WATCH,1,NONE,Bearish Zhongshu,Neutral,Waiting,,89.48,90.09,,,,,Global Payments,Financials,,1.8.5-source-port,ENTRY,WATCH,ENTRY_TO_WATCH
2026-09-22T00:59:31.874885+00:00,HON,SP500,2026-09-18,206.4600067138672,WATCH,1,NONE,Bear Trend,Neutral,Waiting,,217.45,221.45,,,,,Honeywell Technologies,Industrials,,1.8.5-source-port,READY,WATCH,READY_TO_WATCH
2026-09-22T00:59:31.874885+00:00,HSIC,SP500,2026-09-18,84.83999633789062,WATCH,1,NONE,Bear Trend,Neutral,Waiting,,87.47,89.34,,,,,Henry Schein,Health Care,,1.8.5-source-port,ENTRY,WATCH,ENTRY_TO_WATCH
2026-09-22T00:59:31.874885+00:00,IBM,SP500,2026-09-18,229.5500030517578,WATCH,1,NONE,Bull Trend,Neutral,Bear Micro BOS,,229.1,238.72,,,,,IBM,Information Technology,,1.8.5-source-port,READY,WATCH,READY_TO_WATCH
2026-09-22T00:59:31.874885+00:00,IP,SP500,2026-09-18,34.529998779296875,WATCH,1,NONE,Bear Trend,Neutral,Waiting,,39.58,41.65,,,,,International Paper,Materials,,1.8.5-source-port,READY,WATCH,READY_TO_WATCH
2026-09-22T00:59:31.874885+00:00,KKR,SP500,2026-09-18,98.80999755859375,WATCH,1,NONE,Bull Trend,Neutral,Waiting,,99.78,103.97,,,,,KKR & Co.,Financials,,1.8.5-source-port,ENTRY,WATCH,ENTRY_TO_WATCH
2026-09-22T00:59:31.874885+00:00,KLAC,SP500,2026-09-18,176.99000549316406,WATCH,1,NONE,Bear Trend,Neutral,Waiting,,169.62,182.41,,,,,KLA Corporation,Information Technology,,1.8.5-source-port,READY,WATCH,READY_TO_WATCH
2026-09-22T00:59:31.874885+00:00,MET,SP500,2026-09-18,97.04000091552734,WATCH,1,NONE,Neutral Zhongshu,Neutral,Waiting,,95.39,99.25,,,,,MetLife,Financials,,1.8.5-source-port,READY,WATCH,READY_TO_WATCH
2026-09-22T00:59:31.874885+00:00,PH,SP500,2026-09-18,943.5399780273438,WATCH,1,NONE,Bearish Zhongshu,Neutral,Waiting,,991.52,1003.79,,,,,Parker Hannifin,Industrials,,1.8.5-source-port,READY,WATCH,READY_TO_WATCH
2026-09-22T00:59:31.874885+00:00,SCHW,SP500,2026-09-18,105.25,WATCH,1,NONE,Bull Trend,Neutral,Waiting,,87.38,88.68,,,,,Charles Schwab Corporation,Financials,,1.8.5-source-port,ENTRY,WATCH,ENTRY_TO_WATCH
2026-09-22T00:59:31.874885+00:00,SHW,SP500,2026-09-18,320.7300109863281,WATCH,1,NONE,Bear Trend,Neutral,Waiting,,344.35,352.85,,,,,Sherwin-Williams,Materials,,1.8.5-source-port,READY,WATCH,READY_TO_WATCH
2026-09-22T00:59:31.874885+00:00,SLB,SP500,2026-09-18,51.119998931884766,WATCH,1,NONE,Bearish Zhongshu,Neutral,Bear Micro BOS,,53.09,53.2,,,,,Schlumberger,Energy,,1.8.5-source-port,ENTRY,WATCH,ENTRY_TO_WATCH
2026-09-22T00:59:31.874885+00:00,TPL,SP500,2026-09-18,352.6700134277344,WATCH,1,NONE,Bearish Zhongshu,Neutral,Waiting,,358.01,381.43,,,,,Texas Pacific Land Corporation,Energy,,1.8.5-source-port,ENTRY,WATCH,ENTRY_TO_WATCH
2026-09-22T00:59:31.874885+00:00,TRGP,SP500,2026-09-18,292.19000244140625,WATCH,1,NONE,Bull Trend,Neutral,Waiting,,287.75,289.68,,,,,Targa Resources,Energy,,1.8.5-source-port,READY,WATCH,READY_TO_WATCH
2026-09-22T00:59:31.874885+00:00,UNP,SP500,2026-09-18,279.3699951171875,WATCH,1,NONE,Bearish Zhongshu,Neutral,Bear Micro BOS,,285.69,298.15,,,,,Union Pacific Corporation,Industrials,,1.8.5-source-port,ENTRY,WATCH,ENTRY_TO_WATCH
2026-09-22T00:59:31.874885+00:00,VMC,SP500,2026-09-18,240.8300018310547,WATCH,1,NONE,Bear Trend,Neutral,Bear Micro BOS,,271.92,281.19,,,,,Vulcan Materials Company,Materials,,1.8.5-source-port,READY,WATCH,READY_TO_WATCH
2026-09-22T00:59:31.874885+00:00,VTR,SP500,2026-09-18,86.69000244140625,WATCH,1,NONE,Bearish Zhongshu,Neutral,Bear Micro BOS,,91.75,92.35,,,,,Ventas,Real Estate,,1.8.5-source-port,READY,WATCH,READY_TO_WATCH
2026-09-22T00:59:31.874885+00:00,WSM,SP500,2026-09-18,224.1999969482422,WATCH,1,NONE,Neutral Zhongshu,Neutral,Waiting,,218.6,229.91,,,,,"Williams-Sonoma, Inc.",Consumer Discretionary,,1.8.5-source-port,READY,WATCH,READY_TO_WATCH
2026-09-22T00:59:31.874885+00:00,WY,SP500,2026-09-18,21.219999313354492,WATCH,1,NONE,Bear Trend,Neutral,Bear Micro BOS,,23.56,24.34,,,,,Weyerhaeuser,Real Estate,,1.8.5-source-port,READY,WATCH,READY_TO_WATCH
2026-09-22T00:59:31.874885+00:00,XOM,SP500,2026-09-18,163.5399932861328,WATCH,1,NONE,Bull Trend,Neutral,Waiting,,155.32,158.05,,,,,ExxonMobil,Energy,,1.8.5-source-port,READY,WATCH,READY_TO_WATCH
2026-09-22T00:59:31.874885+00:00,ZTS,SP500,2026-09-18,71.4000015258789,WATCH,1,NONE,Bearish Zhongshu,Neutral,Bear Micro BOS,,76.27,76.37,,,,,Zoetis,Health Care,,1.8.5-source-port,READY,WATCH,READY_TO_WATCH
2026-09-22T13:39:06.123195+00:00,603893,HS300,2026-09-22,217.8,ENTRY,3,BRK,Bullish Zhongshu,Neutral,Bull Micro BOS,LONG,176.75,210.94,217.8,201.76,249.89,265.93,瑞芯微,nan,,1.8.5-source-port,WATCH,ENTRY,WATCH_TO_ENTRY
2026-09-22T13:39:06.123195+00:00,300308,HS300,2026-09-22,927.72,READY,2,3B,Bullish Zhongshu,Neutral,Waiting,LONG,830.0,929.8,,,,,中际旭创,nan,,1.8.5-source-port,ENTRY,READY,ENTRY_TO_READY
2026-09-22T13:39:06.123195+00:00,300476,HS300,2026-09-22,242.1,READY,2,3B,Bullish Zhongshu,Neutral,Waiting,LONG,217.44,233.15,,,,,胜宏科技,nan,,1.8.5-source-port,ENTRY,READY,ENTRY_TO_READY
2026-09-22T13:39:06.123195+00:00,600036,HS300,2026-09-22,40.82,READY,2,3B,Bull Trend,Neutral,Waiting,LONG,40.36,40.55,,,,,招商银行,nan,,1.8.5-source-port,WATCH,READY,WATCH_TO_READY
2026-09-22T13:39:06.123195+00:00,600048,HS300,2026-09-22,5.68,READY,2,3B,Bear Trend,Neutral,Bull Micro BOS,LONG,5.2,5.42,,,,,保利发展,nan,,1.8.5-source-port,ENTRY,READY,ENTRY_TO_READY
2026-09-22T13:39:06.123195+00:00,600547,HS300,2026-09-22,31.45,READY,2,3S,Bull Trend,Neutral,Bear Micro BOS,SHORT,32.0,32.46,,,,,山东黄金,nan,,1.8.5-source-port,WATCH,READY,WATCH_TO_READY
2026-09-22T13:39:06.123195+00:00,600803,HS300,2026-09-22,18.63,READY,2,3B,Bull Trend,Neutral,Waiting,LONG,18.3,18.4,,,,,新奥股份,nan,,1.8.5-source-port,WATCH,READY,WATCH_TO_READY
2026-09-22T13:39:06.123195+00:00,601088,HS300,2026-09-22,47.51,READY,2,3B,Bull Trend,Neutral,Waiting,LONG,45.76,46.8,,,,,中国神华,nan,,1.8.5-source-port,WATCH,READY,WATCH_TO_READY
2026-09-22T13:39:06.123195+00:00,601225,HS300,2026-09-22,26.03,READY,2,3B,Bull Trend,Neutral,Waiting,LONG,24.91,25.6,,,,,陕西煤业,nan,,1.8.5-source-port,WATCH,READY,WATCH_TO_READY
2026-09-22T13:39:06.123195+00:00,300014,HS300,2026-09-22,50.55,READY,2,2S,Bearish Zhongshu,Neutral,Waiting,SHORT,54.27,55.86,,,,,亿纬锂能,nan,,1.8.5-source-port,WATCH,READY,WATCH_TO_READY
2026-09-22T13:39:06.123195+00:00,301165,HS300,2026-09-22,113.53,READY,2,2S,Bull Trend,Neutral,Waiting,SHORT,111.1,114.99,,,,,锐捷网络,nan,,1.8.5-source-port,WATCH,READY,WATCH_TO_READY
2026-09-22T13:39:06.123195+00:00,601919,HS300,2026-09-22,16.56,READY,2,2S,Bullish Zhongshu,Neutral,Waiting,SHORT,15.88,16.43,,,,,中远海控,nan,,1.8.5-source-port,ENTRY,READY,ENTRY_TO_READY
2026-09-22T13:39:06.123195+00:00,000538,HS300,2026-09-22,51.32,WATCH,1,NONE,Bullish Zhongshu,Neutral,Waiting,,50.0,51.24,,,,,云南白药,nan,,1.8.5-source-port,NONE,WATCH,NEW_WATCH
2026-09-22T13:39:06.123195+00:00,000651,HS300,2026-09-22,38.18,WATCH,1,NONE,Bearish Zhongshu,Neutral,Waiting,,38.39,39.96,,,,,格力电器,nan,,1.8.5-source-port,NONE,WATCH,NEW_WATCH
2026-09-22T13:39:06.123195+00:00,000657,HS300,2026-09-22,60.26,WATCH,1,NONE,Bearish Zhongshu,Neutral,Waiting,,62.0,75.5,,,,,中钨高新,nan,,1.8.5-source-port,NONE,WATCH,NEW_WATCH
2026-09-22T13:39:06.123195+00:00,000725,HS300,2026-09-22,6.0,WATCH,1,NONE,Neutral Zhongshu,Neutral,Waiting,,5.71,6.17,,,,,京东方A,nan,,1.8.5-source-port,NONE,WATCH,NEW_WATCH
2026-09-22T13:39:06.123195+00:00,000776,HS300,2026-09-22,20.96,WATCH,1,NONE,Bearish Zhongshu,Neutral,Waiting,,21.17,21.22,,,,,广发证券,nan,,1.8.5-source-port,NONE,WATCH,NEW_WATCH
2026-09-22T13:39:06.123195+00:00,002001,HS300,2026-09-22,26.66,WATCH,1,NONE,Bearish Zhongshu,Neutral,Waiting,,26.23,27.5,,,,,新和成,nan,,1.8.5-source-port,NONE,WATCH,NEW_WATCH
2026-09-22T13:39:06.123195+00:00,002241,HS300,2026-09-22,24.64,WATCH,1,NONE,Bullish Zhongshu,Neutral,Waiting,,23.25,23.87,,,,,歌尔股份,nan,,1.8.5-source-port,READY,WATCH,READY_TO_WATCH
2026-09-22T13:39:06.123195+00:00,002460,HS300,2026-09-22,46.39,WATCH,1,NONE,Bearish Zhongshu,Neutral,Waiting,,50.81,55.18,,,,,赣锋锂业,nan,,1.8.5-source-port,NONE,WATCH,NEW_WATCH
2026-09-22T13:39:06.123195+00:00,300122,HS300,2026-09-22,13.35,WATCH,1,NONE,Bull Trend,Neutral,Waiting,,13.11,13.56,,,,,智飞生物,nan,,1.8.5-source-port,READY,WATCH,READY_TO_WATCH
2026-09-22T13:39:06.123195+00:00,302132,HS300,2026-09-22,59.95,WATCH,1,NONE,Bull Trend,Neutral,Waiting,,58.68,59.6,,,,,中航成飞,nan,,1.8.5-source-port,NONE,WATCH,NEW_WATCH
2026-09-22T13:39:06.123195+00:00,600018,HS300,2026-09-22,5.36,WATCH,1,NONE,Bull Trend,Neutral,Bear Micro BOS,,5.05,5.29,,,,,上港集团,nan,,1.8.5-source-port,NONE,WATCH,NEW_WATCH
2026-09-22T13:39:06.123195+00:00,600031,HS300,2026-09-22,17.72,WATCH,1,NONE,Bearish Zhongshu,Neutral,Waiting,,19.72,19.8,,,,,三一重工,nan,,1.8.5-source-port,NONE,WATCH,NEW_WATCH
2026-09-22T13:39:06.123195+00:00,600196,HS300,2026-09-22,23.13,WATCH,1,NONE,Bearish Zhongshu,Neutral,Bull Micro BOS,,23.57,24.75,,,,,复星医药,nan,,1.8.5-source-port,NONE,WATCH,NEW_WATCH
2026-09-22T13:39:06.123195+00:00,600233,HS300,2026-09-22,17.69,WATCH,1,NONE,Bullish Zhongshu,Neutral,Waiting,,17.03,17.38,,,,,圆通速递,nan,,1.8.5-source-port,NONE,WATCH,NEW_WATCH
2026-09-22T13:39:06.123195+00:00,600406,HS300,2026-09-22,22.23,WATCH,1,NONE,Bull Trend,Accumulation,Waiting,,23.16,23.3,,,,,国电南瑞,nan,,1.8.5-source-port,NONE,WATCH,NEW_WATCH
2026-09-22T13:39:06.123195+00:00,600584,HS300,2026-09-22,72.24,WATCH,1,NONE,Neutral Zhongshu,Neutral,Waiting,,71.06,74.0,,,,,长电科技,nan,,1.8.5-source-port,NONE,WATCH,NEW_WATCH
2026-09-22T13:39:06.123195+00:00,600926,HS300,2026-09-22,17.08,WATCH,1,NONE,Bull Trend,Neutral,Waiting,,16.53,16.54,,,,,杭州银行,nan,,1.8.5-source-port,NONE,WATCH,NEW_WATCH
2026-09-22T13:39:06.123195+00:00,600999,HS300,2026-09-22,18.01,WATCH,1,NONE,Bullish Zhongshu,Neutral,Waiting,,17.65,17.78,,,,,招商证券,nan,,1.8.5-source-port,NONE,WATCH,NEW_WATCH
2026-09-22T13:39:06.123195+00:00,601138,HS300,2026-09-22,63.3,WATCH,1,NONE,Bullish Zhongshu,Neutral,Waiting,,60.4,60.84,,,,,工业富联,nan,,1.8.5-source-port,READY,WATCH,READY_TO_WATCH
2026-09-22T13:39:06.123195+00:00,601229,HS300,2026-09-22,9.53,WATCH,1,NONE,Neutral Zhongshu,Neutral,Waiting,,9.48,9.61,,,,,上海银行,nan,,1.8.5-source-port,NONE,WATCH,NEW_WATCH
2026-09-22T13:39:06.123195+00:00,601698,HS300,2026-09-22,24.0,WATCH,1,NONE,Neutral Zhongshu,Neutral,Waiting,,23.7,24.45,,,,,中国卫通,nan,,1.8.5-source-port,NONE,WATCH,NEW_WATCH
2026-09-22T13:39:06.123195+00:00,603259,HS300,2026-09-22,167.85,WATCH,1,NONE,Bullish Zhongshu,Neutral,Waiting,,149.73,157.17,,,,,药明康德,nan,,1.8.5-source-port,NONE,WATCH,NEW_WATCH
2026-09-22T13:39:06.123195+00:00,688082,HS300,2026-09-22,288.61,WATCH,1,NONE,Bearish Zhongshu,Neutral,Waiting,,283.31,300.74,,,,,盛美上海,nan,,1.8.5-source-port,NONE,WATCH,NEW_WATCH
2026-09-22T13:39:06.123195+00:00,000338,HS300,2026-09-22,27.03,NONE,0,NONE,Bear Trend,Neutral,Waiting,,27.99,28.11,,,,,潍柴动力,nan,,1.8.5-source-port,READY,NONE,DROPPED
2026-09-22T13:39:06.123195+00:00,002230,HS300,2026-09-22,39.12,NONE,0,NONE,Bear Trend,Neutral,Waiting,,38.67,40.81,,,,,科大讯飞,nan,,1.8.5-source-port,READY,NONE,DROPPED
2026-09-22T13:39:06.123195+00:00,600000,HS300,2026-09-22,9.04,NONE,0,NONE,Bear Trend,Neutral,Waiting,,9.19,9.28,,,,,浦发银行,nan,,1.8.5-source-port,WATCH,NONE,DROPPED
2026-09-22T13:39:06.123195+00:00,600066,HS300,2026-09-22,26.17,NONE,0,NONE,Bear Trend,Neutral,Waiting,,29.58,30.24,,,,,宇通客车,nan,,1.8.5-source-port,READY,NONE,DROPPED
2026-09-22T13:39:06.123195+00:00,601166,HS300,2026-09-22,17.89,NONE,0,NONE,Bear Trend,Neutral,Waiting,,17.89,18.01,,,,,兴业银行,nan,,1.8.5-source-port,WATCH,NONE,DROPPED
2026-09-22T13:39:06.123195+00:00,601633,HS300,2026-09-22,14.13,NONE,0,NONE,Bear Trend,Neutral,Waiting,,15.87,16.84,,,,,长城汽车,nan,,1.8.5-source-port,WATCH,NONE,DROPPED
2026-09-22T13:39:06.123195+00:00,688521,HS300,2026-09-22,208.03,NONE,0,NONE,Bear Trend,Neutral,Waiting,,170.21,198.6,,,,,芯原股份,nan,,1.8.5-source-port,ENTRY,NONE,DROPPED
2026-09-23T00:48:58.818523+00:00,AKAM,SP500,2026-09-21,117.41000366210938,ENTRY,3,2B,Bear Trend,Neutral,Bull Micro BOS,LONG,107.11,109.85,117.41,101.05,150.13,166.49,Akamai Technologies,Information Technology,,1.8.5-source-port,READY,ENTRY,READY_TO_ENTRY
2026-09-23T00:48:58.818523+00:00,GIS,SP500,2026-09-21,35.40999984741211,ENTRY,3,2S,Bull Trend,Neutral,Bear Micro BOS,SHORT,36.52,37.13,35.41,37.62,30.99,28.78,General Mills,Consumer Staples,,1.8.5-source-port,READY,ENTRY,READY_TO_ENTRY
2026-09-23T00:48:58.818523+00:00,OMC,SP500,2026-09-21,75.58999633789062,ENTRY,3,2S,Bearish Zhongshu,Neutral,Bear Micro BOS,SHORT,80.54,85.18,75.59,81.55,63.67,57.71,Omnicom Group,Communication Services,,1.8.5-source-port,READY,ENTRY,READY_TO_ENTRY
2026-09-23T00:48:58.818523+00:00,PGR,SP500,2026-09-21,212.24000549316406,ENTRY,3,2S,Bull Trend,Neutral,Bear Micro BOS,SHORT,212.63,215.99,212.24,223.36,190.0,178.89,Progressive Corporation,Financials,,1.8.5-source-port,READY,ENTRY,READY_TO_ENTRY
2026-09-23T00:48:58.818523+00:00,STLD,SP500,2026-09-21,229.99000549316406,ENTRY,3,2S,Bearish Zhongshu,Neutral,Bear Micro BOS,SHORT,233.8,236.94,229.99,248.5,192.98,174.47,Steel Dynamics,Materials,,1.8.5-source-port,READY,ENTRY,READY_TO_ENTRY
2026-09-23T00:48:58.818523+00:00,UPS,SP500,2026-09-21,94.75,ENTRY,3,2S,Bearish Zhongshu,Neutral,Bear Micro BOS,SHORT,101.92,104.15,94.75,103.71,76.83,67.87,United Parcel Service,Industrials,,1.8.5-source-port,READY,ENTRY,READY_TO_ENTRY
2026-09-23T00:48:58.818523+00:00,AIZ,SP500,2026-09-21,277.3800048828125,ENTRY,3,BRK_SHORT,Bearish Zhongshu,Neutral,Bear Micro BOS,SHORT,278.96,284.12,277.38,286.03,260.07,251.42,Assurant,Financials,,1.8.5-source-port,NONE,ENTRY,NEW_ENTRY
2026-09-23T00:48:58.818523+00:00,ANET,SP500,2026-09-21,205.4199981689453,ENTRY,3,BRK,Neutral Zhongshu,Neutral,Bull Micro BOS,LONG,182.83,200.25,205.42,197.76,220.73,228.39,Arista Networks,Information Technology,,1.8.5-source-port,NONE,ENTRY,NEW_ENTRY
2026-09-23T00:48:58.818523+00:00,BG,SP500,2026-09-21,112.61000061035156,ENTRY,3,BRK_SHORT,Bull Trend,Neutral,Bear Micro BOS,SHORT,114.0,118.74,112.61,118.51,100.82,94.92,Bunge Global,Consumer Staples,,1.8.5-source-port,NONE,ENTRY,NEW_ENTRY
2026-09-23T00:48:58.818523+00:00,COP,SP500,2026-09-21,127.52999877929688,ENTRY,3,BRK_SHORT,Bull Trend,Neutral,Bear Micro BOS,SHORT,128.0,135.88,127.53,131.98,118.62,114.17,ConocoPhillips,Energy,,1.8.5-source-port,NONE,ENTRY,NEW_ENTRY
2026-09-23T00:48:58.818523+00:00,EOG,SP500,2026-09-21,141.3800048828125,ENTRY,3,BRK_SHORT,Bearish Zhongshu,Neutral,Bear Micro BOS,SHORT,144.34,148.22,141.38,145.5,133.13,129.01,EOG Resources,Energy,,1.8.5-source-port,NONE,ENTRY,NEW_ENTRY
2026-09-23T00:48:58.818523+00:00,OXY,SP500,2026-09-21,57.25,ENTRY,3,BRK_SHORT,Bull Trend,Neutral,Bear Micro BOS,SHORT,57.54,60.95,57.25,58.76,54.23,52.71,Occidental Petroleum,Energy,,1.8.5-source-port,NONE,ENTRY,NEW_ENTRY
2026-09-23T00:48:58.818523+00:00,PSKY,SP500,2026-09-21,9.90999984741211,ENTRY,3,BRK_SHORT,Bull Trend,Distrib Watch,Bear Micro BOS,SHORT,10.12,11.21,9.91,11.62,6.49,4.78,Paramount Skydance Corporation,Communication Services,,1.8.5-source-port,NONE,ENTRY,NEW_ENTRY
2026-09-23T00:48:58.818523+00:00,UAL,SP500,2026-09-21,114.38999938964844,ENTRY,3,BRK,Bullish Zhongshu,Neutral,Bull Micro BOS,LONG,107.07,110.77,114.39,109.46,124.25,129.17,United Airlines Holdings,Industrials,,1.8.5-source-port,NONE,ENTRY,NEW_ENTRY
2026-09-23T00:48:58.818523+00:00,AJG,SP500,2026-09-21,236.61000061035156,READY,2,3S,Bearish Zhongshu,Neutral,Bear Micro BOS,SHORT,259.35,261.92,,,,,Arthur J. Gallagher & Co.,Financials,,1.8.5-source-port,ENTRY,READY,ENTRY_TO_READY
2026-09-23T00:48:58.818523+00:00,BKNG,SP500,2026-09-21,168.52000427246094,READY,2,3S,Bearish Zhongshu,Neutral,Waiting,SHORT,194.68,204.61,,,,,Booking Holdings,Consumer Discretionary,,1.8.5-source-port,ENTRY,READY,ENTRY_TO_READY
2026-09-23T00:48:58.818523+00:00,BR,SP500,2026-09-21,164.6199951171875,READY,2,3S,Bearish Zhongshu,Neutral,Waiting,SHORT,165.81,176.94,,,,,Broadridge Financial Solutions,Industrials,,1.8.5-source-port,ENTRY,READY,ENTRY_TO_READY
2026-09-23T00:48:58.818523+00:00,DVN,SP500,2026-09-21,47.59000015258789,READY,2,3S,Bearish Zhongshu,Neutral,Waiting,SHORT,48.19,49.46,,,,,Devon Energy,Energy,,1.8.5-source-port,NONE,READY,NEW_READY
2026-09-23T00:48:58.818523+00:00,EBAY,SP500,2026-09-21,108.30000305175781,READY,2,3B,Bullish Zhongshu,Neutral,Waiting,LONG,104.56,107.04,,,,,eBay Inc.,Consumer Discretionary,,1.8.5-source-port,ENTRY,READY,ENTRY_TO_READY
2026-09-23T00:48:58.818523+00:00,EXC,SP500,2026-09-21,41.97999954223633,READY,2,3S,Bear Trend,Neutral,Waiting,SHORT,42.63,44.33,,,,,Exelon,Utilities,,1.8.5-source-port,ENTRY,READY,ENTRY_TO_READY
2026-09-23T00:48:58.818523+00:00,HAS,SP500,2026-09-21,87.72000122070312,READY,2,3S,Bear Trend,Neutral,Waiting,SHORT,92.01,96.28,,,,,Hasbro,Consumer Discretionary,,1.8.5-source-port,ENTRY,READY,ENTRY_TO_READY
2026-09-23T00:48:58.818523+00:00,INTU,SP500,2026-09-21,304.1199951171875,READY,2,3S,Bull Trend,Neutral,Waiting,SHORT,309.8,336.94,,,,,Intuit,Information Technology,,1.8.5-source-port,ENTRY,READY,ENTRY_TO_READY
2026-09-23T00:48:58.818523+00:00,IQV,SP500,2026-09-21,269.8800048828125,READY,2,3B,Bull Trend,Neutral,Waiting,LONG,252.53,265.25,,,,,IQVIA,Health Care,,1.8.5-source-port,NONE,READY,NEW_READY
2026-09-23T00:48:58.818523+00:00,LEN,SP500,2026-09-21,78.08000183105469,READY,2,3S,Bear Trend,Accumulation,Waiting,SHORT,79.83,81.45,,,,,Lennar,Consumer Discretionary,,1.8.5-source-port,ENTRY,READY,ENTRY_TO_READY
2026-09-23T00:48:58.818523+00:00,LYB,SP500,2026-09-21,60.2400016784668,READY,2,3S,Bull Trend,Neutral,Bear Micro BOS,SHORT,62.91,63.72,,,,,LyondellBasell,Materials,,1.8.5-source-port,ENTRY,READY,ENTRY_TO_READY
2026-09-23T00:48:58.818523+00:00,MKC,SP500,2026-09-21,48.88999938964844,READY,2,3S,Bearish Zhongshu,Neutral,Waiting,SHORT,51.02,52.85,,,,,McCormick & Company,Consumer Staples,,1.8.5-source-port,ENTRY,READY,ENTRY_TO_READY
2026-09-23T00:48:58.818523+00:00,NUE,SP500,2026-09-21,242.39999389648438,READY,2,3S,Bearish Zhongshu,Neutral,Bear Micro BOS,SHORT,252.01,254.2,,,,,Nucor,Materials,,1.8.5-source-port,ENTRY,READY,ENTRY_TO_READY
2026-09-23T00:48:58.818523+00:00,PLTR,SP500,2026-09-21,183.08999633789062,READY,2,3B,Bullish Zhongshu,Neutral,Waiting,LONG,164.55,177.88,,,,,Palantir Technologies,Information Technology,,1.8.5-source-port,NONE,READY,NEW_READY
2026-09-23T00:48:58.818523+00:00,STZ,SP500,2026-09-21,118.38999938964844,READY,2,3S,Bearish Zhongshu,Neutral,Waiting,SHORT,129.59,133.45,,,,,Constellation Brands,Consumer Staples,,1.8.5-source-port,ENTRY,READY,ENTRY_TO_READY
2026-09-23T00:48:58.818523+00:00,TMO,SP500,2026-09-21,658.760009765625,READY,2,3B,Bull Trend,Neutral,Waiting,LONG,594.36,647.0,,,,,Thermo Fisher Scientific,Health Care,,1.8.5-source-port,NONE,READY,NEW_READY
2026-09-23T00:48:58.818523+00:00,VRSK,SP500,2026-09-21,172.02000427246094,READY,2,3S,Bear Trend,Neutral,Waiting,SHORT,174.44,182.91,,,,,Verisk Analytics,Industrials,,1.8.5-source-port,NONE,READY,NEW_READY
2026-09-23T00:48:58.818523+00:00,ALB,SP500,2026-09-21,112.91999816894531,READY,2,2S,Bearish Zhongshu,Neutral,Waiting,SHORT,124.58,130.61,,,,,Albemarle Corporation,Materials,,1.8.5-source-port,NONE,READY,NEW_READY
2026-09-23T00:48:58.818523+00:00,CEG,SP500,2026-09-21,262.1099853515625,READY,2,2S,Bearish Zhongshu,Neutral,Waiting,SHORT,269.53,279.17,,,,,Constellation Energy,Utilities,,1.8.5-source-port,NONE,READY,NEW_READY
2026-09-23T00:48:58.818523+00:00,EL,SP500,2026-09-21,96.33999633789062,READY,2,2S,Bull Trend,Neutral,Waiting,SHORT,83.85,84.0,,,,,Estée Lauder Companies (The),Consumer Staples,,1.8.5-source-port,NONE,READY,NEW_READY
2026-09-23T00:48:58.818523+00:00,AAPL,SP500,2026-09-21,338.9800109863281,WATCH,1,NONE,Bull Trend,Neutral,Bull Micro BOS,,302.94,309.97,,,,,Apple Inc.,Information Technology,,1.8.5-source-port,NONE,WATCH,NEW_WATCH
2026-09-23T00:48:58.818523+00:00,ABBV,SP500,2026-09-21,264.4800109863281,WATCH,1,NONE,Bullish Zhongshu,Neutral,Waiting,,252.33,255.3,,,,,AbbVie,Health Care,,1.8.5-source-port,NONE,WATCH,NEW_WATCH
2026-09-23T00:48:58.818523+00:00,ACN,SP500,2026-09-21,186.11000061035156,WATCH,1,NONE,Bullish Zhongshu,Neutral,Waiting,,175.49,176.4,,,,,Accenture,Information Technology,,1.8.5-source-port,NONE,WATCH,NEW_WATCH
2026-09-23T00:48:58.818523+00:00,ADI,SP500,2026-09-21,383.0,WATCH,1,NONE,Bear Trend,Neutral,Bull Micro BOS,,352.73,380.36,,,,,Analog Devices,Information Technology,,1.8.5-source-port,NONE,WATCH,NEW_WATCH
2026-09-23T00:48:58.818523+00:00,ADM,SP500,2026-09-21,83.37999725341797,WATCH,1,NONE,Bull Trend,Neutral,Waiting,,78.97,80.34,,,,,Archer Daniels Midland,Consumer Staples,,1.8.5-source-port,NONE,WATCH,NEW_WATCH
2026-09-23T00:48:58.818523+00:00,ADP,SP500,2026-09-21,269.94000244140625,WATCH,1,NONE,Neutral Zhongshu,Neutral,Waiting,,263.36,277.33,,,,,Automatic Data Processing,Industrials,,1.8.5-source-port,NONE,WATCH,NEW_WATCH
2026-09-23T00:48:58.818523+00:00,AEE,SP500,2026-09-21,101.83000183105469,WATCH,1,NONE,Bear Trend,Neutral,Bear Micro BOS,,106.45,107.42,,,,,Ameren,Utilities,,1.8.5-source-port,NONE,WATCH,NEW_WATCH
2026-09-23T00:48:58.818523+00:00,AEP,SP500,2026-09-21,120.02999877929688,WATCH,1,NONE,Bearish Zhongshu,Neutral,Waiting,,122.25,123.85,,,,,American Electric Power,Utilities,,1.8.5-source-port,NONE,WATCH,NEW_WATCH
2026-09-23T00:48:58.818523+00:00,AFL,SP500,2026-09-21,115.18000030517578,WATCH,1,NONE,Bear Trend,Neutral,Waiting,,123.66,125.3,,,,,Aflac,Financials,,1.8.5-source-port,NONE,WATCH,NEW_WATCH
2026-09-23T00:48:58.818523+00:00,AIG,SP500,2026-09-21,74.54000091552734,WATCH,1,NONE,Bear Trend,Neutral,Waiting,,77.19,77.45,,,,,American International Group,Financials,,1.8.5-source-port,NONE,WATCH,NEW_WATCH
2026-09-23T00:48:58.818523+00:00,ALGN,SP500,2026-09-21,146.8800048828125,WATCH,1,NONE,Bear Trend,Neutral,Waiting,,175.35,176.46,,,,,Align Technology,Health Care,,1.8.5-source-port,NONE,WATCH,NEW_WATCH
2026-09-23T00:48:58.818523+00:00,ALL,SP500,2026-09-21,242.86000061035156,WATCH,1,NONE,Bear Trend,Neutral,Bear Micro BOS,,255.17,257.67,,,,,Allstate,Financials,,1.8.5-source-port,NONE,WATCH,NEW_WATCH
2026-09-23T00:48:58.818523+00:00,ALLE,SP500,2026-09-21,151.36000061035156,WATCH,1,NONE,Bear Trend,Neutral,Waiting,,159.82,166.02,,,,,Allegion,Industrials,,1.8.5-source-port,NONE,WATCH,NEW_WATCH
2026-09-23T00:48:58.818523+00:00,AMAT,SP500,2026-09-21,464.239990234375,WATCH,1,NONE,Bear Trend,Neutral,Waiting,,435.86,464.57,,,,,Applied Materials,Information Technology,,1.8.5-source-port,NONE,WATCH,NEW_WATCH
2026-09-23T00:48:58.818523+00:00,AMP,SP500,2026-09-18,544.3300170898438,WATCH,1,NONE,Bearish Zhongshu,Neutral,Waiting,,546.66,563.51,,,,,Ameriprise Financial,Financials,,1.8.5-source-port,NONE,WATCH,NEW_WATCH
2026-09-23T00:48:58.818523+00:00,AMT,SP500,2026-09-21,174.60000610351562,WATCH,1,NONE,Bullish Zhongshu,Neutral,Waiting,,171.73,172.68,,,,,American Tower,Real Estate,,1.8.5-source-port,NONE,WATCH,NEW_WATCH
2026-09-23T00:48:58.818523+00:00,AMZN,SP500,2026-09-21,258.45001220703125,WATCH,1,NONE,Bull Trend,Neutral,Bull Micro BOS,,257.73,258.08,,,,,Amazon,Consumer Discretionary,,1.8.5-source-port,NONE,WATCH,NEW_WATCH
2026-09-23T00:48:58.818523+00:00,AON,SP500,2026-09-21,290.82000732421875,WATCH,1,NONE,Bear Trend,Neutral,Bear Micro BOS,,354.61,358.71,,,,,Aon plc,Financials,,1.8.5-source-port,NONE,WATCH,NEW_WATCH
2026-09-23T00:48:58.818523+00:00,AOS,SP500,2026-09-21,56.959999084472656,WATCH,1,NONE,Bear Trend,Neutral,Waiting,,60.56,61.33,,,,,A. O. Smith,Industrials,,1.8.5-source-port,NONE,WATCH,NEW_WATCH
2026-09-23T00:48:58.818523+00:00,APA,SP500,2026-09-21,43.810001373291016,WATCH,1,NONE,Bull Trend,Neutral,Bear Micro BOS,,40.46,45.05,,,,,APA Corporation,Energy,,1.8.5-source-port,READY,WATCH,READY_TO_WATCH
2026-09-23T00:48:58.818523+00:00,APH,SP500,2026-09-21,80.72000122070312,WATCH,1,NONE,Bear Trend,Neutral,Waiting,,153.15,155.23,,,,,Amphenol,Information Technology,,1.8.5-source-port,NONE,WATCH,NEW_WATCH
2026-09-23T00:48:58.818523+00:00,APO,SP500,2026-09-21,127.91000366210938,WATCH,1,NONE,Bear Trend,Neutral,Waiting,,129.95,137.83,,,,,Apollo Global Management,Financials,,1.8.5-source-port,NONE,WATCH,NEW_WATCH
2026-09-23T00:48:58.818523+00:00,APP,SP500,2026-09-21,330.1700134277344,WATCH,1,NONE,Bullish Zhongshu,Neutral,Waiting,,303.17,335.45,,,,,AppLovin,Communication Services,,1.8.5-source-port,NONE,WATCH,NEW_WATCH
2026-09-23T00:48:58.818523+00:00,APTV,SP500,2026-09-21,43.56999969482422,WATCH,1,NONE,Bear Trend,Neutral,Waiting,,46.16,48.24,,,,,Aptiv,Consumer Discretionary,,1.8.5-source-port,NONE,WATCH,NEW_WATCH
2026-09-23T00:48:58.818523+00:00,ARE,SP500,2026-09-21,53.34000015258789,WATCH,1,NONE,Bull Trend,Neutral,Waiting,,50.58,51.05,,,,,Alexandria Real Estate Equities,Real Estate,,1.8.5-source-port,NONE,WATCH,NEW_WATCH
2026-09-23T00:48:58.818523+00:00,ATO,SP500,2026-09-21,158.27000427246094,WATCH,1,NONE,Bear Trend,Neutral,Bear Micro BOS,,166.15,169.58,,,,,Atmos Energy,Utilities,,1.8.5-source-port,NONE,WATCH,NEW_WATCH
2026-09-23T00:48:58.818523+00:00,AVGO,SP500,2026-09-21,362.6600036621094,WATCH,1,NONE,Bear Trend,Neutral,Waiting,,357.8,366.11,,,,,Broadcom,Information Technology,,1.8.5-source-port,READY,WATCH,READY_TO_WATCH
2026-09-23T00:48:58.818523+00:00,AWK,SP500,2026-09-21,133.97000122070312,WATCH,1,NONE,Bull Trend,Distribution,Bear Micro BOS,,131.03,137.51,,,,,American Water Works,Utilities,,1.8.5-source-port,NONE,WATCH,NEW_WATCH
2026-09-23T00:48:58.818523+00:00,AXON,SP500,2026-09-21,452.05999755859375,WATCH,1,NONE,Bear Trend,Neutral,Waiting,,594.01,642.68,,,,,Axon Enterprise,Industrials,,1.8.5-source-port,NONE,WATCH,NEW_WATCH
2026-09-23T00:48:58.818523+00:00,AXP,SP500,2026-09-21,313.5899963378906,WATCH,1,NONE,Bear Trend,Neutral,Bear Micro BOS,,335.22,336.56,,,,,American Express,Financials,,1.8.5-source-port,NONE,WATCH,NEW_WATCH
2026-09-23T00:48:58.818523+00:00,AZO,SP500,2026-09-21,2803.25,WATCH,1,NONE,Bear Trend,Neutral,Bear Micro BOS,,3037.32,3103.0,,,,,AutoZone,Consumer Discretionary,,1.8.5-source-port,NONE,WATCH,NEW_WATCH
2026-09-23T00:48:58.818523+00:00,BAX,SP500,2026-09-21,22.93000030517578,WATCH,1,NONE,Bear Trend,Neutral,Bear Micro BOS,,25.74,26.75,,,,,Baxter International,Health Care,,1.8.5-source-port,NONE,WATCH,NEW_WATCH
2026-09-23T00:48:58.818523+00:00,BBY,SP500,2026-09-21,93.22000122070312,WATCH,1,NONE,Bullish Zhongshu,Neutral,Waiting,,83.45,87.35,,,,,Best Buy,Consumer Discretionary,,1.8.5-source-port,NONE,WATCH,NEW_WATCH
2026-09-23T00:48:58.818523+00:00,BEN,SP500,2026-09-21,33.63999938964844,WATCH,1,NONE,Bear Trend,Neutral,Waiting,,33.25,34.28,,,,,Franklin Resources,Financials,,1.8.5-source-port,NONE,WATCH,NEW_WATCH
2026-09-23T00:48:58.818523+00:00,BLDR,SP500,2026-09-21,58.52000045776367,WATCH,1,NONE,Bear Trend,Neutral,Waiting,,67.52,72.72,,,,,Builders FirstSource,Industrials,,1.8.5-source-port,NONE,WATCH,NEW_WATCH
2026-09-23T00:48:58.818523+00:00,BRK-B,SP500,2026-09-21,502.010009765625,WATCH,1,NONE,Neutral Zhongshu,Neutral,Waiting,,498.07,506.58,,,,,Berkshire Hathaway,Financials,,1.8.5-source-port,READY,WATCH,READY_TO_WATCH
2026-09-23T00:48:58.818523+00:00,BX,SP500,2026-09-21,126.41000366210938,WATCH,1,NONE,Bear Trend,Neutral,Waiting,,141.05,145.77,,,,,Blackstone Inc.,Financials,,1.8.5-source-port,NONE,WATCH,NEW_WATCH
2026-09-23T00:48:58.818523+00:00,BXP,SP500,2026-09-21,64.12999725341797,WATCH,1,NONE,Bear Trend,Neutral,Waiting,,69.21,71.41,,,,,"BXP, Inc.",Real Estate,,1.8.5-source-port,NONE,WATCH,NEW_WATCH
2026-09-23T00:48:58.818523+00:00,C,SP500,2026-09-21,135.0500030517578,WATCH,1,NONE,Bull Trend,Neutral,Waiting,,136.46,139.26,,,,,Citigroup,Financials,,1.8.5-source-port,NONE,WATCH,NEW_WATCH
2026-09-23T00:48:58.818523+00:00,CARR,SP500,2026-09-21,54.619998931884766,WATCH,1,NONE,Bear Trend,Neutral,Waiting,,65.84,68.55,,,,,Carrier Global,Industrials,,1.8.5-source-port,NONE,WATCH,NEW_WATCH
2026-09-23T00:48:58.818523+00:00,CASY,SP500,2026-09-21,585.3400268554688,WATCH,1,NONE,Bear Trend,Neutral,Bear Micro BOS,,811.19,882.68,,,,,Casey's,Consumer Staples,,1.8.5-source-port,NONE,WATCH,NEW_WATCH
2026-09-23T00:48:58.818523+00:00,CAT,SP500,2026-09-21,816.5,WATCH,1,NONE,Bear Trend,Neutral,Waiting,,835.86,887.91,,,,,Caterpillar Inc.,Industrials,,1.8.5-source-port,NONE,WATCH,NEW_WATCH
2026-09-23T00:48:58.818523+00:00,CB,SP500,2026-09-21,337.260009765625,WATCH,1,NONE,Bear Trend,Neutral,Waiting,,342.22,344.52,,,,,Chubb Limited,Financials,,1.8.5-source-port,NONE,WATCH,NEW_WATCH
2026-09-23T00:48:58.818523+00:00,CCI,SP500,2026-09-21,73.22000122070312,WATCH,1,NONE,Bear Trend,Neutral,Waiting,,73.52,75.89,,,,,Crown Castle,Real Estate,,1.8.5-source-port,NONE,WATCH,NEW_WATCH
2026-09-23T00:48:58.818523+00:00,CCL,SP500,2026-09-21,22.309999465942383,WATCH,1,NONE,Bear Trend,Neutral,Waiting,,25.19,26.46,,,,,Carnival Corporation,Consumer Discretionary,,1.8.5-source-port,NONE,WATCH,NEW_WATCH
2026-09-23T00:48:58.818523+00:00,CDNS,SP500,2026-09-21,294.8999938964844,WATCH,1,NONE,Bear Trend,Neutral,Bull Micro BOS,,331.68,348.12,,,,,Cadence Design Systems,Information Technology,,1.8.5-source-port,NONE,WATCH,NEW_WATCH
2026-09-23T00:48:58.818523+00:00,CDW,SP500,2026-09-21,146.41000366210938,WATCH,1,NONE,Bull Trend,Neutral,Waiting,,133.99,136.98,,,,,CDW Corporation,Information Technology,,1.8.5-source-port,NONE,WATCH,NEW_WATCH
2026-09-23T00:48:58.818523+00:00,CF,SP500,2026-09-21,123.2699966430664,WATCH,1,NONE,Bull Trend,Neutral,Waiting,,114.53,117.57,,,,,CF Industries,Materials,,1.8.5-source-port,NONE,WATCH,NEW_WATCH
2026-09-23T00:48:58.818523+00:00,CFG,SP500,2026-09-21,67.36000061035156,WATCH,1,NONE,Bear Trend,Neutral,Waiting,,70.12,71.0,,,,,Citizens Financial Group,Financials,,1.8.5-source-port,NONE,WATCH,NEW_WATCH
2026-09-23T00:48:58.818523+00:00,CIEN,SP500,2026-09-21,365.9599914550781,WATCH,1,NONE,Bear Trend,Neutral,Waiting,,417.34,427.0,,,,,Ciena,Information Technology,,1.8.5-source-port,NONE,WATCH,NEW_WATCH
2026-09-23T00:48:58.818523+00:00,CINF,SP500,2026-09-21,166.85000610351562,WATCH,1,NONE,Bearish Zhongshu,Neutral,Bear Micro BOS,,172.87,174.29,,,,,Cincinnati Financial,Financials,,1.8.5-source-port,NONE,WATCH,NEW_WATCH
2026-09-23T00:48:58.818523+00:00,CL,SP500,2026-09-21,86.26000213623047,WATCH,1,NONE,Bear Trend,Neutral,Bear Micro BOS,,90.36,91.44,,,,,Colgate-Palmolive,Consumer Staples,,1.8.5-source-port,NONE,WATCH,NEW_WATCH
2026-09-23T00:48:58.818523+00:00,CMCSA,SP500,2026-09-21,22.93000030517578,WATCH,1,NONE,Bull Trend,Neutral,Waiting,,24.2,24.3,,,,,Comcast,Communication Services,,1.8.5-source-port,NONE,WATCH,NEW_WATCH
2026-09-23T00:48:58.818523+00:00,CME,SP500,2026-09-21,275.5299987792969,WATCH,1,NONE,Bull Trend,Neutral,Waiting,,269.45,270.0,,,,,CME Group,Financials,,1.8.5-source-port,NONE,WATCH,NEW_WATCH
2026-09-23T00:48:58.818523+00:00,CMI,SP500,2026-09-21,534.780029296875,WATCH,1,NONE,Bear Trend,Neutral,Waiting,,641.2,650.58,,,,,Cummins,Industrials,,1.8.5-source-port,NONE,WATCH,NEW_WATCH
2026-09-23T00:48:58.818523+00:00,CMS,SP500,2026-09-21,64.69999694824219,WATCH,1,NONE,Bear Trend,Neutral,Bear Micro BOS,,71.2,72.44,,,,,CMS Energy,Utilities,,1.8.5-source-port,NONE,WATCH,NEW_WATCH
2026-09-23T00:48:58.818523+00:00,CNC,SP500,2026-09-21,64.98999786376953,WATCH,1,NONE,Bull Trend,Neutral,Waiting,,65.11,66.55,,,,,Centene Corporation,Health Care,,1.8.5-source-port,NONE,WATCH,NEW_WATCH
2026-09-23T00:48:58.818523+00:00,CNP,SP500,2026-09-21,37.9900016784668,WATCH,1,NONE,Bear Trend,Neutral,Waiting,,39.56,40.36,,,,,CenterPoint Energy,Utilities,,1.8.5-source-port,NONE,WATCH,NEW_WATCH
2026-09-23T00:48:58.818523+00:00,COF,SP500,2026-09-21,204.9199981689453,WATCH,1,NONE,Bear Trend,Neutral,Bear Micro BOS,,211.32,212.57,,,,,Capital One,Financials,,1.8.5-source-port,NONE,WATCH,NEW_WATCH
2026-09-23T00:48:58.818523+00:00,COIN,SP500,2026-09-21,201.0500030517578,WATCH,1,NONE,Bullish Zhongshu,Neutral,Waiting,,172.03,184.93,,,,,Coinbase,Financials,,1.8.5-source-port,NONE,WATCH,NEW_WATCH
2026-09-23T00:48:58.818523+00:00,COST,SP500,2026-09-21,898.47998046875,WATCH,1,NONE,Bearish Zhongshu,Neutral,Waiting,,937.51,962.8,,,,,Costco,Consumer Staples,,1.8.5-source-port,NONE,WATCH,NEW_WATCH
2026-09-23T00:48:58.818523+00:00,CPRT,SP500,2026-09-21,28.90999984741211,WATCH,1,NONE,Bull Trend,Neutral,Bear Micro BOS,,30.09,31.42,,,,,Copart,Industrials,,1.8.5-source-port,NONE,WATCH,NEW_WATCH
2026-09-23T00:48:58.818523+00:00,CPT,SP500,2026-09-21,98.81999969482422,WATCH,1,NONE,Bear Trend,Neutral,Bear Micro BOS,,107.23,109.39,,,,,Camden Property Trust,Real Estate,,1.8.5-source-port,READY,WATCH,READY_TO_WATCH
2026-09-23T00:48:58.818523+00:00,CRH,SP500,2026-09-21,87.13999938964844,WATCH,1,NONE,Bear Trend,Neutral,Waiting,,93.74,98.19,,,,,CRH plc,Materials,,1.8.5-source-port,NONE,WATCH,NEW_WATCH
2026-09-23T00:48:58.818523+00:00,CRL,SP500,2026-09-21,279.010009765625,WATCH,1,NONE,Bull Trend,Distribution,Waiting,,228.01,236.62,,,,,Charles River Laboratories,Health Care,,1.8.5-source-port,NONE,WATCH,NEW_WATCH
2026-09-23T00:48:58.818523+00:00,CRWD,SP500,2026-09-21,249.35000610351562,WATCH,1,NONE,Bull Trend,Neutral,Waiting,,187.01,196.41,,,,,CrowdStrike,Information Technology,,1.8.5-source-port,NONE,WATCH,NEW_WATCH
2026-09-23T00:48:58.818523+00:00,CSCO,SP500,2026-09-21,111.45999908447266,WATCH,1,NONE,Bear Trend,Neutral,Waiting,,109.23,111.44,,,,,Cisco,Information Technology,,1.8.5-source-port,NONE,WATCH,NEW_WATCH
2026-09-23T00:48:58.818523+00:00,CSX,SP500,2026-09-21,45.9900016784668,WATCH,1,NONE,Bear Trend,Neutral,Bear Micro BOS,,49.42,49.65,,,,,CSX Corporation,Industrials,,1.8.5-source-port,READY,WATCH,READY_TO_WATCH
2026-09-23T00:48:58.818523+00:00,CTSH,SP500,2026-09-21,59.380001068115234,WATCH,1,NONE,Bull Trend,Neutral,Waiting,,44.9,45.22,,,,,Cognizant,Information Technology,,1.8.5-source-port,NONE,WATCH,NEW_WATCH
2026-09-23T00:48:58.818523+00:00,CTVA,SP500,2026-09-21,79.11000061035156,WATCH,1,NONE,Bear Trend,Neutral,Bear Micro BOS,,82.98,84.02,,,,,Corteva,Materials,,1.8.5-source-port,NONE,WATCH,NEW_WATCH
2026-09-23T00:48:58.818523+00:00,CVNA,SP500,2026-09-21,67.18000030517578,WATCH,1,NONE,Bear Trend,Neutral,Waiting,,70.64,71.29,,,,,Carvana,Consumer Discretionary,,1.8.5-source-port,NONE,WATCH,NEW_WATCH
2026-09-23T00:48:58.818523+00:00,CVX,SP500,2026-09-21,203.6699981689453,WATCH,1,NONE,Bull Trend,Neutral,Bear Micro BOS,,197.82,208.98,,,,,Chevron Corporation,Energy,,1.8.5-source-port,READY,WATCH,READY_TO_WATCH
2026-09-23T00:48:58.818523+00:00,DAL,SP500,2026-09-21,82.5,WATCH,1,NONE,Bear Trend,Neutral,Bull Micro BOS,,80.67,84.99,,,,,Delta Air Lines,Industrials,,1.8.5-source-port,NONE,WATCH,NEW_WATCH
2026-09-23T00:48:58.818523+00:00,DECK,SP500,2026-09-21,80.2300033569336,WATCH,1,NONE,Bear Trend,Neutral,Waiting,,98.78,101.67,,,,,Deckers Brands,Consumer Discretionary,,1.8.5-source-port,NONE,WATCH,NEW_WATCH
2026-09-23T00:48:58.818523+00:00,DELL,SP500,2026-09-21,575.3099975585938,WATCH,1,NONE,Bull Trend,Neutral,Waiting,,431.01,462.72,,,,,Dell Technologies,Information Technology,,1.8.5-source-port,NONE,WATCH,NEW_WATCH
2026-09-23T00:48:58.818523+00:00,DG,SP500,2026-09-21,121.91000366210938,WATCH,1,NONE,Bull Trend,Neutral,Bear Micro BOS,,122.4,131.25,,,,,Dollar General,Consumer Staples,,1.8.5-source-port,NONE,WATCH,NEW_WATCH
2026-09-23T00:48:58.818523+00:00,DGX,SP500,2026-09-21,244.8800048828125,WATCH,1,NONE,Bullish Zhongshu,Neutral,Waiting,,231.52,239.92,,,,,Quest Diagnostics,Health Care,,1.8.5-source-port,NONE,WATCH,NEW_WATCH
2026-09-23T00:48:58.818523+00:00,DHI,SP500,2026-09-21,139.25,WATCH,1,NONE,Bear Trend,Neutral,Waiting,,150.47,151.01,,,,,D. R. Horton,Consumer Discretionary,,1.8.5-source-port,NONE,WATCH,NEW_WATCH
2026-09-23T00:48:58.818523+00:00,DIS,SP500,2026-09-21,104.2300033569336,WATCH,1,NONE,Bearish Zhongshu,Neutral,Waiting,,102.99,108.34,,,,,Walt Disney Company (The),Communication Services,,1.8.5-source-port,NONE,WATCH,NEW_WATCH
2026-09-23T00:48:58.818523+00:00,DLR,SP500,2026-09-21,186.3300018310547,WATCH,1,NONE,Bear Trend,Neutral,Waiting,,185.16,201.56,,,,,Digital Realty,Real Estate,,1.8.5-source-port,NONE,WATCH,NEW_WATCH
2026-09-23T00:48:58.818523+00:00,DLTR,SP500,2026-09-21,112.33000183105469,WATCH,1,NONE,Bearish Zhongshu,Neutral,Waiting,,129.9,132.1,,,,,Dollar Tree,Consumer Staples,,1.8.5-source-port,NONE,WATCH,NEW_WATCH
2026-09-23T00:48:58.818523+00:00,DOC,SP500,2026-09-21,20.719999313354492,WATCH,1,NONE,Bear Trend,Neutral,Waiting,,21.32,21.8,,,,,Healthpeak Properties,Real Estate,,1.8.5-source-port,NONE,WATCH,NEW_WATCH
2026-09-23T00:48:58.818523+00:00,DOV,SP500,2026-09-21,186.08999633789062,WATCH,1,NONE,Bear Trend,Neutral,Waiting,,210.21,214.57,,,,,Dover Corporation,Industrials,,1.8.5-source-port,NONE,WATCH,NEW_WATCH
2026-09-23T00:48:58.818523+00:00,DOW,SP500,2026-09-21,28.270000457763672,WATCH,1,NONE,Bear Trend,Neutral,Bear Micro BOS,,29.52,30.51,,,,,Dow Inc.,Materials,,1.8.5-source-port,NONE,WATCH,NEW_WATCH
2026-09-23T00:48:58.818523+00:00,DRI,SP500,2026-09-21,211.30999755859375,WATCH,1,NONE,Bear Trend,Neutral,Waiting,,217.57,217.62,,,,,Darden Restaurants,Consumer Discretionary,,1.8.5-source-port,NONE,WATCH,NEW_WATCH
2026-09-23T00:48:58.818523+00:00,DTE,SP500,2026-09-21,126.12999725341797,WATCH,1,NONE,Bear Trend,Neutral,Bear Micro BOS,,135.76,137.23,,,,,DTE Energy,Utilities,,1.8.5-source-port,NONE,WATCH,NEW_WATCH
2026-09-23T00:48:58.818523+00:00,DUK,SP500,2026-09-21,116.73999786376953,WATCH,1,NONE,Bear Trend,Neutral,Bear Micro BOS,,119.68,121.62,,,,,Duke Energy,Utilities,,1.8.5-source-port,NONE,WATCH,NEW_WATCH
2026-09-23T00:48:58.818523+00:00,DVA,SP500,2026-09-21,182.33999633789062,WATCH,1,NONE,Bear Trend,Neutral,Waiting,,225.17,239.64,,,,,DaVita,Health Care,,1.8.5-source-port,NONE,WATCH,NEW_WATCH
2026-09-23T00:48:58.818523+00:00,DXCM,SP500,2026-09-21,89.16999816894531,WATCH,1,NONE,Bear Trend,Neutral,Waiting,,87.51,88.79,,,,,Dexcom,Health Care,,1.8.5-source-port,NONE,WATCH,NEW_WATCH
2026-09-23T00:48:58.818523+00:00,ED,SP500,2026-09-21,103.86000061035156,WATCH,1,NONE,Bear Trend,Neutral,Bear Micro BOS,,108.52,108.53,,,,,Consolidated Edison,Utilities,,1.8.5-source-port,NONE,WATCH,NEW_WATCH
2026-09-23T00:48:58.818523+00:00,EFX,SP500,2026-09-21,158.6199951171875,WATCH,1,NONE,Bearish Zhongshu,Neutral,Bear Micro BOS,,172.23,178.84,,,,,Equifax,Industrials,,1.8.5-source-port,NONE,WATCH,NEW_WATCH
2026-09-23T00:48:58.818523+00:00,EIX,SP500,2026-09-21,54.95000076293945,WATCH,1,NONE,Bearish Zhongshu,Neutral,Waiting,,54.48,59.96,,,,,Edison International,Utilities,,1.8.5-source-port,NONE,WATCH,NEW_WATCH
2026-09-23T00:48:58.818523+00:00,ELV,SP500,2026-09-21,409.30999755859375,WATCH,1,NONE,Bull Trend,Neutral,Waiting,,393.81,404.72,,,,,Elevance Health,Health Care,,1.8.5-source-port,NONE,WATCH,NEW_WATCH
2026-09-23T00:48:58.818523+00:00,EME,SP500,2026-09-21,757.7100219726562,WATCH,1,NONE,Bearish Zhongshu,Neutral,Waiting,,748.61,777.21,,,,,Emcor,Industrials,,1.8.5-source-port,NONE,WATCH,NEW_WATCH
2026-09-23T00:48:58.818523+00:00,EMR,SP500,2026-09-21,151.72000122070312,WATCH,1,NONE,Bear Trend,Neutral,Waiting,,154.08,158.98,,,,,Emerson Electric,Industrials,,1.8.5-source-port,NONE,WATCH,NEW_WATCH
2026-09-23T00:48:58.818523+00:00,EQIX,SP500,2026-09-21,1057.260009765625,WATCH,1,NONE,Bullish Zhongshu,Neutral,Bull Micro BOS,,1027.94,1049.53,,,,,Equinix,Real Estate,,1.8.5-source-port,NONE,WATCH,NEW_WATCH
2026-09-23T00:48:58.818523+00:00,ES,SP500,2026-09-21,66.88999938964844,WATCH,1,NONE,Bear Trend,Neutral,Waiting,,71.33,71.46,,,,,Eversource Energy,Utilities,,1.8.5-source-port,NONE,WATCH,NEW_WATCH
2026-09-23T00:48:58.818523+00:00,ESS,SP500,2026-09-21,271.3900146484375,WATCH,1,NONE,Bear Trend,Neutral,Waiting,,279.92,285.79,,,,,Essex Property Trust,Real Estate,,1.8.5-source-port,NONE,WATCH,NEW_WATCH
2026-09-23T00:48:58.818523+00:00,EVRG,SP500,2026-09-21,79.26000213623047,WATCH,1,NONE,Bearish Zhongshu,Neutral,Bear Micro BOS,,80.77,82.63,,,,,Evergy,Utilities,,1.8.5-source-port,NONE,WATCH,NEW_WATCH
2026-09-23T00:48:58.818523+00:00,EXPD,SP500,2026-09-21,192.14999389648438,WATCH,1,NONE,Bullish Zhongshu,Neutral,Waiting,,185.56,187.74,,,,,Expeditors International,Industrials,,1.8.5-source-port,NONE,WATCH,NEW_WATCH
2026-09-23T00:48:58.818523+00:00,EXR,SP500,2026-09-21,137.4600067138672,WATCH,1,NONE,Bear Trend,Neutral,Waiting,,147.35,149.7,,,,,Extra Space Storage,Real Estate,,1.8.5-source-port,NONE,WATCH,NEW_WATCH
2026-09-23T00:48:58.818523+00:00,FANG,SP500,2026-09-21,189.27000427246094,WATCH,1,NONE,Bearish Zhongshu,Neutral,Bear Micro BOS,,196.65,199.25,,,,,Diamondback Energy,Energy,,1.8.5-source-port,NONE,WATCH,NEW_WATCH
2026-09-23T00:48:58.818523+00:00,FCX,SP500,2026-09-21,72.16000366210938,WATCH,1,NONE,Bull Trend,Neutral,Waiting,,68.85,71.22,,,,,Freeport-McMoRan,Materials,,1.8.5-source-port,NONE,WATCH,NEW_WATCH
2026-09-23T00:48:58.818523+00:00,FDX,SP500,2026-09-21,295.7900085449219,WATCH,1,NONE,Bearish Zhongshu,Neutral,Bear Micro BOS,,314.1,314.96,,,,,FedEx,Industrials,,1.8.5-source-port,NONE,WATCH,NEW_WATCH
2026-09-23T00:48:58.818523+00:00,FFIV,SP500,2026-09-21,450.1000061035156,WATCH,1,NONE,Bullish Zhongshu,Neutral,Bull Micro BOS,,385.37,404.0,,,,,"F5, Inc.",Information Technology,,1.8.5-source-port,NONE,WATCH,NEW_WATCH
2026-09-23T00:48:58.818523+00:00,FIS,SP500,2026-09-21,35.189998626708984,WATCH,1,NONE,Bear Trend,Neutral,Bear Micro BOS,,40.86,41.85,,,,,Fidelity National Information Services,Financials,,1.8.5-source-port,NONE,WATCH,NEW_WATCH
2026-09-23T00:48:58.818523+00:00,FISV,SP500,2026-09-21,46.470001220703125,WATCH,1,NONE,Bear Trend,Neutral,Bear Micro BOS,,53.02,53.15,,,,,Fiserv,Financials,,1.8.5-source-port,NONE,WATCH,NEW_WATCH
2026-09-23T00:48:58.818523+00:00,FIX,SP500,2026-09-21,1632.5899658203125,WATCH,1,NONE,Neutral Zhongshu,Neutral,Waiting,,1570.0,1670.42,,,,,Comfort Systems USA,Industrials,,1.8.5-source-port,NONE,WATCH,NEW_WATCH
2026-09-23T00:48:58.818523+00:00,FLEX,SP500,2026-09-21,111.61000061035156,WATCH,1,NONE,Bearish Zhongshu,Neutral,Waiting,,111.38,117.68,,,,,Flex Ltd.,Information Technology,,1.8.5-source-port,NONE,WATCH,NEW_WATCH
2026-09-23T00:48:58.818523+00:00,FOX,SP500,2026-09-21,57.900001525878906,WATCH,1,NONE,Bull Trend,Neutral,Waiting,,51.22,52.9,,,,,Fox Corporation (Class B),Communication Services,,1.8.5-source-port,NONE,WATCH,NEW_WATCH
2026-09-23T00:48:58.818523+00:00,FOXA,SP500,2026-09-21,64.79000091552734,WATCH,1,NONE,Bull Trend,Neutral,Waiting,,66.69,69.18,,,,,Fox Corporation (Class A),Communication Services,,1.8.5-source-port,NONE,WATCH,NEW_WATCH
2026-09-23T00:48:58.818523+00:00,FRT,SP500,2026-09-21,110.62999725341797,WATCH,1,NONE,Bear Trend,Neutral,Bear Micro BOS,,116.95,119.27,,,,,Federal Realty Investment Trust,Real Estate,,1.8.5-source-port,NONE,WATCH,NEW_WATCH
2026-09-23T00:48:58.818523+00:00,FSLR,SP500,2026-09-21,199.83999633789062,WATCH,1,NONE,Bear Trend,Neutral,Waiting,,197.81,220.98,,,,,First Solar,Information Technology,,1.8.5-source-port,NONE,WATCH,NEW_WATCH
2026-09-23T00:48:58.818523+00:00,FTNT,SP500,2026-09-21,175.22999572753906,WATCH,1,NONE,Bull Trend,Neutral,Waiting,,160.0,161.98,,,,,Fortinet,Information Technology,,1.8.5-source-port,NONE,WATCH,NEW_WATCH
2026-09-23T00:48:58.818523+00:00,FTV,SP500,2026-09-21,55.09000015258789,WATCH,1,NONE,Bear Trend,Neutral,Waiting,,60.33,60.62,,,,,Fortive,Industrials,,1.8.5-source-port,NONE,WATCH,NEW_WATCH
2026-09-23T00:48:58.818523+00:00,GD,SP500,2026-09-21,353.8999938964844,WATCH,1,NONE,Bear Trend,Neutral,Waiting,,389.79,397.2,,,,,General Dynamics,Industrials,,1.8.5-source-port,NONE,WATCH,NEW_WATCH
2026-09-23T00:48:58.818523+00:00,GE,SP500,2026-09-21,319.010009765625,WATCH,1,NONE,Bearish Zhongshu,Neutral,Waiting,,359.55,366.77,,,,,GE Aerospace,Industrials,,1.8.5-source-port,NONE,WATCH,NEW_WATCH
2026-09-23T00:48:58.818523+00:00,GEN,SP500,2026-09-21,29.149999618530273,WATCH,1,NONE,Bull Trend,Neutral,Bear Micro BOS,,27.01,27.16,,,,,Gen Digital,Information Technology,,1.8.5-source-port,NONE,WATCH,NEW_WATCH
2026-09-23T00:48:58.818523+00:00,GEV,SP500,2026-09-21,946.219970703125,WATCH,1,NONE,Bear Trend,Neutral,Waiting,,897.68,983.34,,,,,GE Vernova,Industrials,,1.8.5-source-port,NONE,WATCH,NEW_WATCH
2026-09-23T00:48:58.818523+00:00,GILD,SP500,2026-09-21,150.55999755859375,WATCH,1,NONE,Bull Trend,Neutral,Waiting,,142.7,152.55,,,,,Gilead Sciences,Health Care,,1.8.5-source-port,NONE,WATCH,NEW_WATCH
2026-09-23T00:48:58.818523+00:00,GL,SP500,2026-09-21,172.16000366210938,WATCH,1,NONE,Bear Trend,Neutral,Waiting,,174.84,176.22,,,,,Globe Life,Financials,,1.8.5-source-port,NONE,WATCH,NEW_WATCH
2026-09-23T00:48:58.818523+00:00,GLW,SP500,2026-09-21,158.97999572753906,WATCH,1,NONE,Bearish Zhongshu,Neutral,Waiting,,157.91,168.82,,,,,Corning Inc.,Information Technology,,1.8.5-source-port,NONE,WATCH,NEW_WATCH
2026-09-23T00:48:58.818523+00:00,GM,SP500,2026-09-21,83.94999694824219,WATCH,1,NONE,Bear Trend,Neutral,Waiting,,86.03,87.86,,,,,General Motors,Consumer Discretionary,,1.8.5-source-port,NONE,WATCH,NEW_WATCH
2026-09-23T00:48:58.818523+00:00,GOOG,SP500,2026-09-21,350.8699951171875,WATCH,1,NONE,Bullish Zhongshu,Neutral,Bull Micro BOS,,339.82,341.98,,,,,Alphabet Inc. (Class C),Communication Services,,1.8.5-source-port,NONE,WATCH,NEW_WATCH
2026-09-23T00:48:58.818523+00:00,GOOGL,SP500,2026-09-21,354.9700012207031,WATCH,1,NONE,Bullish Zhongshu,Neutral,Bull Micro BOS,,340.88,342.5,,,,,Alphabet Inc. (Class A),Communication Services,,1.8.5-source-port,NONE,WATCH,NEW_WATCH
2026-09-23T00:48:58.818523+00:00,GPC,SP500,2026-09-21,126.44999694824219,WATCH,1,NONE,Bearish Zhongshu,Neutral,Bear Micro BOS,,133.24,137.16,,,,,Genuine Parts Company,Consumer Discretionary,,1.8.5-source-port,NONE,WATCH,NEW_WATCH
2026-09-23T00:48:58.818523+00:00,GPN,SP500,2026-09-21,85.29000091552734,WATCH,1,NONE,Bearish Zhongshu,Neutral,Bear Micro BOS,,89.48,90.09,,,,,Global Payments,Financials,,1.8.5-source-port,NONE,WATCH,NEW_WATCH
2026-09-23T00:48:58.818523+00:00,GWW,SP500,2026-09-21,1277.7900390625,WATCH,1,NONE,Bear Trend,Neutral,Waiting,,1326.36,1329.9,,,,,W. W. Grainger,Industrials,,1.8.5-source-port,NONE,WATCH,NEW_WATCH
2026-09-23T00:48:58.818523+00:00,HBAN,SP500,2026-09-21,16.040000915527344,WATCH,1,NONE,Bear Trend,Neutral,Waiting,,17.3,17.77,,,,,Huntington Bancshares,Financials,,1.8.5-source-port,NONE,WATCH,NEW_WATCH
2026-09-23T00:48:58.818523+00:00,HD,SP500,2026-09-21,297.20001220703125,WATCH,1,NONE,Bear Trend,Neutral,Bear Micro BOS,,335.43,339.72,,,,,Home Depot (The),Consumer Discretionary,,1.8.5-source-port,NONE,WATCH,NEW_WATCH
2026-09-23T00:48:58.818523+00:00,HIG,SP500,2026-09-21,130.72999572753906,WATCH,1,NONE,Bearish Zhongshu,Neutral,Bear Micro BOS,,136.62,140.0,,,,,Hartford (The),Financials,,1.8.5-source-port,NONE,WATCH,NEW_WATCH
2026-09-23T00:48:58.818523+00:00,HII,SP500,2026-09-21,276.1000061035156,WATCH,1,NONE,Bear Trend,Neutral,Waiting,,286.1,294.82,,,,,Huntington Ingalls Industries,Industrials,,1.8.5-source-port,NONE,WATCH,NEW_WATCH
2026-09-23T00:48:58.818523+00:00,HON,SP500,2026-09-21,206.47999572753906,WATCH,1,NONE,Bear Trend,Neutral,Waiting,,217.45,221.45,,,,,Honeywell Technologies,Industrials,,1.8.5-source-port,NONE,WATCH,NEW_WATCH
2026-09-23T00:48:58.818523+00:00,HOOD,SP500,2026-09-21,123.30000305175781,WATCH,1,NONE,Bull Trend,Neutral,Waiting,,101.71,112.45,,,,,Robinhood Markets,Financials,,1.8.5-source-port,NONE,WATCH,NEW_WATCH
2026-09-23T00:48:58.818523+00:00,HPQ,SP500,2026-09-21,32.95000076293945,WATCH,1,NONE,Bull Trend,Neutral,Waiting,,28.29,29.12,,,,,HP Inc.,Information Technology,,1.8.5-source-port,NONE,WATCH,NEW_WATCH
2026-09-23T00:48:58.818523+00:00,HRL,SP500,2026-09-21,20.459999084472656,WATCH,1,NONE,Bear Trend,Neutral,Waiting,,24.73,24.84,,,,,Hormel Foods,Consumer Staples,,1.8.5-source-port,NONE,WATCH,NEW_WATCH
2026-09-23T00:48:58.818523+00:00,HSIC,SP500,2026-09-21,85.19999694824219,WATCH,1,NONE,Bear Trend,Neutral,Waiting,,87.47,89.34,,,,,Henry Schein,Health Care,,1.8.5-source-port,NONE,WATCH,NEW_WATCH
2026-09-23T00:48:58.818523+00:00,HST,SP500,2026-09-21,22.309999465942383,WATCH,1,NONE,Bearish Zhongshu,Neutral,Waiting,,22.28,22.54,,,,,Host Hotels & Resorts,Real Estate,,1.8.5-source-port,NONE,WATCH,NEW_WATCH
2026-09-23T00:48:58.818523+00:00,HUM,SP500,2026-09-21,378.5799865722656,WATCH,1,NONE,Bull Trend,Neutral,Bear Micro BOS,,390.46,393.48,,,,,Humana,Health Care,,1.8.5-source-port,NONE,WATCH,NEW_WATCH
2026-09-23T00:48:58.818523+00:00,IBKR,SP500,2026-09-21,93.20999908447266,WATCH,1,NONE,Bullish Zhongshu,Neutral,Bull Micro BOS,,89.5,90.92,,,,,Interactive Brokers,Financials,,1.8.5-source-port,NONE,WATCH,NEW_WATCH
2026-09-23T00:48:58.818523+00:00,IBM,SP500,2026-09-21,231.92999267578125,WATCH,1,NONE,Bull Trend,Neutral,Waiting,,229.1,238.72,,,,,IBM,Information Technology,,1.8.5-source-port,NONE,WATCH,NEW_WATCH
2026-09-23T00:48:58.818523+00:00,ICE,SP500,2026-09-21,155.3699951171875,WATCH,1,NONE,Bull Trend,Neutral,Waiting,,156.95,158.55,,,,,Intercontinental Exchange,Financials,,1.8.5-source-port,NONE,WATCH,NEW_WATCH
2026-09-23T00:48:58.818523+00:00,IDXX,SP500,2026-09-21,515.2999877929688,WATCH,1,NONE,Bear Trend,Neutral,Waiting,,544.01,561.28,,,,,Idexx Laboratories,Health Care,,1.8.5-source-port,NONE,WATCH,NEW_WATCH
2026-09-23T00:48:58.818523+00:00,IFF,SP500,2026-09-21,83.5999984741211,WATCH,1,NONE,Bearish Zhongshu,Neutral,Waiting,,83.62,83.83,,,,,International Flavors & Fragrances,Materials,,1.8.5-source-port,NONE,WATCH,NEW_WATCH
2026-09-23T00:48:58.818523+00:00,INCY,SP500,2026-09-21,124.6500015258789,WATCH,1,NONE,Neutral Zhongshu,Neutral,Waiting,,121.61,127.72,,,,,Incyte,Health Care,,1.8.5-source-port,NONE,WATCH,NEW_WATCH
2026-09-23T00:48:58.818523+00:00,IP,SP500,2026-09-21,35.33000183105469,WATCH,1,NONE,Bear Trend,Neutral,Waiting,,39.58,41.65,,,,,International Paper,Materials,,1.8.5-source-port,NONE,WATCH,NEW_WATCH
2026-09-23T00:48:58.818523+00:00,IR,SP500,2026-09-21,72.30999755859375,WATCH,1,NONE,Bearish Zhongshu,Neutral,Waiting,,82.88,83.18,,,,,Ingersoll Rand,Industrials,,1.8.5-source-port,NONE,WATCH,NEW_WATCH
2026-09-23T00:48:58.818523+00:00,IRM,SP500,2026-09-21,116.88999938964844,WATCH,1,NONE,Bear Trend,Neutral,Bull Micro BOS,,121.56,128.26,,,,,Iron Mountain,Real Estate,,1.8.5-source-port,NONE,WATCH,NEW_WATCH
2026-09-23T00:48:58.818523+00:00,ISRG,SP500,2026-09-21,401.6499938964844,WATCH,1,NONE,Neutral Zhongshu,Neutral,Bull Micro BOS,,397.52,404.98,,,,,Intuitive Surgical,Health Care,,1.8.5-source-port,NONE,WATCH,NEW_WATCH
2026-09-23T00:48:58.818523+00:00,ITW,SP500,2026-09-21,267.5199890136719,WATCH,1,NONE,Bear Trend,Neutral,Waiting,,284.36,297.76,,,,,Illinois Tool Works,Industrials,,1.8.5-source-port,NONE,WATCH,NEW_WATCH
2026-09-23T00:48:58.818523+00:00,IVZ,SP500,2026-09-21,31.3799991607666,WATCH,1,NONE,Bearish Zhongshu,Neutral,Waiting,,31.63,32.33,,,,,Invesco,Financials,,1.8.5-source-port,NONE,WATCH,NEW_WATCH
2026-09-23T00:48:58.818523+00:00,JBHT,SP500,2026-09-21,236.1699981689453,WATCH,1,NONE,Bear Trend,Neutral,Waiting,,265.99,266.11,,,,,J.B. Hunt,Industrials,,1.8.5-source-port,NONE,WATCH,NEW_WATCH
2026-09-23T00:48:58.818523+00:00,JNJ,SP500,2026-09-21,269.4700012207031,WATCH,1,NONE,Bull Trend,Neutral,Waiting,,260.68,262.85,,,,,Johnson & Johnson,Health Care,,1.8.5-source-port,NONE,WATCH,NEW_WATCH
2026-09-23T00:48:58.818523+00:00,JPM,SP500,2026-09-21,352.0400085449219,WATCH,1,NONE,Neutral Zhongshu,Neutral,Waiting,,350.37,351.24,,,,,JPMorgan Chase,Financials,,1.8.5-source-port,NONE,WATCH,NEW_WATCH
2026-09-23T00:48:58.818523+00:00,KDP,SP500,2026-09-21,30.6200008392334,WATCH,1,NONE,Bearish Zhongshu,Neutral,Bear Micro BOS,,31.6,31.66,,,,,Keurig Dr Pepper,Consumer Staples,,1.8.5-source-port,NONE,WATCH,NEW_WATCH
2026-09-23T00:48:58.818523+00:00,KEYS,SP500,2026-09-21,342.0299987792969,WATCH,1,NONE,Bullish Zhongshu,Neutral,Bull Micro BOS,,327.04,331.99,,,,,Keysight Technologies,Information Technology,,1.8.5-source-port,NONE,WATCH,NEW_WATCH
2026-09-23T00:48:58.818523+00:00,KHC,SP500,2026-09-21,24.3700008392334,WATCH,1,NONE,Bearish Zhongshu,Neutral,Waiting,,24.71,25.75,,,,,Kraft Heinz,Consumer Staples,,1.8.5-source-port,NONE,WATCH,NEW_WATCH
2026-09-23T00:48:58.818523+00:00,KKR,SP500,2026-09-21,100.83000183105469,WATCH,1,NONE,Bull Trend,Neutral,Waiting,,99.78,103.97,,,,,KKR & Co.,Financials,,1.8.5-source-port,NONE,WATCH,NEW_WATCH
2026-09-23T00:48:58.818523+00:00,KLAC,SP500,2026-09-21,183.97000122070312,WATCH,1,NONE,Bear Trend,Neutral,Waiting,,169.62,182.41,,,,,KLA Corporation,Information Technology,,1.8.5-source-port,NONE,WATCH,NEW_WATCH
2026-09-23T00:48:58.818523+00:00,KMB,SP500,2026-09-21,97.73999786376953,WATCH,1,NONE,Bear Trend,Neutral,Waiting,,108.07,109.6,,,,,Kimberly-Clark,Consumer Staples,,1.8.5-source-port,NONE,WATCH,NEW_WATCH
2026-09-23T00:48:58.818523+00:00,KMI,SP500,2026-09-21,31.719999313354492,WATCH,1,NONE,Bear Trend,Neutral,Waiting,,31.48,31.63,,,,,Kinder Morgan,Energy,,1.8.5-source-port,NONE,WATCH,NEW_WATCH
2026-09-23T00:48:58.818523+00:00,KR,SP500,2026-09-21,59.689998626708984,WATCH,1,NONE,Bull Trend,Neutral,Waiting,,56.71,57.69,,,,,Kroger,Consumer Staples,,1.8.5-source-port,NONE,WATCH,NEW_WATCH
2026-09-23T00:48:58.818523+00:00,KVUE,SP500,2026-09-21,17.670000076293945,WATCH,1,NONE,Bear Trend,Neutral,Waiting,,18.87,19.02,,,,,Kenvue,Consumer Staples,,1.8.5-source-port,NONE,WATCH,NEW_WATCH
2026-09-23T00:48:58.818523+00:00,L,SP500,2026-09-21,106.75,WATCH,1,NONE,Bear Trend,Neutral,Bear Micro BOS,,113.94,119.03,,,,,Loews Corporation,Financials,,1.8.5-source-port,NONE,WATCH,NEW_WATCH
2026-09-23T00:48:58.818523+00:00,LH,SP500,2026-09-21,320.989990234375,WATCH,1,NONE,Bullish Zhongshu,Neutral,Waiting,,305.45,326.79,,,,,Labcorp,Health Care,,1.8.5-source-port,NONE,WATCH,NEW_WATCH
2026-09-23T00:48:58.818523+00:00,LII,SP500,2026-09-21,363.6400146484375,WATCH,1,NONE,Bear Trend,Neutral,Waiting,,411.41,456.5,,,,,Lennox International,Industrials,,1.8.5-source-port,NONE,WATCH,NEW_WATCH
2026-09-23T00:48:58.818523+00:00,LITE,SP500,2026-09-21,954.489990234375,WATCH,1,NONE,Bull Trend,Neutral,Waiting,,832.11,839.88,,,,,Lumentum,Information Technology,,1.8.5-source-port,NONE,WATCH,NEW_WATCH
2026-09-23T00:48:58.818523+00:00,LNT,SP500,2026-09-21,64.97000122070312,WATCH,1,NONE,Bear Trend,Neutral,Bear Micro BOS,,67.68,71.46,,,,,Alliant Energy,Utilities,,1.8.5-source-port,NONE,WATCH,NEW_WATCH
2026-09-23T00:48:58.818523+00:00,LOW,SP500,2026-09-21,190.97999572753906,WATCH,1,NONE,Bearish Zhongshu,Neutral,Bear Micro BOS,,215.27,218.99,,,,,Lowe's,Consumer Discretionary,,1.8.5-source-port,NONE,WATCH,NEW_WATCH
2026-09-23T00:48:58.818523+00:00,LRCX,SP500,2026-09-21,302.2799987792969,WATCH,1,NONE,Bearish Zhongshu,Neutral,Waiting,,313.1,323.64,,,,,Lam Research,Information Technology,,1.8.5-source-port,NONE,WATCH,NEW_WATCH
2026-09-23T00:48:58.818523+00:00,LULU,SP500,2026-09-21,101.30000305175781,WATCH,1,NONE,Bear Trend,Neutral,Waiting,,116.63,117.8,,,,,Lululemon Athletica,Consumer Discretionary,,1.8.5-source-port,NONE,WATCH,NEW_WATCH
2026-09-23T00:48:58.818523+00:00,LUV,SP500,2026-09-21,41.77000045776367,WATCH,1,NONE,Bear Trend,Neutral,Bull Micro BOS,,47.17,49.0,,,,,Southwest Airlines,Industrials,,1.8.5-source-port,ENTRY,WATCH,ENTRY_TO_WATCH
2026-09-23T00:48:58.818523+00:00,LVS,SP500,2026-09-21,40.2599983215332,WATCH,1,NONE,Bear Trend,Neutral,Waiting,,45.06,46.48,,,,,Las Vegas Sands,Consumer Discretionary,,1.8.5-source-port,NONE,WATCH,NEW_WATCH
2026-09-23T00:48:58.818523+00:00,LYV,SP500,2026-09-21,169.17999267578125,WATCH,1,NONE,Bearish Zhongshu,Neutral,Waiting,,181.17,187.2,,,,,Live Nation Entertainment,Communication Services,,1.8.5-source-port,NONE,WATCH,NEW_WATCH
2026-09-23T00:48:58.818523+00:00,MAA,SP500,2026-09-21,118.86000061035156,WATCH,1,NONE,Bear Trend,Neutral,Bear Micro BOS,,131.59,134.04,,,,,Mid-America Apartment Communities,Real Estate,,1.8.5-source-port,NONE,WATCH,NEW_WATCH
2026-09-23T00:48:58.818523+00:00,MAR,SP500,2026-09-21,342.6600036621094,WATCH,1,NONE,Bear Trend,Neutral,Bull Micro BOS,,340.12,342.31,,,,,Marriott International,Consumer Discretionary,,1.8.5-source-port,READY,WATCH,READY_TO_WATCH
2026-09-23T00:48:58.818523+00:00,MAS,SP500,2026-09-21,67.73999786376953,WATCH,1,NONE,Bear Trend,Neutral,Waiting,,72.26,74.54,,,,,Masco,Industrials,,1.8.5-source-port,READY,WATCH,READY_TO_WATCH
2026-09-23T00:48:58.818523+00:00,MCD,SP500,2026-09-21,247.8800048828125,WATCH,1,NONE,Bear Trend,Neutral,Bear Micro BOS,,266.09,276.33,,,,,McDonald's,Consumer Discretionary,,1.8.5-source-port,NONE,WATCH,NEW_WATCH
2026-09-23T00:48:58.818523+00:00,MCHP,SP500,2026-09-21,74.77999877929688,WATCH,1,NONE,Bear Trend,Neutral,Waiting,,72.77,75.58,,,,,Microchip Technology,Information Technology,,1.8.5-source-port,NONE,WATCH,NEW_WATCH
2026-09-23T00:48:58.818523+00:00,MCK,SP500,2026-09-21,886.469970703125,WATCH,1,NONE,Bull Trend,Neutral,Waiting,,874.31,899.26,,,,,McKesson Corporation,Health Care,,1.8.5-source-port,NONE,WATCH,NEW_WATCH
2026-09-23T00:48:58.818523+00:00,MDT,SP500,2026-09-21,91.75,WATCH,1,NONE,Bull Trend,Neutral,Waiting,,90.26,94.72,,,,,Medtronic,Health Care,,1.8.5-source-port,NONE,WATCH,NEW_WATCH
2026-09-23T00:48:58.818523+00:00,MET,SP500,2026-09-21,96.63999938964844,WATCH,1,NONE,Bearish Zhongshu,Neutral,Waiting,,95.39,99.25,,,,,MetLife,Financials,,1.8.5-source-port,NONE,WATCH,NEW_WATCH
2026-09-23T00:48:58.818523+00:00,META,SP500,2026-09-21,741.25,WATCH,1,NONE,Bull Trend,Neutral,Bull Micro BOS,,592.05,593.34,,,,,Meta Platforms,Communication Services,,1.8.5-source-port,NONE,WATCH,NEW_WATCH
2026-09-23T00:48:58.818523+00:00,MLM,SP500,2026-09-21,499.6700134277344,WATCH,1,NONE,Bear Trend,Neutral,Waiting,,502.56,519.93,,,,,Martin Marietta Materials,Materials,,1.8.5-source-port,NONE,WATCH,NEW_WATCH
2026-09-23T00:48:58.818523+00:00,MMM,SP500,2026-09-21,164.97000122070312,WATCH,1,NONE,Bear Trend,Neutral,Waiting,,178.39,183.89,,,,,3M,Industrials,,1.8.5-source-port,NONE,WATCH,NEW_WATCH
2026-09-23T00:48:58.818523+00:00,MNST,SP500,2026-09-21,44.0,WATCH,1,NONE,Bear Trend,Neutral,Waiting,,85.2,88.77,,,,,Monster Beverage,Consumer Staples,,1.8.5-source-port,NONE,WATCH,NEW_WATCH
2026-09-23T00:48:58.818523+00:00,MPWR,SP500,2026-09-21,1277.6800537109375,WATCH,1,NONE,Bearish Zhongshu,Neutral,Bull Micro BOS,,1402.86,1406.04,,,,,Monolithic Power Systems,Information Technology,,1.8.5-source-port,NONE,WATCH,NEW_WATCH
2026-09-23T00:48:58.818523+00:00,MRK,SP500,2026-09-21,149.5,WATCH,1,NONE,Bull Trend,Neutral,Waiting,,126.22,130.29,,,,,Merck & Co.,Health Care,,1.8.5-source-port,NONE,WATCH,NEW_WATCH
2026-09-23T00:48:58.818523+00:00,MS,SP500,2026-09-21,206.1199951171875,WATCH,1,NONE,Bear Trend,Neutral,Waiting,,213.52,217.96,,,,,Morgan Stanley,Financials,,1.8.5-source-port,NONE,WATCH,NEW_WATCH
2026-09-23T00:48:58.818523+00:00,MSCI,SP500,2026-09-21,558.969970703125,WATCH,1,NONE,Bear Trend,Accumulation,Waiting,,550.52,574.98,,,,,MSCI,Financials,,1.8.5-source-port,NONE,WATCH,NEW_WATCH
2026-09-23T00:48:58.818523+00:00,MSFT,SP500,2026-09-21,501.6099853515625,WATCH,1,NONE,Bullish Zhongshu,Neutral,Waiting,,486.0,501.47,,,,,Microsoft,Information Technology,,1.8.5-source-port,NONE,WATCH,NEW_WATCH
2026-09-23T00:48:58.818523+00:00,MSI,SP500,2026-09-21,461.3599853515625,WATCH,1,NONE,Bearish Zhongshu,Neutral,Waiting,,457.37,477.6,,,,,Motorola Solutions,Information Technology,,1.8.5-source-port,NONE,WATCH,NEW_WATCH
2026-09-23T00:48:58.818523+00:00,MTD,SP500,2026-09-21,1430.43994140625,WATCH,1,NONE,Bear Trend,Neutral,Bull Micro BOS,,1377.1,1423.42,,,,,Mettler Toledo,Health Care,,1.8.5-source-port,NONE,WATCH,NEW_WATCH
2026-09-23T00:48:58.818523+00:00,MU,SP500,2026-09-21,1043.9599609375,WATCH,1,NONE,Bull Trend,Neutral,Waiting,,917.64,928.98,,,,,Micron Technology,Information Technology,,1.8.5-source-port,NONE,WATCH,NEW_WATCH
2026-09-23T00:48:58.818523+00:00,NDSN,SP500,2026-09-21,314.3500061035156,WATCH,1,NONE,Bull Trend,Neutral,Waiting,,310.63,315.68,,,,,Nordson Corporation,Industrials,,1.8.5-source-port,NONE,WATCH,NEW_WATCH
2026-09-23T00:48:58.818523+00:00,NEE,SP500,2026-09-21,79.62999725341797,WATCH,1,NONE,Bear Trend,Neutral,Bear Micro BOS,,82.87,84.38,,,,,NextEra Energy,Utilities,,1.8.5-source-port,NONE,WATCH,NEW_WATCH
2026-09-23T00:48:58.818523+00:00,NEM,SP500,2026-09-21,123.05000305175781,WATCH,1,NONE,Bearish Zhongshu,Neutral,Waiting,,121.3,130.48,,,,,Newmont,Materials,,1.8.5-source-port,NONE,WATCH,NEW_WATCH
2026-09-23T00:48:58.818523+00:00,NI,SP500,2026-09-21,40.52000045776367,WATCH,1,NONE,Bear Trend,Neutral,Waiting,,41.41,41.79,,,,,NiSource,Utilities,,1.8.5-source-port,NONE,WATCH,NEW_WATCH
2026-09-23T00:48:58.818523+00:00,NOC,SP500,2026-09-21,526.6599731445312,WATCH,1,NONE,Bear Trend,Neutral,Waiting,,541.09,549.77,,,,,Northrop Grumman,Industrials,,1.8.5-source-port,NONE,WATCH,NEW_WATCH
2026-09-23T00:48:58.818523+00:00,NOW,SP500,2026-09-21,137.67999267578125,WATCH,1,NONE,Bull Trend,Neutral,Waiting,,102.61,113.79,,,,,ServiceNow,Information Technology,,1.8.5-source-port,NONE,WATCH,NEW_WATCH
2026-09-23T00:48:58.818523+00:00,NRG,SP500,2026-09-21,103.27999877929688,WATCH,1,NONE,Bear Trend,Neutral,Bear Micro BOS,,112.5,121.68,,,,,NRG Energy,Utilities,,1.8.5-source-port,NONE,WATCH,NEW_WATCH
2026-09-23T00:48:58.818523+00:00,NSC,SP500,2026-09-21,309.07000732421875,WATCH,1,NONE,Bearish Zhongshu,Neutral,Bear Micro BOS,,332.53,343.63,,,,,Norfolk Southern,Industrials,,1.8.5-source-port,ENTRY,WATCH,ENTRY_TO_WATCH
2026-09-23T00:48:58.818523+00:00,NVDA,SP500,2026-09-21,227.3800048828125,WATCH,1,NONE,Bull Trend,Neutral,Waiting,,208.93,214.39,,,,,Nvidia,Information Technology,,1.8.5-source-port,NONE,WATCH,NEW_WATCH
2026-09-23T00:48:58.818523+00:00,NVR,SP500,2026-09-21,6188.9501953125,WATCH,1,NONE,Bear Trend,Neutral,Waiting,,6269.16,6323.15,,,,,"NVR, Inc.",Consumer Discretionary,,1.8.5-source-port,NONE,WATCH,NEW_WATCH
2026-09-23T00:48:58.818523+00:00,NWS,SP500,2026-09-21,32.86000061035156,WATCH,1,NONE,Bull Trend,Distribution,Waiting,,32.49,32.91,,,,,News Corp (Class B),Communication Services,,1.8.5-source-port,NONE,WATCH,NEW_WATCH
2026-09-23T00:48:58.818523+00:00,NWSA,SP500,2026-09-21,29.700000762939453,WATCH,1,NONE,Neutral Zhongshu,Neutral,Waiting,,29.07,30.64,,,,,News Corp (Class A),Communication Services,,1.8.5-source-port,NONE,WATCH,NEW_WATCH
2026-09-23T00:48:58.818523+00:00,NXPI,SP500,2026-09-21,232.41000366210938,WATCH,1,NONE,Bear Trend,Neutral,Waiting,,223.51,227.24,,,,,NXP Semiconductors,Information Technology,,1.8.5-source-port,NONE,WATCH,NEW_WATCH
2026-09-23T00:48:58.818523+00:00,ODFL,SP500,2026-09-21,175.36000061035156,WATCH,1,NONE,Bear Trend,Neutral,Waiting,,212.45,220.0,,,,,Old Dominion,Industrials,,1.8.5-source-port,NONE,WATCH,NEW_WATCH
2026-09-23T00:48:58.818523+00:00,ORCL,SP500,2026-09-21,148.55999755859375,WATCH,1,NONE,Bull Trend,Neutral,Waiting,,139.0,153.99,,,,,Oracle Corporation,Information Technology,,1.8.5-source-port,NONE,WATCH,NEW_WATCH
2026-09-23T00:48:58.818523+00:00,OTIS,SP500,2026-09-21,66.63999938964844,WATCH,1,NONE,Bear Trend,Neutral,Bear Micro BOS,,70.31,72.61,,,,,Otis Worldwide,Industrials,,1.8.5-source-port,NONE,WATCH,NEW_WATCH
2026-09-23T00:48:58.818523+00:00,PCAR,SP500,2026-09-21,114.7300033569336,WATCH,1,NONE,Bear Trend,Neutral,Bear Micro BOS,,129.44,130.97,,,,,Paccar,Industrials,,1.8.5-source-port,NONE,WATCH,NEW_WATCH
2026-09-23T00:48:58.818523+00:00,PCG,SP500,2026-09-21,12.9399995803833,WATCH,1,NONE,Bear Trend,Neutral,Bear Micro BOS,,16.95,17.2,,,,,PG&E Corporation,Utilities,,1.8.5-source-port,NONE,WATCH,NEW_WATCH
2026-09-23T00:48:58.818523+00:00,PEG,SP500,2026-09-21,69.30999755859375,WATCH,1,NONE,Bear Trend,Neutral,Bear Micro BOS,,72.74,73.99,,,,,Public Service Enterprise Group,Utilities,,1.8.5-source-port,NONE,WATCH,NEW_WATCH
2026-09-23T00:48:58.818523+00:00,PEP,SP500,2026-09-21,129.58999633789062,WATCH,1,NONE,Bearish Zhongshu,Neutral,Bear Micro BOS,,139.37,141.55,,,,,PepsiCo,Consumer Staples,,1.8.5-source-port,NONE,WATCH,NEW_WATCH
2026-09-23T00:48:58.818523+00:00,PFE,SP500,2026-09-21,27.739999771118164,WATCH,1,NONE,Bull Trend,Neutral,Waiting,,24.84,25.21,,,,,Pfizer,Health Care,,1.8.5-source-port,NONE,WATCH,NEW_WATCH
2026-09-23T00:48:58.818523+00:00,PFG,SP500,2026-09-21,116.47000122070312,WATCH,1,NONE,Bull Trend,Neutral,Waiting,,112.94,114.9,,,,,Principal Financial Group,Financials,,1.8.5-source-port,NONE,WATCH,NEW_WATCH
2026-09-23T00:48:58.818523+00:00,PG,SP500,2026-09-21,146.0800018310547,WATCH,1,NONE,Bear Trend,Neutral,Waiting,,143.79,148.23,,,,,Procter & Gamble,Consumer Staples,,1.8.5-source-port,NONE,WATCH,NEW_WATCH
2026-09-23T00:48:58.818523+00:00,PH,SP500,2026-09-21,958.1699829101562,WATCH,1,NONE,Bearish Zhongshu,Neutral,Waiting,,991.52,1003.79,,,,,Parker Hannifin,Industrials,,1.8.5-source-port,NONE,WATCH,NEW_WATCH
2026-09-23T00:48:58.818523+00:00,PHM,SP500,2026-09-21,118.97000122070312,WATCH,1,NONE,Bear Trend,Neutral,Waiting,,127.2,131.56,,,,,PulteGroup,Consumer Discretionary,,1.8.5-source-port,NONE,WATCH,NEW_WATCH
2026-09-23T00:48:58.818523+00:00,PLD,SP500,2026-09-21,135.82000732421875,WATCH,1,NONE,Bear Trend,Neutral,Waiting,,137.22,142.04,,,,,Prologis,Real Estate,,1.8.5-source-port,NONE,WATCH,NEW_WATCH
2026-09-23T00:48:58.818523+00:00,PM,SP500,2026-09-21,187.47999572753906,WATCH,1,NONE,Bear Trend,Neutral,Waiting,,184.75,189.7,,,,,Philip Morris International,Consumer Staples,,1.8.5-source-port,NONE,WATCH,NEW_WATCH
2026-09-23T00:48:58.818523+00:00,PNC,SP500,2026-09-21,233.25,WATCH,1,NONE,Bear Trend,Neutral,Waiting,,246.61,246.96,,,,,PNC Financial Services,Financials,,1.8.5-source-port,NONE,WATCH,NEW_WATCH
2026-09-23T00:48:58.818523+00:00,PNR,SP500,2026-09-21,55.779998779296875,WATCH,1,NONE,Bear Trend,Neutral,Bear Micro BOS,,65.1,70.97,,,,,Pentair,Industrials,,1.8.5-source-port,NONE,WATCH,NEW_WATCH
2026-09-23T00:48:58.818523+00:00,PPG,SP500,2026-09-21,104.93000030517578,WATCH,1,NONE,Bear Trend,Neutral,Bear Micro BOS,,112.31,115.98,,,,,PPG Industries,Materials,,1.8.5-source-port,READY,WATCH,READY_TO_WATCH
2026-09-23T00:48:58.818523+00:00,PSA,SP500,2026-09-21,296.6700134277344,WATCH,1,NONE,Bear Trend,Neutral,Waiting,,320.53,327.48,,,,,Public Storage,Real Estate,,1.8.5-source-port,NONE,WATCH,NEW_WATCH
2026-09-23T00:48:58.818523+00:00,Q,SP500,2026-09-21,121.81999969482422,WATCH,1,NONE,Bear Trend,Neutral,Waiting,,135.2,144.92,,,,,Qnity Electronics,Information Technology,,1.8.5-source-port,NONE,WATCH,NEW_WATCH
2026-09-23T00:48:58.818523+00:00,RCL,SP500,2026-09-21,250.25,WATCH,1,NONE,Bearish Zhongshu,Neutral,Waiting,,297.14,299.75,,,,,Royal Caribbean Group,Consumer Discretionary,,1.8.5-source-port,NONE,WATCH,NEW_WATCH
2026-09-23T00:48:58.818523+00:00,RDDT,SP500,2026-09-21,158.72999572753906,WATCH,1,NONE,Bearish Zhongshu,Neutral,Waiting,,158.36,163.9,,,,,Reddit,Communication Services,,1.8.5-source-port,NONE,WATCH,NEW_WATCH
2026-09-23T00:48:58.818523+00:00,REGN,SP500,2026-09-21,798.1699829101562,WATCH,1,NONE,Bull Trend,Neutral,Waiting,,667.07,677.13,,,,,Regeneron Pharmaceuticals,Health Care,,1.8.5-source-port,NONE,WATCH,NEW_WATCH
2026-09-23T00:48:58.818523+00:00,ROK,SP500,2026-09-21,424.8900146484375,WATCH,1,NONE,Bear Trend,Neutral,Waiting,,454.6,454.69,,,,,Rockwell Automation,Industrials,,1.8.5-source-port,NONE,WATCH,NEW_WATCH
2026-09-23T00:48:58.818523+00:00,ROP,SP500,2026-09-21,365.3999938964844,WATCH,1,NONE,Bearish Zhongshu,Neutral,Bear Micro BOS,,394.02,405.77,,,,,Roper Technologies,Information Technology,,1.8.5-source-port,NONE,WATCH,NEW_WATCH
2026-09-23T00:48:58.818523+00:00,ROST,SP500,2026-09-21,231.25,WATCH,1,NONE,Bear Trend,Neutral,Waiting,,242.14,242.5,,,,,Ross Stores,Consumer Discretionary,,1.8.5-source-port,NONE,WATCH,NEW_WATCH
2026-09-23T00:48:58.818523+00:00,RSG,SP500,2026-09-21,213.92999267578125,WATCH,1,NONE,Bull Trend,Neutral,Bear Micro BOS,,220.66,222.66,,,,,Republic Services,Industrials,,1.8.5-source-port,ENTRY,WATCH,ENTRY_TO_WATCH
2026-09-23T00:48:58.818523+00:00,RTX,SP500,2026-09-21,194.33999633789062,WATCH,1,NONE,Bull Trend,Neutral,Waiting,,193.05,193.53,,,,,RTX Corporation,Industrials,,1.8.5-source-port,NONE,WATCH,NEW_WATCH
2026-09-23T00:48:58.818523+00:00,SBAC,SP500,2026-09-21,176.27999877929688,WATCH,1,NONE,Bearish Zhongshu,Neutral,Bear Micro BOS,,179.52,185.74,,,,,SBA Communications,Real Estate,,1.8.5-source-port,NONE,WATCH,NEW_WATCH
2026-09-23T00:48:58.818523+00:00,SCHW,SP500,2026-09-21,106.87999725341797,WATCH,1,NONE,Bull Trend,Neutral,Waiting,,87.38,88.68,,,,,Charles Schwab Corporation,Financials,,1.8.5-source-port,NONE,WATCH,NEW_WATCH
2026-09-23T00:48:58.818523+00:00,SJM,SP500,2026-09-21,119.87999725341797,WATCH,1,NONE,Bull Trend,Neutral,Waiting,,119.97,126.46,,,,,J.M. Smucker Company (The),Consumer Staples,,1.8.5-source-port,NONE,WATCH,NEW_WATCH
2026-09-23T00:48:58.818523+00:00,SLB,SP500,2026-09-21,51.7599983215332,WATCH,1,NONE,Bearish Zhongshu,Neutral,Waiting,,53.09,53.2,,,,,Schlumberger,Energy,,1.8.5-source-port,NONE,WATCH,NEW_WATCH
2026-09-23T00:48:58.818523+00:00,SNA,SP500,2026-09-21,369.75,WATCH,1,NONE,Bear Trend,Neutral,Bear Micro BOS,,396.0,400.63,,,,,Snap-on,Industrials,,1.8.5-source-port,NONE,WATCH,NEW_WATCH
2026-09-23T00:48:58.818523+00:00,SNDK,SP500,2026-09-21,1766.6400146484375,WATCH,1,NONE,Bullish Zhongshu,Neutral,Waiting,,1505.0,1609.6,,,,,Sandisk,Information Technology,,1.8.5-source-port,NONE,WATCH,NEW_WATCH
2026-09-23T00:48:58.818523+00:00,SNPS,SP500,2026-09-21,401.8500061035156,WATCH,1,NONE,Bear Trend,Neutral,Waiting,,388.11,419.84,,,,,Synopsys,Information Technology,,1.8.5-source-port,READY,WATCH,READY_TO_WATCH
2026-09-23T00:48:58.818523+00:00,SO,SP500,2026-09-21,85.45999908447266,WATCH,1,NONE,Bear Trend,Neutral,Bear Micro BOS,,92.45,93.48,,,,,Southern Company,Utilities,,1.8.5-source-port,NONE,WATCH,NEW_WATCH
2026-09-23T00:48:58.818523+00:00,SOLV,SP500,2026-09-21,88.83999633789062,WATCH,1,NONE,Bull Trend,Neutral,Waiting,,86.65,89.75,,,,,Solventum,Health Care,,1.8.5-source-port,NONE,WATCH,NEW_WATCH
2026-09-23T00:48:58.818523+00:00,SPGI,SP500,2026-09-21,404.4700012207031,WATCH,1,NONE,Bearish Zhongshu,Neutral,Bear Micro BOS,,407.44,420.24,,,,,S&P Global,Financials,,1.8.5-source-port,NONE,WATCH,NEW_WATCH
2026-09-23T00:48:58.818523+00:00,STX,SP500,2026-09-21,877.3300170898438,WATCH,1,NONE,Bear Trend,Neutral,Waiting,,774.0,835.4,,,,,Seagate Technology,Information Technology,,1.8.5-source-port,NONE,WATCH,NEW_WATCH
2026-09-23T00:48:58.818523+00:00,SWK,SP500,2026-09-21,88.68000030517578,WATCH,1,NONE,Bear Trend,Neutral,Waiting,,97.05,100.85,,,,,Stanley Black & Decker,Industrials,,1.8.5-source-port,NONE,WATCH,NEW_WATCH
2026-09-23T00:48:58.818523+00:00,SWKS,SP500,2026-09-21,88.73999786376953,WATCH,1,NONE,Bull Trend,Neutral,Waiting,,64.8,65.52,,,,,Skyworks Solutions,Information Technology,,1.8.5-source-port,NONE,WATCH,NEW_WATCH
2026-09-23T00:48:58.818523+00:00,SYF,SP500,2026-09-21,75.0,WATCH,1,NONE,Bearish Zhongshu,Neutral,Waiting,,79.21,79.87,,,,,Synchrony Financial,Financials,,1.8.5-source-port,NONE,WATCH,NEW_WATCH
2026-09-23T00:48:58.818523+00:00,SYK,SP500,2026-09-21,274.19000244140625,WATCH,1,NONE,Bear Trend,Neutral,Waiting,,330.16,336.15,,,,,Stryker Corporation,Health Care,,1.8.5-source-port,NONE,WATCH,NEW_WATCH
2026-09-23T00:48:58.818523+00:00,SYY,SP500,2026-09-21,78.43000030517578,WATCH,1,NONE,Bear Trend,Distribution,Waiting,,82.91,84.76,,,,,Sysco,Consumer Staples,,1.8.5-source-port,NONE,WATCH,NEW_WATCH
2026-09-23T00:48:58.818523+00:00,TAP,SP500,2026-09-21,37.560001373291016,WATCH,1,NONE,Bear Trend,Distribution,Waiting,,40.82,41.27,,,,,Molson Coors Beverage Company,Consumer Staples,,1.8.5-source-port,NONE,WATCH,NEW_WATCH
2026-09-23T00:48:58.818523+00:00,TDG,SP500,2026-09-21,1109.6500244140625,WATCH,1,NONE,Bear Trend,Neutral,Waiting,,1212.69,1225.97,,,,,TransDigm Group,Industrials,,1.8.5-source-port,NONE,WATCH,NEW_WATCH
2026-09-23T00:48:58.818523+00:00,TECH,SP500,2026-09-21,72.47000122070312,WATCH,1,NONE,Bullish Zhongshu,Neutral,Waiting,,72.08,72.48,,,,,Bio-Techne,Health Care,,1.8.5-source-port,NONE,WATCH,NEW_WATCH
2026-09-23T00:48:58.818523+00:00,TEL,SP500,2026-09-21,210.00999450683594,WATCH,1,NONE,Bullish Zhongshu,Neutral,Waiting,,200.33,203.5,,,,,TE Connectivity,Information Technology,,1.8.5-source-port,NONE,WATCH,NEW_WATCH
2026-09-23T00:48:58.818523+00:00,TER,SP500,2026-09-21,381.5400085449219,WATCH,1,NONE,Bear Trend,Neutral,Waiting,,364.26,365.0,,,,,Teradyne,Information Technology,,1.8.5-source-port,NONE,WATCH,NEW_WATCH
2026-09-23T00:48:58.818523+00:00,TFC,SP500,2026-09-21,49.0,WATCH,1,NONE,Bear Trend,Neutral,Waiting,,50.11,51.06,,,,,Truist Financial,Financials,,1.8.5-source-port,NONE,WATCH,NEW_WATCH
2026-09-23T00:48:58.818523+00:00,TJX,SP500,2026-09-21,130.9600067138672,WATCH,1,NONE,Bearish Zhongshu,Neutral,Bull Micro BOS,,154.81,155.25,,,,,TJX Companies,Consumer Discretionary,,1.8.5-source-port,NONE,WATCH,NEW_WATCH
2026-09-23T00:48:58.818523+00:00,TKO,SP500,2026-09-21,191.1199951171875,WATCH,1,NONE,Bearish Zhongshu,Neutral,Waiting,,189.4,194.51,,,,,TKO Group Holdings,Communication Services,,1.8.5-source-port,NONE,WATCH,NEW_WATCH
2026-09-23T00:48:58.818523+00:00,TROW,SP500,2026-09-21,104.62999725341797,WATCH,1,NONE,Bear Trend,Neutral,Waiting,,113.06,113.49,,,,,T. Rowe Price,Financials,,1.8.5-source-port,NONE,WATCH,NEW_WATCH
2026-09-23T00:48:58.818523+00:00,TRV,SP500,2026-09-21,371.1300048828125,WATCH,1,NONE,Bearish Zhongshu,Neutral,Waiting,,370.15,373.55,,,,,Travelers Companies (The),Financials,,1.8.5-source-port,READY,WATCH,READY_TO_WATCH
2026-09-23T00:48:58.818523+00:00,TSLA,SP500,2026-09-21,375.29998779296875,WATCH,1,NONE,Bull Trend,Accumulation,Waiting,,357.68,366.5,,,,,"Tesla, Inc.",Consumer Discretionary,,1.8.5-source-port,NONE,WATCH,NEW_WATCH
2026-09-23T00:48:58.818523+00:00,TSN,SP500,2026-09-21,52.02000045776367,WATCH,1,NONE,Bear Trend,Neutral,Waiting,,57.28,58.98,,,,,Tyson Foods,Consumer Staples,,1.8.5-source-port,NONE,WATCH,NEW_WATCH
2026-09-23T00:48:58.818523+00:00,TT,SP500,2026-09-21,433.32000732421875,WATCH,1,NONE,Bear Trend,Neutral,Waiting,,468.98,488.56,,,,,Trane Technologies,Industrials,,1.8.5-source-port,NONE,WATCH,NEW_WATCH
2026-09-23T00:48:58.818523+00:00,TTD,SP500,2026-09-21,13.880000114440918,WATCH,1,NONE,Bull Trend,Neutral,Waiting,,13.14,14.7,,,,,Trade Desk (The),Communication Services,,1.8.5-source-port,NONE,WATCH,NEW_WATCH
2026-09-23T00:48:58.818523+00:00,TTWO,SP500,2026-09-21,209.9199981689453,WATCH,1,NONE,Bear Trend,Neutral,Waiting,,236.24,241.29,,,,,Take-Two Interactive,Communication Services,,1.8.5-source-port,NONE,WATCH,NEW_WATCH
2026-09-23T00:48:58.818523+00:00,TXN,SP500,2026-09-21,270.8699951171875,WATCH,1,NONE,Bullish Zhongshu,Neutral,Waiting,,264.74,273.33,,,,,Texas Instruments,Information Technology,,1.8.5-source-port,READY,WATCH,READY_TO_WATCH
2026-09-23T00:48:58.818523+00:00,TXT,SP500,2026-09-21,79.41000366210938,WATCH,1,NONE,Bear Trend,Neutral,Waiting,,88.25,90.25,,,,,Textron,Industrials,,1.8.5-source-port,NONE,WATCH,NEW_WATCH
2026-09-23T00:48:58.818523+00:00,TYL,SP500,2026-09-21,332.4599914550781,WATCH,1,NONE,Bull Trend,Neutral,Bear Micro BOS,,333.34,348.62,,,,,Tyler Technologies,Information Technology,,1.8.5-source-port,NONE,WATCH,NEW_WATCH
2026-09-23T00:48:58.818523+00:00,UDR,SP500,2026-09-21,33.88999938964844,WATCH,1,NONE,Bear Trend,Neutral,Bear Micro BOS,,37.5,37.97,,,,,"UDR, Inc.",Real Estate,,1.8.5-source-port,NONE,WATCH,NEW_WATCH
2026-09-23T00:48:58.818523+00:00,UHS,SP500,2026-09-21,174.74000549316406,WATCH,1,NONE,Bull Trend,Neutral,Waiting,,174.38,176.03,,,,,Universal Health Services,Health Care,,1.8.5-source-port,NONE,WATCH,NEW_WATCH
2026-09-23T00:48:58.818523+00:00,UNP,SP500,2026-09-21,269.6300048828125,WATCH,1,NONE,Bearish Zhongshu,Neutral,Bear Micro BOS,,285.69,298.15,,,,,Union Pacific Corporation,Industrials,,1.8.5-source-port,NONE,WATCH,NEW_WATCH
2026-09-23T00:48:58.818523+00:00,URI,SP500,2026-09-21,1029.9200439453125,WATCH,1,NONE,Bear Trend,Neutral,Waiting,,993.15,1026.55,,,,,United Rentals,Industrials,,1.8.5-source-port,READY,WATCH,READY_TO_WATCH
2026-09-23T00:48:58.818523+00:00,USB,SP500,2026-09-21,60.439998626708984,WATCH,1,NONE,Bear Trend,Neutral,Waiting,,62.34,62.98,,,,,U.S. Bancorp,Financials,,1.8.5-source-port,NONE,WATCH,NEW_WATCH
2026-09-23T00:48:58.818523+00:00,VICI,SP500,2026-09-21,24.049999237060547,WATCH,1,NONE,Bear Trend,Neutral,Waiting,,26.56,26.82,,,,,Vici Properties,Real Estate,,1.8.5-source-port,NONE,WATCH,NEW_WATCH
2026-09-23T00:48:58.818523+00:00,VLO,SP500,2026-09-21,393.2699890136719,WATCH,1,NONE,Bull Trend,Neutral,Waiting,,293.08,315.0,,,,,Valero Energy,Energy,,1.8.5-source-port,NONE,WATCH,NEW_WATCH
2026-09-23T00:48:58.818523+00:00,VLTO,SP500,2026-09-21,95.18000030517578,WATCH,1,NONE,Bear Trend,Neutral,Waiting,,93.61,96.76,,,,,Veralto,Industrials,,1.8.5-source-port,NONE,WATCH,NEW_WATCH
2026-09-23T00:48:58.818523+00:00,VMC,SP500,2026-09-21,246.1999969482422,WATCH,1,NONE,Bear Trend,Neutral,Waiting,,271.92,281.19,,,,,Vulcan Materials Company,Materials,,1.8.5-source-port,NONE,WATCH,NEW_WATCH
2026-09-23T00:48:58.818523+00:00,VRSN,SP500,2026-09-21,308.17999267578125,WATCH,1,NONE,Bull Trend,Neutral,Bull Micro BOS,,281.16,283.97,,,,,Verisign,Information Technology,,1.8.5-source-port,NONE,WATCH,NEW_WATCH
2026-09-23T00:48:58.818523+00:00,VRT,SP500,2026-09-21,250.86000061035156,WATCH,1,NONE,Bear Trend,Neutral,Waiting,,272.93,286.36,,,,,Vertiv,Industrials,,1.8.5-source-port,NONE,WATCH,NEW_WATCH
2026-09-23T00:48:58.818523+00:00,VRTX,SP500,2026-09-21,510.7200012207031,WATCH,1,NONE,Bull Trend,Neutral,Waiting,,532.23,533.67,,,,,Vertex Pharmaceuticals,Health Care,,1.8.5-source-port,NONE,WATCH,NEW_WATCH
2026-09-23T00:48:58.818523+00:00,VST,SP500,2026-09-21,140.77999877929688,WATCH,1,NONE,Bearish Zhongshu,Neutral,Waiting,,148.5,154.65,,,,,Vistra Corp.,Utilities,,1.8.5-source-port,NONE,WATCH,NEW_WATCH
2026-09-23T00:48:58.818523+00:00,VTR,SP500,2026-09-21,87.02999877929688,WATCH,1,NONE,Bear Trend,Neutral,Waiting,,91.75,92.35,,,,,Ventas,Real Estate,,1.8.5-source-port,NONE,WATCH,NEW_WATCH
2026-09-23T00:48:58.818523+00:00,VTRS,SP500,2026-09-21,17.100000381469727,WATCH,1,NONE,Bull Trend,Neutral,Waiting,,16.15,16.29,,,,,Viatris,Health Care,,1.8.5-source-port,NONE,WATCH,NEW_WATCH
2026-09-23T00:48:58.818523+00:00,WAB,SP500,2026-09-21,283.3800048828125,WATCH,1,NONE,Bullish Zhongshu,Neutral,Waiting,,276.37,284.47,,,,,Wabtec,Industrials,,1.8.5-source-port,NONE,WATCH,NEW_WATCH
2026-09-23T00:48:58.818523+00:00,WBD,SP500,2026-09-21,30.799999237060547,WATCH,1,NONE,Bull Trend,Neutral,Bull Micro BOS,,26.0,26.53,,,,,Warner Bros. Discovery,Communication Services,,1.8.5-source-port,NONE,WATCH,NEW_WATCH
2026-09-23T00:48:58.818523+00:00,WDAY,SP500,2026-09-21,191.9199981689453,WATCH,1,NONE,Bear Trend,Neutral,Waiting,,188.05,211.83,,,,,"Workday, Inc.",Information Technology,,1.8.5-source-port,NONE,WATCH,NEW_WATCH
2026-09-23T00:48:58.818523+00:00,WDC,SP500,2026-09-21,448.1700134277344,WATCH,1,NONE,Bear Trend,Neutral,Waiting,,422.11,495.49,,,,,Western Digital,Information Technology,,1.8.5-source-port,NONE,WATCH,NEW_WATCH
2026-09-23T00:48:58.818523+00:00,WEC,SP500,2026-09-21,103.4800033569336,WATCH,1,NONE,Bear Trend,Neutral,Waiting,,109.84,111.89,,,,,WEC Energy Group,Utilities,,1.8.5-source-port,NONE,WATCH,NEW_WATCH
2026-09-23T00:48:58.818523+00:00,WFC,SP500,2026-09-21,86.54000091552734,WATCH,1,NONE,Bull Trend,Neutral,Waiting,,84.61,86.58,,,,,Wells Fargo,Financials,,1.8.5-source-port,NONE,WATCH,NEW_WATCH
2026-09-23T00:48:58.818523+00:00,WM,SP500,2026-09-21,207.0399932861328,WATCH,1,NONE,Bear Trend,Neutral,Bear Micro BOS,,223.0,228.98,,,,,Waste Management,Industrials,,1.8.5-source-port,NONE,WATCH,NEW_WATCH
2026-09-23T00:48:58.818523+00:00,WMB,SP500,2026-09-21,71.6500015258789,WATCH,1,NONE,Bearish Zhongshu,Neutral,Waiting,,73.1,75.88,,,,,Williams Companies,Energy,,1.8.5-source-port,NONE,WATCH,NEW_WATCH
2026-09-23T00:48:58.818523+00:00,WMT,SP500,2026-09-21,107.44000244140625,WATCH,1,NONE,Bear Trend,Neutral,Waiting,,106.53,109.35,,,,,Walmart,Consumer Staples,,1.8.5-source-port,NONE,WATCH,NEW_WATCH
2026-09-23T00:48:58.818523+00:00,WRB,SP500,2026-09-21,68.79000091552734,WATCH,1,NONE,Bear Trend,Neutral,Waiting,,69.31,70.57,,,,,W. R. Berkley Corporation,Financials,,1.8.5-source-port,NONE,WATCH,NEW_WATCH
2026-09-23T00:48:58.818523+00:00,WSM,SP500,2026-09-21,227.16000366210938,WATCH,1,NONE,Bear Trend,Neutral,Waiting,,218.6,229.91,,,,,"Williams-Sonoma, Inc.",Consumer Discretionary,,1.8.5-source-port,NONE,WATCH,NEW_WATCH
2026-09-23T00:48:58.818523+00:00,WY,SP500,2026-09-21,21.010000228881836,WATCH,1,NONE,Bear Trend,Neutral,Bear Micro BOS,,23.56,24.34,,,,,Weyerhaeuser,Real Estate,,1.8.5-source-port,NONE,WATCH,NEW_WATCH
2026-09-23T00:48:58.818523+00:00,XOM,SP500,2026-09-21,158.3000030517578,WATCH,1,NONE,Bull Trend,Neutral,Bear Micro BOS,,155.32,158.05,,,,,ExxonMobil,Energy,,1.8.5-source-port,NONE,WATCH,NEW_WATCH
2026-09-23T00:48:58.818523+00:00,XYL,SP500,2026-09-21,107.23999786376953,WATCH,1,NONE,Bear Trend,Neutral,Waiting,,114.38,115.24,,,,,Xylem Inc.,Industrials,,1.8.5-source-port,NONE,WATCH,NEW_WATCH
2026-09-23T00:48:58.818523+00:00,YUM,SP500,2026-09-21,139.3300018310547,WATCH,1,NONE,Bear Trend,Neutral,Waiting,,150.77,151.41,,,,,Yum! Brands,Consumer Discretionary,,1.8.5-source-port,NONE,WATCH,NEW_WATCH
2026-09-23T00:48:58.818523+00:00,ZBRA,SP500,2026-09-21,350.8399963378906,WATCH,1,NONE,Bear Trend,Neutral,Waiting,,350.36,367.18,,,,,Zebra Technologies,Information Technology,,1.8.5-source-port,NONE,WATCH,NEW_WATCH
2026-09-23T00:48:58.818523+00:00,ZTS,SP500,2026-09-21,71.33000183105469,WATCH,1,NONE,Bearish Zhongshu,Neutral,Bear Micro BOS,,76.27,76.37,,,,,Zoetis,Health Care,,1.8.5-source-port,NONE,WATCH,NEW_WATCH
2026-09-23T13:50:24.891622+00:00,000063,HS300,2026-09-23,32.28,READY,2,3S,Bear Trend,Neutral,Waiting,SHORT,32.83,33.69,,,,,中兴通讯,nan,,1.8.5-source-port,NONE,READY,NEW_READY
2026-09-23T13:50:24.891622+00:00,002532,HS300,2026-09-23,12.41,READY,2,3S,Bearish Zhongshu,Neutral,Bear Micro BOS,SHORT,12.52,13.24,,,,,天山铝业,nan,,1.8.5-source-port,WATCH,READY,WATCH_TO_READY
2026-09-23T13:50:24.891622+00:00,600104,HS300,2026-09-23,10.87,READY,2,3S,Bull Trend,Neutral,Waiting,SHORT,11.01,11.1,,,,,上汽集团,nan,,1.8.5-source-port,WATCH,READY,WATCH_TO_READY
2026-09-23T13:50:24.891622+00:00,600795,HS300,2026-09-23,5.12,READY,2,3S,Bearish Zhongshu,Neutral,Bear Micro BOS,SHORT,5.18,5.35,,,,,国电电力,nan,,1.8.5-source-port,WATCH,READY,WATCH_TO_READY
2026-09-23T13:50:24.891622+00:00,600926,HS300,2026-09-23,17.14,READY,2,3B,Bull Trend,Neutral,Waiting,LONG,16.88,16.91,,,,,杭州银行,nan,,1.8.5-source-port,WATCH,READY,WATCH_TO_READY
2026-09-23T13:50:24.891622+00:00,600989,HS300,2026-09-23,22.58,READY,2,3S,Bull Trend,Neutral,Bear Micro BOS,SHORT,22.96,23.86,,,,,宝丰能源,nan,,1.8.5-source-port,WATCH,READY,WATCH_TO_READY
2026-09-23T13:50:24.891622+00:00,601600,HS300,2026-09-23,9.12,READY,2,3S,Bear Trend,Neutral,Waiting,SHORT,9.21,9.81,,,,,中国铝业,nan,,1.8.5-source-port,NONE,READY,NEW_READY
2026-09-23T13:50:24.891622+00:00,603893,HS300,2026-09-23,223.01,READY,2,3B,Bullish Zhongshu,Neutral,Bull Micro BOS,LONG,176.75,210.94,,,,,瑞芯微,nan,,1.8.5-source-port,ENTRY,READY,ENTRY_TO_READY
2026-09-23T13:50:24.891622+00:00,605117,HS300,2026-09-23,78.01,READY,2,3S,Bearish Zhongshu,Neutral,Bear Micro BOS,SHORT,80.84,87.16,,,,,德业股份,nan,,1.8.5-source-port,WATCH,READY,WATCH_TO_READY
2026-09-23T13:50:24.891622+00:00,002353,HS300,2026-09-23,116.84,READY,2,2S,Bearish Zhongshu,Neutral,Waiting,SHORT,115.41,128.45,,,,,杰瑞股份,nan,,1.8.5-source-port,WATCH,READY,WATCH_TO_READY
2026-09-23T13:50:24.891622+00:00,601766,HS300,2026-09-23,5.92,READY,2,2S,Bull Trend,Neutral,Waiting,SHORT,5.91,5.99,,,,,中国中车,nan,,1.8.5-source-port,WATCH,READY,WATCH_TO_READY
2026-09-23T13:50:24.891622+00:00,000001,HS300,2026-09-23,11.6,WATCH,1,NONE,Bull Trend,Neutral,Waiting,,11.57,11.66,,,,,平安银行,nan,,1.8.5-source-port,READY,WATCH,READY_TO_WATCH
2026-09-23T13:50:24.891622+00:00,002074,HS300,2026-09-23,27.28,WATCH,1,NONE,Neutral Zhongshu,Neutral,Waiting,,26.71,27.84,,,,,国轩高科,nan,,1.8.5-source-port,NONE,WATCH,NEW_WATCH
2026-09-23T13:50:24.891622+00:00,002241,HS300,2026-09-23,24.45,WATCH,1,NONE,Bullish Zhongshu,Neutral,Waiting,,23.25,23.87,,,,,歌尔股份,nan,,1.8.5-source-port,NONE,WATCH,NEW_WATCH
2026-09-23T13:50:24.891622+00:00,002466,HS300,2026-09-23,42.42,WATCH,1,NONE,Bearish Zhongshu,Neutral,Waiting,,45.8,49.8,,,,,天齐锂业,nan,,1.8.5-source-port,READY,WATCH,READY_TO_WATCH
2026-09-23T13:50:24.891622+00:00,300122,HS300,2026-09-23,13.44,WATCH,1,NONE,Bull Trend,Neutral,Waiting,,13.11,13.56,,,,,智飞生物,nan,,1.8.5-source-port,NONE,WATCH,NEW_WATCH
2026-09-23T13:50:24.891622+00:00,600061,HS300,2026-09-23,6.3,WATCH,1,NONE,Bearish Zhongshu,Neutral,Waiting,,6.42,6.45,,,,,国投资本,nan,,1.8.5-source-port,NONE,WATCH,NEW_WATCH
2026-09-23T13:50:24.891622+00:00,600150,HS300,2026-09-23,38.59,WATCH,1,NONE,Bull Trend,Neutral,Waiting,,33.51,34.96,,,,,中国船舶,nan,,1.8.5-source-port,READY,WATCH,READY_TO_WATCH
2026-09-23T13:50:24.891622+00:00,600760,HS300,2026-09-23,44.08,WATCH,1,NONE,Bull Trend,Neutral,Waiting,,43.74,44.44,,,,,中航沈飞,nan,,1.8.5-source-port,READY,WATCH,READY_TO_WATCH
2026-09-23T13:50:24.891622+00:00,601138,HS300,2026-09-23,62.98,WATCH,1,NONE,Bullish Zhongshu,Neutral,Waiting,,60.4,60.84,,,,,工业富联,nan,,1.8.5-source-port,NONE,WATCH,NEW_WATCH
2026-09-23T13:50:24.891622+00:00,603019,HS300,2026-09-23,83.5,WATCH,1,NONE,Neutral Zhongshu,Neutral,Waiting,,81.07,86.3,,,,,中科曙光,nan,,1.8.5-source-port,NONE,WATCH,NEW_WATCH
2026-09-23T13:50:24.891622+00:00,603392,HS300,2026-09-23,26.93,WATCH,1,NONE,Bearish Zhongshu,Neutral,Waiting,,28.18,30.33,,,,,万泰生物,nan,,1.8.5-source-port,READY,WATCH,READY_TO_WATCH
2026-09-23T13:50:24.891622+00:00,603501,HS300,2026-09-23,82.77,WATCH,1,NONE,Bullish Zhongshu,Neutral,Waiting,,80.1,83.38,,,,,豪威集团,nan,,1.8.5-source-port,NONE,WATCH,NEW_WATCH
2026-09-23T13:50:24.891622+00:00,688008,HS300,2026-09-23,223.37,WATCH,1,NONE,Bullish Zhongshu,Neutral,Waiting,,189.78,226.45,,,,,澜起科技,nan,,1.8.5-source-port,NONE,WATCH,NEW_WATCH
2026-09-23T13:50:24.891622+00:00,688041,HS300,2026-09-23,251.66,WATCH,1,NONE,Bullish Zhongshu,Neutral,Waiting,,225.75,256.6,,,,,海光信息,nan,,1.8.5-source-port,NONE,WATCH,NEW_WATCH
2026-09-23T13:50:24.891622+00:00,688126,HS300,2026-09-23,24.88,WATCH,1,NONE,Bullish Zhongshu,Neutral,Waiting,,23.02,24.82,,,,,沪硅产业,nan,,1.8.5-source-port,NONE,WATCH,NEW_WATCH
2026-09-23T13:50:24.891622+00:00,000977,HS300,2026-09-23,71.27,NONE,0,NONE,Bear Trend,Neutral,Waiting,,71.42,73.46,,,,,浪潮信息,nan,,1.8.5-source-port,WATCH,NONE,DROPPED
2026-09-23T13:50:24.891622+00:00,600111,HS300,2026-09-23,37.42,NONE,0,NONE,Bear Trend,Neutral,Waiting,,39.11,40.96,,,,,北方稀土,nan,,1.8.5-source-port,READY,NONE,DROPPED
2026-09-23T13:50:24.891622+00:00,601689,HS300,2026-09-23,45.89,NONE,0,NONE,Bear Trend,Neutral,Waiting,,45.48,47.57,,,,,拓普集团,nan,,1.8.5-source-port,READY,NONE,DROPPED
2026-09-24T00:40:34.571496+00:00,ADBE,SP500,2026-09-22,238.25,ENTRY,3,2S,Bearish Zhongshu,Neutral,Bear Micro BOS,SHORT,254.25,266.28,238.25,269.07,176.61,145.79,Adobe Inc.,Information Technology,,1.8.5-source-port,READY,ENTRY,READY_TO_ENTRY
2026-09-24T00:40:34.571496+00:00,JPM,SP500,2026-09-22,340.0,ENTRY,3,BRK_SHORT,Bearish Zhongshu,Neutral,Bear Micro BOS,SHORT,350.37,351.24,340.0,354.09,311.83,297.74,JPMorgan Chase,Financials,,1.8.5-source-port,WATCH,ENTRY,WATCH_TO_ENTRY
2026-09-24T00:40:34.571496+00:00,WMT,SP500,2026-09-22,110.12000274658203,ENTRY,3,BRK,Bullish Zhongshu,Neutral,Bull Micro BOS,LONG,106.53,109.35,110.12,107.09,116.18,119.2,Walmart,Consumer Staples,,1.8.5-source-port,WATCH,ENTRY,WATCH_TO_ENTRY
2026-09-24T00:40:34.571496+00:00,AMAT,SP500,2026-09-22,472.4599914550781,READY,2,3B,Bear Trend,Neutral,Waiting,LONG,435.86,464.57,,,,,Applied Materials,Information Technology,,1.8.5-source-port,WATCH,READY,WATCH_TO_READY
2026-09-24T00:40:34.571496+00:00,PSKY,SP500,2026-09-22,10.109999656677246,READY,2,3S,Bull Trend,Distrib Watch,Bear Micro BOS,SHORT,10.12,11.21,,,,,Paramount Skydance Corporation,Communication Services,,1.8.5-source-port,ENTRY,READY,ENTRY_TO_READY
2026-09-24T00:40:34.571496+00:00,APA,SP500,2026-09-21,43.810001373291016,WATCH,1,NONE,Bull Trend,Neutral,Bear Micro BOS,,40.46,45.05,,,,,APA Corporation,Energy,,1.8.5-source-port,NONE,WATCH,NEW_WATCH
2026-09-24T00:40:34.571496+00:00,AVGO,SP500,2026-09-22,364.5400085449219,WATCH,1,NONE,Bear Trend,Neutral,Waiting,,357.8,366.11,,,,,Broadcom,Information Technology,,1.8.5-source-port,NONE,WATCH,NEW_WATCH
2026-09-24T00:40:34.571496+00:00,BF-B,SP500,2026-09-21,26.149999618530273,WATCH,1,NONE,Bear Trend,Neutral,Waiting,,27.12,28.54,,,,,Brown–Forman,Consumer Staples,,1.8.5-source-port,NONE,WATCH,NEW_WATCH
2026-09-24T00:40:34.571496+00:00,BRK-B,SP500,2026-09-21,502.010009765625,WATCH,1,NONE,Neutral Zhongshu,Neutral,Waiting,,498.07,506.58,,,,,Berkshire Hathaway,Financials,,1.8.5-source-port,NONE,WATCH,NEW_WATCH
2026-09-24T00:40:34.571496+00:00,CI,SP500,2026-09-21,274.4700012207031,WATCH,1,NONE,Bearish Zhongshu,Neutral,Waiting,,280.56,283.0,,,,,Cigna,Health Care,,1.8.5-source-port,NONE,WATCH,NEW_WATCH
2026-09-24T00:40:34.571496+00:00,CLX,SP500,2026-09-21,84.87999725341797,WATCH,1,NONE,Bearish Zhongshu,Neutral,Waiting,,93.35,96.51,,,,,Clorox,Consumer Staples,,1.8.5-source-port,NONE,WATCH,NEW_WATCH
2026-09-24T00:40:34.571496+00:00,CPT,SP500,2026-09-21,98.81999969482422,WATCH,1,NONE,Bear Trend,Neutral,Bear Micro BOS,,107.23,109.39,,,,,Camden Property Trust,Real Estate,,1.8.5-source-port,NONE,WATCH,NEW_WATCH
2026-09-24T00:40:34.571496+00:00,CRM,SP500,2026-09-21,236.4199981689453,WATCH,1,NONE,Bull Trend,Neutral,Bear Micro BOS,,163.91,172.38,,,,,Salesforce,Information Technology,,1.8.5-source-port,NONE,WATCH,NEW_WATCH
2026-09-24T00:40:34.571496+00:00,CSX,SP500,2026-09-21,45.9900016784668,WATCH,1,NONE,Bear Trend,Neutral,Bear Micro BOS,,49.42,49.65,,,,,CSX Corporation,Industrials,,1.8.5-source-port,NONE,WATCH,NEW_WATCH
2026-09-24T00:40:34.571496+00:00,CVX,SP500,2026-09-21,203.6699981689453,WATCH,1,NONE,Bull Trend,Neutral,Bear Micro BOS,,197.82,208.98,,,,,Chevron Corporation,Energy,,1.8.5-source-port,NONE,WATCH,NEW_WATCH
2026-09-24T00:40:34.571496+00:00,DD,SP500,2026-09-21,129.7899932861328,WATCH,1,NONE,Bearish Zhongshu,Neutral,Waiting,,138.75,141.99,,,,,DuPont,Industrials,,1.8.5-source-port,NONE,WATCH,NEW_WATCH
2026-09-24T00:40:34.571496+00:00,GIS,SP500,2026-09-22,35.45000076293945,WATCH,1,NONE,Bull Trend,Neutral,Bear Micro BOS,,36.52,37.13,,,,,General Mills,Consumer Staples,,1.8.5-source-port,ENTRY,WATCH,ENTRY_TO_WATCH
2026-09-24T00:40:34.571496+00:00,GS,SP500,2026-09-21,959.3900146484375,WATCH,1,NONE,Bear Trend,Neutral,Waiting,,1027.19,1043.84,,,,,Goldman Sachs,Financials,,1.8.5-source-port,NONE,WATCH,NEW_WATCH
2026-09-24T00:40:34.571496+00:00,HSY,SP500,2026-09-21,167.89999389648438,WATCH,1,NONE,Bearish Zhongshu,Re-Distribution,Bear Micro BOS,,177.41,183.03,,,,,Hershey Company (The),Consumer Staples,,1.8.5-source-port,NONE,WATCH,NEW_WATCH
2026-09-24T00:40:34.571496+00:00,LUV,SP500,2026-09-21,41.77000045776367,WATCH,1,NONE,Bear Trend,Neutral,Bull Micro BOS,,47.17,49.0,,,,,Southwest Airlines,Industrials,,1.8.5-source-port,NONE,WATCH,NEW_WATCH
2026-09-24T00:40:34.571496+00:00,MAR,SP500,2026-09-21,342.6600036621094,WATCH,1,NONE,Bear Trend,Neutral,Bull Micro BOS,,340.12,342.31,,,,,Marriott International,Consumer Discretionary,,1.8.5-source-port,NONE,WATCH,NEW_WATCH
2026-09-24T00:40:34.571496+00:00,MAS,SP500,2026-09-21,67.73999786376953,WATCH,1,NONE,Bear Trend,Neutral,Waiting,,72.26,74.54,,,,,Masco,Industrials,,1.8.5-source-port,NONE,WATCH,NEW_WATCH
2026-09-24T00:40:34.571496+00:00,NCLH,SP500,2026-09-22,14.220000267028809,WATCH,1,NONE,Bear Trend,Neutral,Waiting,,16.42,17.67,,,,,Norwegian Cruise Line Holdings,Consumer Discretionary,,1.8.5-source-port,READY,WATCH,READY_TO_WATCH
2026-09-24T00:40:34.571496+00:00,NSC,SP500,2026-09-21,309.07000732421875,WATCH,1,NONE,Bearish Zhongshu,Neutral,Bear Micro BOS,,332.53,343.63,,,,,Norfolk Southern,Industrials,,1.8.5-source-port,NONE,WATCH,NEW_WATCH
2026-09-24T00:40:34.571496+00:00,O,SP500,2026-09-21,56.650001525878906,WATCH,1,NONE,Bear Trend,Neutral,Bear Micro BOS,,62.82,63.28,,,,,Realty Income,Real Estate,,1.8.5-source-port,NONE,WATCH,NEW_WATCH
2026-09-24T00:40:34.571496+00:00,PKG,SP500,2026-09-21,238.30999755859375,WATCH,1,NONE,Bear Trend,Neutral,Bull Micro BOS,,248.66,258.81,,,,,Packaging Corporation of America,Materials,,1.8.5-source-port,NONE,WATCH,NEW_WATCH
2026-09-24T00:40:34.571496+00:00,PPG,SP500,2026-09-21,104.93000030517578,WATCH,1,NONE,Bear Trend,Neutral,Bear Micro BOS,,112.31,115.98,,,,,PPG Industries,Materials,,1.8.5-source-port,NONE,WATCH,NEW_WATCH
2026-09-24T00:40:34.571496+00:00,RL,SP500,2026-09-21,339.82000732421875,WATCH,1,NONE,Bear Trend,Neutral,Waiting,,379.61,386.32,,,,,Ralph Lauren Corporation,Consumer Discretionary,,1.8.5-source-port,NONE,WATCH,NEW_WATCH
2026-09-24T00:40:34.571496+00:00,RSG,SP500,2026-09-21,213.92999267578125,WATCH,1,NONE,Bull Trend,Neutral,Bear Micro BOS,,220.66,222.66,,,,,Republic Services,Industrials,,1.8.5-source-port,NONE,WATCH,NEW_WATCH
2026-09-24T00:40:34.571496+00:00,SNPS,SP500,2026-09-21,401.8500061035156,WATCH,1,NONE,Bear Trend,Neutral,Waiting,,388.11,419.84,,,,,Synopsys,Information Technology,,1.8.5-source-port,NONE,WATCH,NEW_WATCH
2026-09-24T00:40:34.571496+00:00,T,SP500,2026-09-22,25.100000381469727,WATCH,1,NONE,Bull Trend,Neutral,Waiting,,24.8,25.32,,,,,AT&T,Communication Services,,1.8.5-source-port,READY,WATCH,READY_TO_WATCH
2026-09-24T00:40:34.571496+00:00,TRV,SP500,2026-09-21,371.1300048828125,WATCH,1,NONE,Bearish Zhongshu,Neutral,Waiting,,370.15,373.55,,,,,Travelers Companies (The),Financials,,1.8.5-source-port,NONE,WATCH,NEW_WATCH
2026-09-24T00:40:34.571496+00:00,TXN,SP500,2026-09-21,270.8699951171875,WATCH,1,NONE,Bullish Zhongshu,Neutral,Waiting,,264.74,273.33,,,,,Texas Instruments,Information Technology,,1.8.5-source-port,NONE,WATCH,NEW_WATCH
2026-09-24T00:40:34.571496+00:00,UPS,SP500,2026-09-22,95.87000274658203,WATCH,1,NONE,Bearish Zhongshu,Neutral,Waiting,,101.92,104.15,,,,,United Parcel Service,Industrials,,1.8.5-source-port,ENTRY,WATCH,ENTRY_TO_WATCH
2026-09-24T00:40:34.571496+00:00,URI,SP500,2026-09-21,1029.9200439453125,WATCH,1,NONE,Bear Trend,Neutral,Waiting,,993.15,1026.55,,,,,United Rentals,Industrials,,1.8.5-source-port,NONE,WATCH,NEW_WATCH
2026-09-24T13:47:52.171953+00:00,300442,HS300,2026-09-24,68.01,ENTRY,3,BRK,Bear Trend,Neutral,Bull Micro BOS,LONG,60.37,66.31,68.01,65.54,72.96,75.43,润泽科技,nan,,1.8.5-source-port,NONE,ENTRY,NEW_ENTRY
2026-09-24T13:47:52.171953+00:00,688082,HS300,2026-09-24,304.11,ENTRY,3,BRK,Bullish Zhongshu,Neutral,Bull Micro BOS,LONG,283.31,300.74,304.11,284.9,342.52,361.73,盛美上海,nan,,1.8.5-source-port,WATCH,ENTRY,WATCH_TO_ENTRY
2026-09-24T13:47:52.171953+00:00,000938,HS300,2026-09-24,33.4,READY,2,3S,Bear Trend,Neutral,Waiting,SHORT,33.93,34.29,,,,,紫光股份,nan,,1.8.5-source-port,NONE,READY,NEW_READY
2026-09-24T13:47:52.171953+00:00,002001,HS300,2026-09-24,25.7,READY,2,3S,Bearish Zhongshu,Neutral,Bear Micro BOS,SHORT,26.23,27.5,,,,,新和成,nan,,1.8.5-source-port,WATCH,READY,WATCH_TO_READY
2026-09-24T13:47:52.171953+00:00,002236,HS300,2026-09-24,15.54,READY,2,3S,Bear Trend,Neutral,Waiting,SHORT,15.62,15.98,,,,,大华股份,nan,,1.8.5-source-port,NONE,READY,NEW_READY
2026-09-24T13:47:52.171953+00:00,002304,HS300,2026-09-24,37.47,READY,2,3S,Bear Trend,Neutral,Bear Micro BOS,SHORT,38.5,38.76,,,,,洋河股份,nan,,1.8.5-source-port,NONE,READY,NEW_READY
2026-09-24T13:47:52.171953+00:00,002709,HS300,2026-09-24,31.76,READY,2,3S,Bear Trend,Neutral,Waiting,SHORT,32.51,33.69,,,,,天赐材料,nan,,1.8.5-source-port,NONE,READY,NEW_READY
2026-09-24T13:47:52.171953+00:00,002938,HS300,2026-09-24,82.94,READY,2,3S,Bearish Zhongshu,Neutral,Bear Micro BOS,SHORT,87.45,94.52,,,,,鹏鼎控股,nan,,1.8.5-source-port,WATCH,READY,WATCH_TO_READY
2026-09-24T13:47:52.171953+00:00,600029,HS300,2026-09-24,4.86,READY,2,3S,Bear Trend,Neutral,Waiting,SHORT,4.98,5.0,,,,,南方航空,nan,,1.8.5-source-port,NONE,READY,NEW_READY
2026-09-24T13:47:52.171953+00:00,600115,HS300,2026-09-24,3.35,READY,2,3S,Bear Trend,Neutral,Waiting,SHORT,3.46,3.5,,,,,中国东航,nan,,1.8.5-source-port,NONE,READY,NEW_READY
2026-09-24T13:47:52.171953+00:00,600276,HS300,2026-09-24,44.86,READY,2,3S,Bear Trend,Neutral,Waiting,SHORT,45.26,46.14,,,,,恒瑞医药,nan,,1.8.5-source-port,NONE,READY,NEW_READY
2026-09-24T13:47:52.171953+00:00,600760,HS300,2026-09-24,43.03,READY,2,3S,Bull Trend,Neutral,Bear Micro BOS,SHORT,43.74,44.44,,,,,中航沈飞,nan,,1.8.5-source-port,WATCH,READY,WATCH_TO_READY
2026-09-24T13:47:52.171953+00:00,601012,HS300,2026-09-24,11.04,READY,2,3S,Bear Trend,Neutral,Waiting,SHORT,11.41,11.56,,,,,隆基绿能,nan,,1.8.5-source-port,NONE,READY,NEW_READY
2026-09-24T13:47:52.171953+00:00,601390,HS300,2026-09-24,4.25,READY,2,3S,Bear Trend,Neutral,Waiting,SHORT,4.29,4.35,,,,,中国中铁,nan,,1.8.5-source-port,NONE,READY,NEW_READY
2026-09-24T13:47:52.171953+00:00,000977,HS300,2026-09-24,69.9,READY,2,2S,Bear Trend,Neutral,Waiting,SHORT,71.42,73.46,,,,,浪潮信息,nan,,1.8.5-source-port,NONE,READY,NEW_READY
2026-09-24T13:47:52.171953+00:00,002460,HS300,2026-09-24,43.68,READY,2,2S,Bearish Zhongshu,Neutral,Bear Micro BOS,SHORT,50.81,55.18,,,,,赣锋锂业,nan,,1.8.5-source-port,WATCH,READY,WATCH_TO_READY
2026-09-24T13:47:52.171953+00:00,002466,HS300,2026-09-24,40.9,READY,2,2S,Bearish Zhongshu,Neutral,Bear Micro BOS,SHORT,45.8,49.8,,,,,天齐锂业,nan,,1.8.5-source-port,NONE,READY,NEW_READY
2026-09-24T13:47:52.171953+00:00,300760,HS300,2026-09-24,153.86,READY,2,2S,Bull Trend,Neutral,Bear Micro BOS,SHORT,156.01,160.73,,,,,迈瑞医疗,nan,,1.8.5-source-port,WATCH,READY,WATCH_TO_READY
2026-09-24T13:47:52.171953+00:00,600039,HS300,2026-09-24,8.61,READY,2,2S,Bull Trend,Neutral,Waiting,SHORT,8.63,9.1,,,,,四川路桥,nan,,1.8.5-source-port,WATCH,READY,WATCH_TO_READY
2026-09-24T13:47:52.171953+00:00,600362,HS300,2026-09-24,42.4,READY,2,2S,Bearish Zhongshu,Accumulation,Bear Micro BOS,SHORT,43.78,44.24,,,,,江西铜业,nan,,1.8.5-source-port,WATCH,READY,WATCH_TO_READY
2026-09-24T13:47:52.171953+00:00,600958,HS300,2026-09-24,8.71,READY,2,2S,Bearish Zhongshu,Neutral,Waiting,SHORT,9.0,9.2,,,,,东方证券,nan,,1.8.5-source-port,WATCH,READY,WATCH_TO_READY
2026-09-24T13:47:52.171953+00:00,000002,HS300,2026-09-24,3.76,WATCH,1,NONE,Bullish Zhongshu,Neutral,Waiting,,3.15,3.17,,,,,万科A,nan,,1.8.5-source-port,NONE,WATCH,NEW_WATCH
2026-09-24T13:47:52.171953+00:00,300308,HS300,2026-09-24,895.86,WATCH,1,NONE,Bullish Zhongshu,Neutral,Waiting,,830.0,929.8,,,,,中际旭创,nan,,1.8.5-source-port,READY,WATCH,READY_TO_WATCH
2026-09-24T13:47:52.171953+00:00,300394,HS300,2026-09-24,267.93,WATCH,1,NONE,Bullish Zhongshu,Neutral,Waiting,,237.36,276.48,,,,,天孚通信,nan,,1.8.5-source-port,READY,WATCH,READY_TO_WATCH
2026-09-24T13:47:52.171953+00:00,600150,HS300,2026-09-24,38.09,WATCH,1,NONE,Bull Trend,Neutral,Waiting,,33.51,34.96,,,,,中国船舶,nan,,1.8.5-source-port,NONE,WATCH,NEW_WATCH
2026-09-24T13:47:52.171953+00:00,600795,HS300,2026-09-24,5.24,WATCH,1,NONE,Neutral Zhongshu,Neutral,Waiting,,5.18,5.35,,,,,国电电力,nan,,1.8.5-source-port,READY,WATCH,READY_TO_WATCH
2026-09-24T13:47:52.171953+00:00,601111,HS300,2026-09-24,5.81,WATCH,1,NONE,Bearish Zhongshu,Neutral,Waiting,,5.92,5.95,,,,,中国国航,nan,,1.8.5-source-port,NONE,WATCH,NEW_WATCH
2026-09-24T13:47:52.171953+00:00,603392,HS300,2026-09-24,26.38,WATCH,1,NONE,Bearish Zhongshu,Neutral,Waiting,,28.18,30.33,,,,,万泰生物,nan,,1.8.5-source-port,NONE,WATCH,NEW_WATCH
2026-09-24T13:47:52.171953+00:00,300803,HS300,2026-09-24,56.5,NONE,0,NONE,Bear Trend,Neutral,Waiting,,54.04,58.57,,,,,指南针,nan,,1.8.5-source-port,WATCH,NONE,DROPPED
2026-09-24T13:47:52.171953+00:00,600196,HS300,2026-09-24,22.84,NONE,0,NONE,Bear Trend,Neutral,Waiting,,22.22,23.4,,,,,复星医药,nan,,1.8.5-source-port,WATCH,NONE,DROPPED
2026-09-24T13:47:52.171953+00:00,600999,HS300,2026-09-24,17.44,NONE,0,NONE,Bear Trend,Neutral,Waiting,,17.65,17.78,,,,,招商证券,nan,,1.8.5-source-port,WATCH,NONE,DROPPED
2026-09-25T00:40:23.271017+00:00,AMAT,SP500,2026-09-23,474.3800048828125,ENTRY,3,3B,Bear Trend,Neutral,Bull Micro BOS,LONG,435.86,464.57,474.38,455.49,512.16,531.05,Applied Materials,Information Technology,,1.8.5-source-port,READY,ENTRY,READY_TO_ENTRY
2026-09-25T00:40:23.271017+00:00,CTAS,SP500,2026-09-23,191.97000122070312,ENTRY,3,3S,Bear Trend,Neutral,Bear Micro BOS,SHORT,198.87,204.86,191.97,199.88,176.15,168.25,Cintas,Industrials,,1.8.5-source-port,READY,ENTRY,READY_TO_ENTRY
2026-09-25T00:40:23.271017+00:00,PSKY,SP500,2026-09-23,9.960000038146973,ENTRY,3,3S,Bull Trend,Distrib Watch,Bear Micro BOS,SHORT,10.12,11.21,9.96,10.42,9.03,8.57,Paramount Skydance Corporation,Communication Services,,1.8.5-source-port,READY,ENTRY,READY_TO_ENTRY
2026-09-25T00:40:23.271017+00:00,XYZ,SP500,2026-09-23,74.68000030517578,ENTRY,3,3S,Bear Trend,Neutral,Bear Micro BOS,SHORT,77.23,77.62,74.68,77.59,68.87,65.96,"Block, Inc.",Financials,,1.8.5-source-port,READY,ENTRY,READY_TO_ENTRY
2026-09-25T00:40:23.271017+00:00,ABNB,SP500,2026-09-23,149.5800018310547,ENTRY,3,2S,Bear Trend,Neutral,Bear Micro BOS,SHORT,180.16,187.12,149.58,174.92,98.89,73.55,Airbnb,Consumer Discretionary,,1.8.5-source-port,READY,ENTRY,READY_TO_ENTRY
2026-09-25T00:40:23.271017+00:00,BALL,SP500,2026-09-23,58.81999969482422,ENTRY,3,2S,Bear Trend,Neutral,Bear Micro BOS,SHORT,60.94,61.94,58.82,62.24,51.98,48.56,Ball Corporation,Materials,,1.8.5-source-port,READY,ENTRY,READY_TO_ENTRY
2026-09-25T00:40:23.271017+00:00,CSGP,SP500,2026-09-23,28.260000228881836,ENTRY,3,2S,Bearish Zhongshu,Neutral,Bear Micro BOS,SHORT,31.29,31.4,28.26,32.21,20.37,16.42,CoStar Group,Real Estate,,1.8.5-source-port,READY,ENTRY,READY_TO_ENTRY
2026-09-25T00:40:23.271017+00:00,DASH,SP500,2026-09-23,189.27000427246094,ENTRY,3,2S,Bear Trend,Neutral,Bear Micro BOS,SHORT,212.02,222.39,189.27,207.15,153.51,135.63,DoorDash,Consumer Discretionary,,1.8.5-source-port,READY,ENTRY,READY_TO_ENTRY
2026-09-25T00:40:23.271017+00:00,DE,SP500,2026-09-23,709.47998046875,ENTRY,3,2B,Bull Trend,Neutral,Bull Micro BOS,LONG,597.23,623.28,709.48,660.38,807.69,856.79,Deere & Company,Industrials,,1.8.5-source-port,READY,ENTRY,READY_TO_ENTRY
2026-09-25T00:40:23.271017+00:00,ERIE,SP500,2026-09-23,225.77000427246094,ENTRY,3,2S,Bull Trend,Neutral,Bear Micro BOS,SHORT,253.84,262.7,225.77,256.91,163.48,132.34,Erie Indemnity,Financials,,1.8.5-source-port,READY,ENTRY,READY_TO_ENTRY
2026-09-25T00:40:23.271017+00:00,EXPE,SP500,2026-09-23,259.0400085449219,ENTRY,3,2S,Bearish Zhongshu,Neutral,Bear Micro BOS,SHORT,261.43,275.41,259.04,298.3,180.52,141.26,Expedia Group,Consumer Discretionary,,1.8.5-source-port,READY,ENTRY,READY_TO_ENTRY
2026-09-25T00:40:23.271017+00:00,MAR,SP500,2026-09-23,351.6600036621094,ENTRY,3,2B,Bear Trend,Neutral,Bull Micro BOS,LONG,340.12,342.31,351.66,330.13,394.72,416.25,Marriott International,Consumer Discretionary,,1.8.5-source-port,WATCH,ENTRY,WATCH_TO_ENTRY
2026-09-25T00:40:23.271017+00:00,PAYX,SP500,2026-09-23,104.48999786376953,ENTRY,3,2S,Bearish Zhongshu,Neutral,Bear Micro BOS,SHORT,121.73,124.74,104.49,120.4,72.66,56.75,Paychex,Industrials,,1.8.5-source-port,READY,ENTRY,READY_TO_ENTRY
2026-09-25T00:40:23.271017+00:00,SCHW,SP500,2026-09-23,99.5,ENTRY,3,2S,Bull Trend,Neutral,Bear Micro BOS,SHORT,87.38,88.68,99.5,108.17,82.15,73.48,Charles Schwab Corporation,Financials,,1.8.5-source-port,WATCH,ENTRY,WATCH_TO_ENTRY
2026-09-25T00:40:23.271017+00:00,ZBH,SP500,2026-09-23,90.87999725341797,ENTRY,3,2S,Bearish Zhongshu,Neutral,Bear Micro BOS,SHORT,94.77,97.6,90.88,100.02,72.59,63.45,Zimmer Biomet,Health Care,,1.8.5-source-port,READY,ENTRY,READY_TO_ENTRY
2026-09-25T00:40:23.271017+00:00,DG,SP500,2026-09-23,120.5999984741211,ENTRY,3,BRK_SHORT,Bull Trend,Neutral,Bear Micro BOS,SHORT,122.4,131.25,120.6,124.06,113.68,110.23,Dollar General,Consumer Staples,,1.8.5-source-port,WATCH,ENTRY,WATCH_TO_ENTRY
2026-09-25T00:40:23.271017+00:00,EIX,SP500,2026-09-23,53.5099983215332,ENTRY,3,BRK_SHORT,Bearish Zhongshu,Neutral,Bear Micro BOS,SHORT,54.48,59.96,53.51,55.8,48.93,46.64,Edison International,Utilities,,1.8.5-source-port,WATCH,ENTRY,WATCH_TO_ENTRY
2026-09-25T00:40:23.271017+00:00,GRMN,SP500,2026-09-23,287.5799865722656,ENTRY,3,BRK,Bullish Zhongshu,Neutral,Bull Micro BOS,LONG,270.93,284.21,287.58,281.06,300.63,307.15,Garmin,Consumer Discretionary,,1.8.5-source-port,READY,ENTRY,READY_TO_ENTRY
2026-09-25T00:40:23.271017+00:00,LH,SP500,2026-09-23,303.9800109863281,ENTRY,3,BRK_SHORT,Bearish Zhongshu,Neutral,Bear Micro BOS,SHORT,305.45,326.79,303.98,315.11,281.73,270.6,Labcorp,Health Care,,1.8.5-source-port,WATCH,ENTRY,WATCH_TO_ENTRY
2026-09-25T00:40:23.271017+00:00,MDT,SP500,2026-09-23,89.30000305175781,ENTRY,3,BRK_SHORT,Bull Trend,Neutral,Bear Micro BOS,SHORT,90.26,94.72,89.3,91.77,84.36,81.89,Medtronic,Health Care,,1.8.5-source-port,WATCH,ENTRY,WATCH_TO_ENTRY
2026-09-25T00:40:23.271017+00:00,MTD,SP500,2026-09-23,1492.3399658203125,ENTRY,3,BRK,Bear Trend,Neutral,Bull Micro BOS,LONG,1377.1,1423.42,1492.34,1412.09,1652.85,1733.1,Mettler Toledo,Health Care,,1.8.5-source-port,WATCH,ENTRY,WATCH_TO_ENTRY
2026-09-25T00:40:23.271017+00:00,NDSN,SP500,2026-09-23,321.4200134277344,ENTRY,3,BRK,Bull Trend,Neutral,Bull Micro BOS,LONG,310.63,315.68,321.42,313.8,336.66,344.29,Nordson Corporation,Industrials,,1.8.5-source-port,WATCH,ENTRY,WATCH_TO_ENTRY
2026-09-25T00:40:23.271017+00:00,NWS,SP500,2026-09-23,31.219999313354492,ENTRY,3,BRK_SHORT,Bull Trend,Distribution,Bear Micro BOS,SHORT,32.49,32.91,31.22,32.71,28.24,26.74,News Corp (Class B),Communication Services,,1.8.5-source-port,WATCH,ENTRY,WATCH_TO_ENTRY
2026-09-25T00:40:23.271017+00:00,NWSA,SP500,2026-09-23,28.1200008392334,ENTRY,3,BRK_SHORT,Bearish Zhongshu,Neutral,Bear Micro BOS,SHORT,29.07,30.64,28.12,29.31,25.75,24.56,News Corp (Class A),Communication Services,,1.8.5-source-port,WATCH,ENTRY,WATCH_TO_ENTRY
2026-09-25T00:40:23.271017+00:00,TTD,SP500,2026-09-23,12.680000305175781,ENTRY,3,BRK_SHORT,Bull Trend,Neutral,Bear Micro BOS,SHORT,13.14,14.7,12.68,13.35,11.35,10.68,Trade Desk (The),Communication Services,,1.8.5-source-port,WATCH,ENTRY,WATCH_TO_ENTRY
2026-09-25T00:40:23.271017+00:00,WAB,SP500,2026-09-23,292.2200012207031,ENTRY,3,BRK,Bullish Zhongshu,Neutral,Bull Micro BOS,LONG,276.37,284.47,292.22,282.66,311.34,320.9,Wabtec,Industrials,,1.8.5-source-port,WATCH,ENTRY,WATCH_TO_ENTRY
2026-09-25T00:40:23.271017+00:00,ZBRA,SP500,2026-09-23,371.0199890136719,ENTRY,3,BRK,Bear Trend,Neutral,Bull Micro BOS,LONG,350.36,367.18,371.02,357.22,398.61,412.41,Zebra Technologies,Information Technology,,1.8.5-source-port,WATCH,ENTRY,WATCH_TO_ENTRY
2026-09-25T00:40:23.271017+00:00,ADI,SP500,2026-09-23,385.2300109863281,READY,2,3B,Bear Trend,Neutral,Waiting,LONG,352.73,380.36,,,,,Analog Devices,Information Technology,,1.8.5-source-port,WATCH,READY,WATCH_TO_READY
2026-09-25T00:40:23.271017+00:00,AIZ,SP500,2026-09-23,266.9700012207031,READY,2,3S,Bearish Zhongshu,Neutral,Bear Micro BOS,SHORT,278.96,284.12,,,,,Assurant,Financials,,1.8.5-source-port,ENTRY,READY,ENTRY_TO_READY
2026-09-25T00:40:23.271017+00:00,AKAM,SP500,2026-09-23,118.44000244140625,READY,2,3B,Bear Trend,Neutral,Bull Micro BOS,LONG,107.11,109.85,,,,,Akamai Technologies,Information Technology,,1.8.5-source-port,ENTRY,READY,ENTRY_TO_READY
2026-09-25T00:40:23.271017+00:00,ANET,SP500,2026-09-23,203.47000122070312,READY,2,3B,Neutral Zhongshu,Neutral,Waiting,LONG,182.83,200.25,,,,,Arista Networks,Information Technology,,1.8.5-source-port,ENTRY,READY,ENTRY_TO_READY
2026-09-25T00:40:23.271017+00:00,BG,SP500,2026-09-23,111.4800033569336,READY,2,3S,Bull Trend,Neutral,Waiting,SHORT,114.0,118.74,,,,,Bunge Global,Consumer Staples,,1.8.5-source-port,ENTRY,READY,ENTRY_TO_READY
2026-09-25T00:40:23.271017+00:00,COP,SP500,2026-09-23,128.08999633789062,READY,2,3S,Bull Trend,Neutral,Waiting,SHORT,128.0,135.88,,,,,ConocoPhillips,Energy,,1.8.5-source-port,ENTRY,READY,ENTRY_TO_READY
2026-09-25T00:40:23.271017+00:00,EOG,SP500,2026-09-23,141.83999633789062,READY,2,3S,Bearish Zhongshu,Neutral,Waiting,SHORT,144.34,148.22,,,,,EOG Resources,Energy,,1.8.5-source-port,ENTRY,READY,ENTRY_TO_READY
2026-09-25T00:40:23.271017+00:00,JPM,SP500,2026-09-23,337.5299987792969,READY,2,3S,Bear Trend,Neutral,Bear Micro BOS,SHORT,350.37,351.24,,,,,JPMorgan Chase,Financials,,1.8.5-source-port,ENTRY,READY,ENTRY_TO_READY
2026-09-25T00:40:23.271017+00:00,KLAC,SP500,2026-09-23,187.86000061035156,READY,2,3B,Bear Trend,Neutral,Waiting,LONG,169.62,182.41,,,,,KLA Corporation,Information Technology,,1.8.5-source-port,WATCH,READY,WATCH_TO_READY
2026-09-25T00:40:23.271017+00:00,MLM,SP500,2026-09-23,490.45001220703125,READY,2,3S,Bear Trend,Neutral,Waiting,SHORT,502.56,519.93,,,,,Martin Marietta Materials,Materials,,1.8.5-source-port,WATCH,READY,WATCH_TO_READY
2026-09-25T00:40:23.271017+00:00,OMC,SP500,2026-09-23,75.48999786376953,READY,2,3S,Bearish Zhongshu,Neutral,Waiting,SHORT,80.54,85.18,,,,,Omnicom Group,Communication Services,,1.8.5-source-port,ENTRY,READY,ENTRY_TO_READY
2026-09-25T00:40:23.271017+00:00,OXY,SP500,2026-09-23,57.36000061035156,READY,2,3S,Bull Trend,Neutral,Waiting,SHORT,57.54,60.95,,,,,Occidental Petroleum,Energy,,1.8.5-source-port,ENTRY,READY,ENTRY_TO_READY
2026-09-25T00:40:23.271017+00:00,UAL,SP500,2026-09-23,110.72000122070312,READY,2,3B,Bullish Zhongshu,Neutral,Waiting,LONG,107.07,110.77,,,,,United Airlines Holdings,Industrials,,1.8.5-source-port,ENTRY,READY,ENTRY_TO_READY
2026-09-25T00:40:23.271017+00:00,AMZN,SP500,2026-09-23,249.27000427246094,READY,2,2S,Bull Trend,Neutral,Waiting,SHORT,257.73,258.08,,,,,Amazon,Consumer Discretionary,,1.8.5-source-port,WATCH,READY,WATCH_TO_READY
2026-09-25T00:40:23.271017+00:00,DVA,SP500,2026-09-23,183.13999938964844,READY,2,2B,Bear Trend,Neutral,Waiting,LONG,225.17,239.64,,,,,DaVita,Health Care,,1.8.5-source-port,WATCH,READY,WATCH_TO_READY
2026-09-25T00:40:23.271017+00:00,STLD,SP500,2026-09-23,234.2899932861328,READY,2,2B,Bearish Zhongshu,Neutral,Waiting,LONG,233.8,236.94,,,,,Steel Dynamics,Materials,,1.8.5-source-port,ENTRY,READY,ENTRY_TO_READY
2026-09-25T00:40:23.271017+00:00,TRGP,SP500,2026-09-23,283.010009765625,READY,2,2S,Bull Trend,Neutral,Waiting,SHORT,287.75,289.68,,,,,Targa Resources,Energy,,1.8.5-source-port,NONE,READY,NEW_READY
2026-09-25T00:40:23.271017+00:00,ADBE,SP500,2026-09-23,240.69000244140625,WATCH,1,NONE,Bear Trend,Neutral,Waiting,,254.25,254.67,,,,,Adobe Inc.,Information Technology,,1.8.5-source-port,ENTRY,WATCH,ENTRY_TO_WATCH
2026-09-25T00:40:23.271017+00:00,BIIB,SP500,2026-09-23,227.52999877929688,WATCH,1,NONE,Bull Trend,Neutral,Bull Micro BOS,,213.58,218.59,,,,,Biogen,Health Care,,1.8.5-source-port,READY,WATCH,READY_TO_WATCH
2026-09-25T00:40:23.271017+00:00,BLK,SP500,2026-09-23,1060.8900146484375,WATCH,1,NONE,Bearish Zhongshu,Neutral,Waiting,,1126.0,1150.3,,,,,BlackRock,Financials,,1.8.5-source-port,READY,WATCH,READY_TO_WATCH
2026-09-25T00:40:23.271017+00:00,CBOE,SP500,2026-09-23,268.8699951171875,WATCH,1,NONE,Bear Trend,Neutral,Waiting,,288.31,297.98,,,,,Cboe Global Markets,Financials,,1.8.5-source-port,NONE,WATCH,NEW_WATCH
2026-09-25T00:40:23.271017+00:00,COHR,SP500,2026-09-23,300.6000061035156,WATCH,1,NONE,Bullish Zhongshu,Neutral,Waiting,,255.25,312.68,,,,,Coherent Corp.,Information Technology,,1.8.5-source-port,READY,WATCH,READY_TO_WATCH
2026-09-25T00:40:23.271017+00:00,CPAY,SP500,2026-09-23,395.1600036621094,WATCH,1,NONE,Bearish Zhongshu,Neutral,Waiting,,401.52,425.95,,,,,Corpay,Financials,,1.8.5-source-port,ENTRY,WATCH,ENTRY_TO_WATCH
2026-09-25T00:40:23.271017+00:00,DHR,SP500,2026-09-23,221.55999755859375,WATCH,1,NONE,Bullish Zhongshu,Neutral,Bull Micro BOS,,199.49,206.59,,,,,Danaher Corporation,Health Care,,1.8.5-source-port,NONE,WATCH,NEW_WATCH
2026-09-25T00:40:23.271017+00:00,EG,SP500,2026-09-23,372.3599853515625,WATCH,1,NONE,Neutral Zhongshu,Neutral,Waiting,,368.03,377.74,,,,,Everest Group,Financials,,1.8.5-source-port,NONE,WATCH,NEW_WATCH
2026-09-25T00:40:23.271017+00:00,FICO,SP500,2026-09-23,879.6199951171875,WATCH,1,NONE,Bear Trend,Neutral,Bear Micro BOS,,1172.69,1188.8,,,,,Fair Isaac,Information Technology,,1.8.5-source-port,NONE,WATCH,NEW_WATCH
2026-09-25T00:40:23.271017+00:00,GIS,SP500,2026-09-23,35.81999969482422,WATCH,1,NONE,Bull Trend,Neutral,Waiting,,36.52,37.13,,,,,General Mills,Consumer Staples,,1.8.5-source-port,NONE,WATCH,NEW_WATCH
2026-09-25T00:40:23.271017+00:00,MOS,SP500,2026-09-23,24.3700008392334,WATCH,1,NONE,Bearish Zhongshu,Distribution,Waiting,,24.35,25.2,,,,,Mosaic Company (The),Materials,,1.8.5-source-port,READY,WATCH,READY_TO_WATCH
2026-09-25T00:40:23.271017+00:00,NCLH,SP500,2026-09-23,14.180000305175781,WATCH,1,NONE,Bear Trend,Neutral,Waiting,,16.42,17.67,,,,,Norwegian Cruise Line Holdings,Consumer Discretionary,,1.8.5-source-port,NONE,WATCH,NEW_WATCH
2026-09-25T00:40:23.271017+00:00,NDAQ,SP500,2026-09-23,95.44000244140625,WATCH,1,NONE,Neutral Zhongshu,Neutral,Waiting,,94.29,96.87,,,,,"Nasdaq, Inc.",Financials,,1.8.5-source-port,READY,WATCH,READY_TO_WATCH
2026-09-25T00:40:23.271017+00:00,ORLY,SP500,2026-09-23,85.9000015258789,WATCH,1,NONE,Bear Trend,Neutral,Waiting,,88.45,89.34,,,,,O'Reilly Automotive,Consumer Discretionary,,1.8.5-source-port,READY,WATCH,READY_TO_WATCH
2026-09-25T00:40:23.271017+00:00,PWR,SP500,2026-09-23,634.9000244140625,WATCH,1,NONE,Bullish Zhongshu,Neutral,Waiting,,607.45,649.0,,,,,Quanta Services,Industrials,,1.8.5-source-port,READY,WATCH,READY_TO_WATCH
2026-09-25T00:40:23.271017+00:00,SHW,SP500,2026-09-23,326.4599914550781,WATCH,1,NONE,Bear Trend,Neutral,Waiting,,344.35,352.85,,,,,Sherwin-Williams,Materials,,1.8.5-source-port,NONE,WATCH,NEW_WATCH
2026-09-25T00:40:23.271017+00:00,SMCI,SP500,2026-09-23,41.439998626708984,WATCH,1,NONE,Bullish Zhongshu,Neutral,Waiting,,35.36,41.53,,,,,Supermicro,Information Technology,,1.8.5-source-port,READY,WATCH,READY_TO_WATCH
2026-09-25T00:40:23.271017+00:00,T,SP500,2026-09-23,25.299999237060547,WATCH,1,NONE,Bull Trend,Neutral,Waiting,,24.8,25.32,,,,,AT&T,Communication Services,,1.8.5-source-port,NONE,WATCH,NEW_WATCH
2026-09-25T00:40:23.271017+00:00,TPL,SP500,2026-09-23,335.739990234375,WATCH,1,NONE,Bearish Zhongshu,Neutral,Bear Micro BOS,,358.01,381.43,,,,,Texas Pacific Land Corporation,Energy,,1.8.5-source-port,NONE,WATCH,NEW_WATCH
2026-09-25T00:40:23.271017+00:00,TPR,SP500,2026-09-23,110.51000213623047,WATCH,1,NONE,Bear Trend,Neutral,Bear Micro BOS,,126.14,132.48,,,,,"Tapestry, Inc.",Consumer Discretionary,,1.8.5-source-port,READY,WATCH,READY_TO_WATCH
2026-09-25T00:40:23.271017+00:00,UPS,SP500,2026-09-23,95.81999969482422,WATCH,1,NONE,Bearish Zhongshu,Neutral,Waiting,,101.92,104.15,,,,,United Parcel Service,Industrials,,1.8.5-source-port,NONE,WATCH,NEW_WATCH
2026-09-25T00:40:23.271017+00:00,WELL,SP500,2026-09-23,229.8699951171875,WATCH,1,NONE,Bearish Zhongshu,Neutral,Waiting,,236.65,238.21,,,,,Welltower,Real Estate,,1.8.5-source-port,READY,WATCH,READY_TO_WATCH
2026-09-25T00:40:23.271017+00:00,XEL,SP500,2026-09-23,70.66000366210938,WATCH,1,NONE,Bear Trend,Neutral,Bear Micro BOS,,76.12,77.5,,,,,Xcel Energy,Utilities,,1.8.5-source-port,READY,WATCH,READY_TO_WATCH
2026-09-26T00:45:21.491883+00:00,IQV,SP500,2026-09-24,275.0199890136719,ENTRY,3,3B,Bull Trend,Neutral,Bull Micro BOS,LONG,252.53,265.25,275.02,264.37,296.33,306.98,IQVIA,Health Care,,1.8.5-source-port,READY,ENTRY,READY_TO_ENTRY
2026-09-26T00:45:21.491883+00:00,VRSK,SP500,2026-09-24,168.64999389648438,ENTRY,3,3S,Bear Trend,Neutral,Bear Micro BOS,SHORT,174.44,182.91,168.65,176.92,152.1,143.83,Verisk Analytics,Industrials,,1.8.5-source-port,READY,ENTRY,READY_TO_ENTRY
2026-09-26T00:45:21.491883+00:00,ADSK,SP500,2026-09-24,211.35000610351562,ENTRY,3,2S,Bearish Zhongshu,Neutral,Bear Micro BOS,SHORT,229.7,232.64,211.35,224.62,184.81,171.54,Autodesk,Information Technology,,1.8.5-source-port,READY,ENTRY,READY_TO_ENTRY
2026-09-26T00:45:21.491883+00:00,CMCSA,SP500,2026-09-24,22.1299991607666,ENTRY,3,2S,Bull Trend,Neutral,Bear Micro BOS,SHORT,24.2,24.3,22.13,23.35,19.69,18.47,Comcast,Communication Services,,1.8.5-source-port,WATCH,ENTRY,WATCH_TO_ENTRY
2026-09-26T00:45:21.491883+00:00,DDOG,SP500,2026-09-24,256.9200134277344,ENTRY,3,2B,Bear Trend,Neutral,Bull Micro BOS,LONG,237.67,239.04,256.92,223.31,324.14,357.75,Datadog,Information Technology,,1.8.5-source-port,READY,ENTRY,READY_TO_ENTRY
2026-09-26T00:45:21.491883+00:00,J,SP500,2026-09-24,135.3300018310547,ENTRY,3,2S,Bear Trend,Neutral,Bear Micro BOS,SHORT,142.06,145.05,135.33,145.99,114.0,103.34,Jacobs Solutions,Industrials,,1.8.5-source-port,READY,ENTRY,READY_TO_ENTRY
2026-09-26T00:45:21.491883+00:00,UBER,SP500,2026-09-24,69.22000122070312,ENTRY,3,2S,Bear Trend,Neutral,Bear Micro BOS,SHORT,74.62,76.3,69.22,72.53,62.59,59.28,Uber,Industrials,,1.8.5-source-port,READY,ENTRY,READY_TO_ENTRY
2026-09-26T00:45:21.491883+00:00,AMT,SP500,2026-09-24,167.25999450683594,ENTRY,3,BRK_SHORT,Bearish Zhongshu,Neutral,Bear Micro BOS,SHORT,171.73,172.68,167.26,172.94,155.9,150.23,American Tower,Real Estate,,1.8.5-source-port,WATCH,ENTRY,WATCH_TO_ENTRY
2026-09-26T00:45:21.491883+00:00,CDW,SP500,2026-09-24,139.4600067138672,ENTRY,3,BRK_SHORT,Bull Trend,Neutral,Bear Micro BOS,SHORT,143.67,153.77,139.46,145.79,126.8,120.46,CDW Corporation,Information Technology,,1.8.5-source-port,WATCH,ENTRY,WATCH_TO_ENTRY
2026-09-26T00:45:21.491883+00:00,CTSH,SP500,2026-09-24,57.16999816894531,ENTRY,3,BRK_SHORT,Bearish Zhongshu,Neutral,Bear Micro BOS,SHORT,57.89,61.97,57.17,60.39,50.72,47.5,Cognizant,Information Technology,,1.8.5-source-port,WATCH,ENTRY,WATCH_TO_ENTRY
2026-09-26T00:45:21.491883+00:00,EXPD,SP500,2026-09-24,183.66000366210938,ENTRY,3,BRK_SHORT,Bull Trend,Neutral,Bear Micro BOS,SHORT,185.56,187.74,183.66,190.12,170.73,164.27,Expeditors International,Industrials,,1.8.5-source-port,WATCH,ENTRY,WATCH_TO_ENTRY
2026-09-26T00:45:21.491883+00:00,IBM,SP500,2026-09-24,227.05999755859375,ENTRY,3,BRK_SHORT,Bearish Zhongshu,Neutral,Bear Micro BOS,SHORT,229.1,238.72,227.06,234.48,212.22,204.8,IBM,Information Technology,,1.8.5-source-port,WATCH,ENTRY,WATCH_TO_ENTRY
2026-09-26T00:45:21.491883+00:00,XYL,SP500,2026-09-24,102.66000366210938,ENTRY,3,BRK_SHORT,Bearish Zhongshu,Neutral,Bear Micro BOS,SHORT,106.61,109.84,102.66,108.88,90.22,84.0,Xylem Inc.,Industrials,,1.8.5-source-port,WATCH,ENTRY,WATCH_TO_ENTRY
2026-09-26T00:45:21.491883+00:00,LH,SP500,2026-09-24,308.95001220703125,READY,2,SPR,Bearish Zhongshu,Accumulation,Waiting,LONG,305.45,326.79,,,,,Labcorp,Health Care,,1.8.5-source-port,ENTRY,READY,ENTRY_TO_READY
2026-09-26T00:45:21.491883+00:00,ABNB,SP500,2026-09-24,151.38999938964844,READY,2,3S,Bear Trend,Neutral,Waiting,SHORT,165.83,170.53,,,,,Airbnb,Consumer Discretionary,,1.8.5-source-port,ENTRY,READY,ENTRY_TO_READY
2026-09-26T00:45:21.491883+00:00,APTV,SP500,2026-09-24,43.58000183105469,READY,2,3S,Bear Trend,Neutral,Waiting,SHORT,44.52,45.38,,,,,Aptiv,Consumer Discretionary,,1.8.5-source-port,WATCH,READY,WATCH_TO_READY
2026-09-26T00:45:21.491883+00:00,BALL,SP500,2026-09-24,56.65999984741211,READY,2,3S,Bear Trend,Neutral,Bear Micro BOS,SHORT,60.94,61.94,,,,,Ball Corporation,Materials,,1.8.5-source-port,ENTRY,READY,ENTRY_TO_READY
2026-09-26T00:45:21.491883+00:00,CI,SP500,2026-09-24,265.5,READY,2,3S,Bear Trend,Neutral,Bear Micro BOS,SHORT,274.04,278.47,,,,,Cigna,Health Care,,1.8.5-source-port,WATCH,READY,WATCH_TO_READY
2026-09-26T00:45:21.491883+00:00,CMI,SP500,2026-09-24,521.0700073242188,READY,2,3S,Bear Trend,Neutral,Waiting,SHORT,542.7,562.14,,,,,Cummins,Industrials,,1.8.5-source-port,WATCH,READY,WATCH_TO_READY
2026-09-26T00:45:21.491883+00:00,CSGP,SP500,2026-09-24,27.860000610351562,READY,2,3S,Bearish Zhongshu,Neutral,Bear Micro BOS,SHORT,31.29,31.4,,,,,CoStar Group,Real Estate,,1.8.5-source-port,ENTRY,READY,ENTRY_TO_READY
2026-09-26T00:45:21.491883+00:00,DASH,SP500,2026-09-24,187.52999877929688,READY,2,3S,Bear Trend,Neutral,Bear Micro BOS,SHORT,212.02,222.39,,,,,DoorDash,Consumer Discretionary,,1.8.5-source-port,ENTRY,READY,ENTRY_TO_READY
2026-09-26T00:45:21.491883+00:00,DG,SP500,2026-09-24,122.52999877929688,READY,2,3S,Bull Trend,Neutral,Waiting,SHORT,122.4,131.25,,,,,Dollar General,Consumer Staples,,1.8.5-source-port,ENTRY,READY,ENTRY_TO_READY
2026-09-26T00:45:21.491883+00:00,DRI,SP500,2026-09-24,207.24000549316406,READY,2,3S,Bear Trend,Neutral,Waiting,SHORT,210.86,216.17,,,,,Darden Restaurants,Consumer Discretionary,,1.8.5-source-port,WATCH,READY,WATCH_TO_READY
2026-09-26T00:45:21.491883+00:00,ERIE,SP500,2026-09-24,218.9600067138672,READY,2,3S,Bull Trend,Neutral,Bear Micro BOS,SHORT,253.84,262.7,,,,,Erie Indemnity,Financials,,1.8.5-source-port,ENTRY,READY,ENTRY_TO_READY
2026-09-26T00:45:21.491883+00:00,MAR,SP500,2026-09-24,351.510009765625,READY,2,3B,Bear Trend,Neutral,Bull Micro BOS,LONG,340.12,342.31,,,,,Marriott International,Consumer Discretionary,,1.8.5-source-port,ENTRY,READY,ENTRY_TO_READY
2026-09-26T00:45:21.491883+00:00,MOS,SP500,2026-09-24,23.690000534057617,READY,2,3S,Bearish Zhongshu,Distribution,Waiting,SHORT,24.35,25.2,,,,,Mosaic Company (The),Materials,,1.8.5-source-port,NONE,READY,NEW_READY
2026-09-26T00:45:21.491883+00:00,MTD,SP500,2026-09-24,1519.1500244140625,READY,2,3B,Bear Trend,Neutral,Bull Micro BOS,LONG,1377.1,1423.42,,,,,Mettler Toledo,Health Care,,1.8.5-source-port,ENTRY,READY,ENTRY_TO_READY
2026-09-26T00:45:21.491883+00:00,NWSA,SP500,2026-09-24,28.440000534057617,READY,2,3S,Bear Trend,Neutral,Waiting,SHORT,29.07,30.64,,,,,News Corp (Class A),Communication Services,,1.8.5-source-port,ENTRY,READY,ENTRY_TO_READY
2026-09-26T00:45:21.491883+00:00,PAYX,SP500,2026-09-24,101.58999633789062,READY,2,3S,Bearish Zhongshu,Neutral,Bear Micro BOS,SHORT,121.73,124.74,,,,,Paychex,Industrials,,1.8.5-source-port,ENTRY,READY,ENTRY_TO_READY
2026-09-26T00:45:21.491883+00:00,PGR,SP500,2026-09-24,202.1699981689453,READY,2,3S,Bull Trend,Neutral,Bear Micro BOS,SHORT,212.63,215.99,,,,,Progressive Corporation,Financials,,1.8.5-source-port,ENTRY,READY,ENTRY_TO_READY
2026-09-26T00:45:21.491883+00:00,RTX,SP500,2026-09-24,188.61000061035156,READY,2,3S,Bearish Zhongshu,Neutral,Waiting,SHORT,193.05,193.53,,,,,RTX Corporation,Industrials,,1.8.5-source-port,WATCH,READY,WATCH_TO_READY
2026-09-26T00:45:21.491883+00:00,TECH,SP500,2026-09-24,72.56999969482422,READY,2,3B,Bull Trend,Neutral,Waiting,LONG,72.08,72.48,,,,,Bio-Techne,Health Care,,1.8.5-source-port,WATCH,READY,WATCH_TO_READY
2026-09-26T00:45:21.491883+00:00,TPR,SP500,2026-09-24,112.12000274658203,READY,2,3S,Bear Trend,Neutral,Waiting,SHORT,112.11,121.16,,,,,"Tapestry, Inc.",Consumer Discretionary,,1.8.5-source-port,NONE,READY,NEW_READY
2026-09-26T00:45:21.491883+00:00,TTD,SP500,2026-09-24,12.630000114440918,READY,2,3S,Bull Trend,Neutral,Bear Micro BOS,SHORT,13.14,14.7,,,,,Trade Desk (The),Communication Services,,1.8.5-source-port,ENTRY,READY,ENTRY_TO_READY
2026-09-26T00:45:21.491883+00:00,TYL,SP500,2026-09-24,326.8500061035156,READY,2,3S,Bull Trend,Neutral,Waiting,SHORT,333.34,348.62,,,,,Tyler Technologies,Information Technology,,1.8.5-source-port,WATCH,READY,WATCH_TO_READY
2026-09-26T00:45:21.491883+00:00,URI,SP500,2026-09-24,1021.6699829101562,READY,2,3B,Bear Trend,Neutral,Waiting,LONG,993.15,1026.55,,,,,United Rentals,Industrials,,1.8.5-source-port,WATCH,READY,WATCH_TO_READY
2026-09-26T00:45:21.491883+00:00,VRT,SP500,2026-09-24,245.3000030517578,READY,2,3S,Bear Trend,Neutral,Waiting,SHORT,248.69,255.4,,,,,Vertiv,Industrials,,1.8.5-source-port,WATCH,READY,WATCH_TO_READY
2026-09-26T00:45:21.491883+00:00,WAB,SP500,2026-09-24,290.2300109863281,READY,2,3B,Bullish Zhongshu,Neutral,Bull Micro BOS,LONG,276.37,284.47,,,,,Wabtec,Industrials,,1.8.5-source-port,ENTRY,READY,ENTRY_TO_READY
2026-09-26T00:45:21.491883+00:00,WSM,SP500,2026-09-24,228.66000366210938,READY,2,3B,Bear Trend,Neutral,Waiting,LONG,218.6,229.91,,,,,"Williams-Sonoma, Inc.",Consumer Discretionary,,1.8.5-source-port,WATCH,READY,WATCH_TO_READY
2026-09-26T00:45:21.491883+00:00,ZBRA,SP500,2026-09-24,365.1000061035156,READY,2,3B,Bullish Zhongshu,Neutral,Waiting,LONG,350.36,367.18,,,,,Zebra Technologies,Information Technology,,1.8.5-source-port,ENTRY,READY,ENTRY_TO_READY
2026-09-26T00:45:21.491883+00:00,BLK,SP500,2026-09-24,1073.449951171875,READY,2,2S,Bear Trend,Neutral,Waiting,SHORT,1126.0,1150.3,,,,,BlackRock,Financials,,1.8.5-source-port,NONE,READY,NEW_READY
2026-09-26T00:45:21.491883+00:00,CME,SP500,2026-09-24,268.9100036621094,READY,2,2S,Bull Trend,Neutral,Waiting,SHORT,269.45,270.0,,,,,CME Group,Financials,,1.8.5-source-port,WATCH,READY,WATCH_TO_READY
2026-09-26T00:45:21.491883+00:00,CTVA,SP500,2026-09-24,79.44999694824219,READY,2,2B,Bearish Zhongshu,Neutral,Waiting,LONG,82.98,84.02,,,,,Corteva,Materials,,1.8.5-source-port,WATCH,READY,WATCH_TO_READY
2026-09-26T00:45:21.491883+00:00,DD,SP500,2026-09-24,130.22000122070312,READY,2,2S,Bear Trend,Neutral,Waiting,SHORT,130.19,132.22,,,,,DuPont,Industrials,,1.8.5-source-port,WATCH,READY,WATCH_TO_READY
2026-09-26T00:45:21.491883+00:00,GPC,SP500,2026-09-24,129.25999450683594,READY,2,2S,Bearish Zhongshu,Neutral,Waiting,SHORT,133.24,137.16,,,,,Genuine Parts Company,Consumer Discretionary,,1.8.5-source-port,WATCH,READY,WATCH_TO_READY
2026-09-26T00:45:21.491883+00:00,IVZ,SP500,2026-09-24,30.68000030517578,READY,2,2S,Bearish Zhongshu,Neutral,Waiting,SHORT,30.89,31.63,,,,,Invesco,Financials,,1.8.5-source-port,WATCH,READY,WATCH_TO_READY
2026-09-26T00:45:21.491883+00:00,KKR,SP500,2026-09-24,95.63999938964844,READY,2,2S,Bearish Zhongshu,Neutral,Waiting,SHORT,99.78,102.23,,,,,KKR & Co.,Financials,,1.8.5-source-port,WATCH,READY,WATCH_TO_READY
2026-09-26T00:45:21.491883+00:00,MRK,SP500,2026-09-24,147.97999572753906,READY,2,2S,Neutral Zhongshu,Neutral,Waiting,SHORT,142.32,153.57,,,,,Merck & Co.,Health Care,,1.8.5-source-port,WATCH,READY,WATCH_TO_READY
2026-09-26T00:45:21.491883+00:00,NVR,SP500,2026-09-24,6235.490234375,READY,2,2B,Bear Trend,Neutral,Waiting,LONG,6269.16,6323.15,,,,,"NVR, Inc.",Consumer Discretionary,,1.8.5-source-port,WATCH,READY,WATCH_TO_READY
2026-09-26T00:45:21.491883+00:00,NWS,SP500,2026-09-24,31.559999465942383,READY,2,2S,Bearish Zhongshu,Distribution,Waiting,SHORT,32.49,32.91,,,,,News Corp (Class B),Communication Services,,1.8.5-source-port,ENTRY,READY,ENTRY_TO_READY
2026-09-26T00:45:21.491883+00:00,SPGI,SP500,2026-09-24,403.25,READY,2,2S,Bearish Zhongshu,Neutral,Waiting,SHORT,407.44,420.24,,,,,S&P Global,Financials,,1.8.5-source-port,WATCH,READY,WATCH_TO_READY
2026-09-26T00:45:21.491883+00:00,TRV,SP500,2026-09-24,362.3900146484375,READY,2,2B,Bearish Zhongshu,Neutral,Waiting,LONG,370.15,373.55,,,,,Travelers Companies (The),Financials,,1.8.5-source-port,WATCH,READY,WATCH_TO_READY
2026-09-26T00:45:21.491883+00:00,ADBE,SP500,2026-09-24,238.92999267578125,WATCH,1,NONE,Bear Trend,Neutral,Bear Micro BOS,,254.25,254.67,,,,,Adobe Inc.,Information Technology,,1.8.5-source-port,NONE,WATCH,NEW_WATCH
2026-09-26T00:45:21.491883+00:00,AMAT,SP500,2026-09-24,474.25,WATCH,1,NONE,Bear Trend,Neutral,Bull Micro BOS,,435.86,464.57,,,,,Applied Materials,Information Technology,,1.8.5-source-port,ENTRY,WATCH,ENTRY_TO_WATCH
2026-09-26T00:45:21.491883+00:00,BG,SP500,2026-09-24,110.20999908447266,WATCH,1,NONE,Bearish Zhongshu,Neutral,Bear Micro BOS,,114.0,118.74,,,,,Bunge Global,Consumer Staples,,1.8.5-source-port,READY,WATCH,READY_TO_WATCH
2026-09-26T00:45:21.491883+00:00,BIIB,SP500,2026-09-24,226.36000061035156,WATCH,1,NONE,Bull Trend,Neutral,Waiting,,213.58,218.59,,,,,Biogen,Health Care,,1.8.5-source-port,NONE,WATCH,NEW_WATCH
2026-09-26T00:45:21.491883+00:00,BR,SP500,2026-09-24,162.66000366210938,WATCH,1,NONE,Bearish Zhongshu,Neutral,Bear Micro BOS,,165.81,176.94,,,,,Broadridge Financial Solutions,Industrials,,1.8.5-source-port,READY,WATCH,READY_TO_WATCH
2026-09-26T00:45:21.491883+00:00,CEG,SP500,2026-09-24,261.6199951171875,WATCH,1,NONE,Bearish Zhongshu,Neutral,Waiting,,269.53,279.17,,,,,Constellation Energy,Utilities,,1.8.5-source-port,READY,WATCH,READY_TO_WATCH
2026-09-26T00:45:21.491883+00:00,CHRW,SP500,2026-09-24,146.1999969482422,WATCH,1,NONE,Neutral Zhongshu,Neutral,Waiting,,143.18,150.36,,,,,C.H. Robinson,Industrials,,1.8.5-source-port,READY,WATCH,READY_TO_WATCH
2026-09-26T00:45:21.491883+00:00,COHR,SP500,2026-09-24,290.6099853515625,WATCH,1,NONE,Neutral Zhongshu,Neutral,Waiting,,255.25,312.68,,,,,Coherent Corp.,Information Technology,,1.8.5-source-port,NONE,WATCH,NEW_WATCH
2026-09-26T00:45:21.491883+00:00,COP,SP500,2026-09-24,129.33999633789062,WATCH,1,NONE,Bearish Zhongshu,Neutral,Waiting,,128.0,135.88,,,,,ConocoPhillips,Energy,,1.8.5-source-port,READY,WATCH,READY_TO_WATCH
2026-09-26T00:45:21.491883+00:00,CPAY,SP500,2026-09-24,400.32000732421875,WATCH,1,NONE,Bearish Zhongshu,Neutral,Waiting,,401.52,425.95,,,,,Corpay,Financials,,1.8.5-source-port,NONE,WATCH,NEW_WATCH
2026-09-26T00:45:21.491883+00:00,CTAS,SP500,2026-09-24,197.67999267578125,WATCH,1,NONE,Bear Trend,Neutral,Waiting,,198.87,204.86,,,,,Cintas,Industrials,,1.8.5-source-port,ENTRY,WATCH,ENTRY_TO_WATCH
2026-09-26T00:45:21.491883+00:00,DE,SP500,2026-09-24,694.9400024414062,WATCH,1,NONE,Bull Trend,Neutral,Waiting,,665.45,705.88,,,,,Deere & Company,Industrials,,1.8.5-source-port,ENTRY,WATCH,ENTRY_TO_WATCH
2026-09-26T00:45:21.491883+00:00,DVN,SP500,2026-09-24,48.900001525878906,WATCH,1,NONE,Neutral Zhongshu,Neutral,Waiting,,48.19,49.46,,,,,Devon Energy,Energy,,1.8.5-source-port,READY,WATCH,READY_TO_WATCH
2026-09-26T00:45:21.491883+00:00,ECHO,SP500,2026-09-24,90.37999725341797,WATCH,1,NONE,Bull Trend,Neutral,Bear Micro BOS,,91.5,91.86,,,,,EchoStar,Communication Services,,1.8.5-source-port,READY,WATCH,READY_TO_WATCH
2026-09-26T00:45:21.491883+00:00,EXPE,SP500,2026-09-24,261.75,WATCH,1,NONE,Bearish Zhongshu,Neutral,Waiting,,261.43,275.41,,,,,Expedia Group,Consumer Discretionary,,1.8.5-source-port,ENTRY,WATCH,ENTRY_TO_WATCH
2026-09-26T00:45:21.491883+00:00,GDDY,SP500,2026-09-24,100.80999755859375,WATCH,1,NONE,Bullish Zhongshu,Neutral,Waiting,,95.8,101.99,,,,,GoDaddy,Information Technology,,1.8.5-source-port,READY,WATCH,READY_TO_WATCH
2026-09-26T00:45:21.491883+00:00,HCA,SP500,2026-09-24,423.4800109863281,WATCH,1,NONE,Bullish Zhongshu,Neutral,Waiting,,400.0,419.33,,,,,HCA Healthcare,Health Care,,1.8.5-source-port,READY,WATCH,READY_TO_WATCH
2026-09-26T00:45:21.491883+00:00,INTC,SP500,2026-09-24,127.38999938964844,WATCH,1,NONE,Bull Trend,Neutral,Bull Micro BOS,,85.14,93.7,,,,,Intel,Information Technology,,1.8.5-source-port,READY,WATCH,READY_TO_WATCH
2026-09-26T00:45:21.491883+00:00,INTU,SP500,2026-09-24,277.1300048828125,WATCH,1,NONE,Bull Trend,Neutral,Bear Micro BOS,,309.8,336.94,,,,,Intuit,Information Technology,,1.8.5-source-port,READY,WATCH,READY_TO_WATCH
2026-09-26T00:45:21.491883+00:00,LDOS,SP500,2026-09-24,123.3499984741211,WATCH,1,NONE,Bear Trend,Neutral,Waiting,,134.27,142.48,,,,,Leidos,Industrials,,1.8.5-source-port,READY,WATCH,READY_TO_WATCH
2026-09-26T00:45:21.491883+00:00,LIN,SP500,2026-09-24,468.1400146484375,WATCH,1,NONE,Bear Trend,Neutral,Waiting,,480.58,492.88,,,,,Linde plc,Materials,,1.8.5-source-port,READY,WATCH,READY_TO_WATCH
2026-09-26T00:45:21.491883+00:00,MA,SP500,2026-09-24,566.0800170898438,WATCH,1,NONE,Bearish Zhongshu,Neutral,Waiting,,580.88,582.93,,,,,Mastercard,Financials,,1.8.5-source-port,READY,WATCH,READY_TO_WATCH
2026-09-26T00:45:21.491883+00:00,MGM,SP500,2026-09-24,33.689998626708984,WATCH,1,NONE,Bear Trend,Neutral,Bear Micro BOS,,42.58,43.63,,,,,MGM Resorts,Consumer Discretionary,,1.8.5-source-port,READY,WATCH,READY_TO_WATCH
2026-09-26T00:45:21.491883+00:00,MO,SP500,2026-09-24,68.87999725341797,WATCH,1,NONE,Neutral Zhongshu,Neutral,Waiting,,69.87,70.53,,,,,Altria,Consumer Staples,,1.8.5-source-port,READY,WATCH,READY_TO_WATCH
2026-09-26T00:45:21.491883+00:00,MPC,SP500,2026-09-24,390.95001220703125,WATCH,1,NONE,Bull Trend,Neutral,Waiting,,347.67,367.6,,,,,Marathon Petroleum,Energy,,1.8.5-source-port,READY,WATCH,READY_TO_WATCH
2026-09-26T00:45:21.491883+00:00,NDAQ,SP500,2026-09-24,94.55000305175781,WATCH,1,NONE,Bear Trend,Neutral,Waiting,,94.29,96.76,,,,,"Nasdaq, Inc.",Financials,,1.8.5-source-port,NONE,WATCH,NEW_WATCH
2026-09-26T00:45:21.491883+00:00,NDSN,SP500,2026-09-24,323.260009765625,WATCH,1,NONE,Bull Trend,Neutral,Bull Micro BOS,,310.63,315.68,,,,,Nordson Corporation,Industrials,,1.8.5-source-port,ENTRY,WATCH,ENTRY_TO_WATCH
2026-09-26T00:45:21.491883+00:00,NKE,SP500,2026-09-24,35.9900016784668,WATCH,1,NONE,Bear Trend,Neutral,Waiting,,38.86,38.93,,,,,"Nike, Inc.",Consumer Discretionary,,1.8.5-source-port,READY,WATCH,READY_TO_WATCH
2026-09-26T00:45:21.491883+00:00,ORLY,SP500,2026-09-24,86.23999786376953,WATCH,1,NONE,Bear Trend,Neutral,Waiting,,88.45,89.34,,,,,O'Reilly Automotive,Consumer Discretionary,,1.8.5-source-port,NONE,WATCH,NEW_WATCH
2026-09-26T00:45:21.491883+00:00,OXY,SP500,2026-09-24,58.04999923706055,WATCH,1,NONE,Bearish Zhongshu,Neutral,Waiting,,57.54,60.95,,,,,Occidental Petroleum,Energy,,1.8.5-source-port,READY,WATCH,READY_TO_WATCH
2026-09-26T00:45:21.491883+00:00,PANW,SP500,2026-09-24,389.9200134277344,WATCH,1,NONE,Bullish Zhongshu,Neutral,Waiting,,343.01,344.79,,,,,Palo Alto Networks,Information Technology,,1.8.5-source-port,READY,WATCH,READY_TO_WATCH
2026-09-26T00:45:21.491883+00:00,PSKY,SP500,2026-09-24,10.180000305175781,WATCH,1,NONE,Bull Trend,Distrib Watch,Waiting,,10.12,11.21,,,,,Paramount Skydance Corporation,Communication Services,,1.8.5-source-port,ENTRY,WATCH,ENTRY_TO_WATCH
2026-09-26T00:45:21.491883+00:00,PSX,SP500,2026-09-24,255.8699951171875,WATCH,1,NONE,Bull Trend,Neutral,Waiting,,233.55,246.95,,,,,Phillips 66,Energy,,1.8.5-source-port,READY,WATCH,READY_TO_WATCH
2026-09-26T00:45:21.491883+00:00,PWR,SP500,2026-09-24,643.5,WATCH,1,NONE,Bullish Zhongshu,Neutral,Waiting,,607.45,649.0,,,,,Quanta Services,Industrials,,1.8.5-source-port,NONE,WATCH,NEW_WATCH
2026-09-26T00:45:21.491883+00:00,REG,SP500,2026-09-24,72.91999816894531,WATCH,1,NONE,Bear Trend,Neutral,Waiting,,75.35,75.49,,,,,Regency Centers,Real Estate,,1.8.5-source-port,READY,WATCH,READY_TO_WATCH
2026-09-26T00:45:21.491883+00:00,SCHW,SP500,2026-09-24,99.48999786376953,WATCH,1,NONE,Bull Trend,Neutral,Bear Micro BOS,,87.38,88.68,,,,,Charles Schwab Corporation,Financials,,1.8.5-source-port,ENTRY,WATCH,ENTRY_TO_WATCH
2026-09-26T00:45:21.491883+00:00,SMCI,SP500,2026-09-24,41.5099983215332,WATCH,1,NONE,Bull Trend,Neutral,Bull Micro BOS,,35.36,41.53,,,,,Supermicro,Information Technology,,1.8.5-source-port,NONE,WATCH,NEW_WATCH
2026-09-26T00:45:21.491883+00:00,STE,SP500,2026-09-24,208.77000427246094,WATCH,1,NONE,Bearish Zhongshu,Neutral,Waiting,,224.86,235.66,,,,,Steris,Health Care,,1.8.5-source-port,READY,WATCH,READY_TO_WATCH
2026-09-26T00:45:21.491883+00:00,STZ,SP500,2026-09-24,114.20999908447266,WATCH,1,NONE,Bearish Zhongshu,Neutral,Bear Micro BOS,,129.59,133.45,,,,,Constellation Brands,Consumer Staples,,1.8.5-source-port,READY,WATCH,READY_TO_WATCH
2026-09-26T00:45:21.491883+00:00,UNH,SP500,2026-09-24,375.010009765625,WATCH,1,NONE,Bear Trend,Neutral,Waiting,,383.83,406.25,,,,,UnitedHealth Group,Health Care,,1.8.5-source-port,READY,WATCH,READY_TO_WATCH
2026-09-26T00:45:21.491883+00:00,V,SP500,2026-09-24,367.9800109863281,WATCH,1,NONE,Bear Trend,Neutral,Waiting,,372.22,373.28,,,,,Visa Inc.,Financials,,1.8.5-source-port,READY,WATCH,READY_TO_WATCH
2026-09-26T00:45:21.491883+00:00,VEEV,SP500,2026-09-24,274.8399963378906,WATCH,1,NONE,Bull Trend,Neutral,Bull Micro BOS,,238.93,253.49,,,,,Veeva Systems,Health Care,,1.8.5-source-port,READY,WATCH,READY_TO_WATCH
2026-09-26T00:45:21.491883+00:00,WELL,SP500,2026-09-24,233.61000061035156,WATCH,1,NONE,Bearish Zhongshu,Neutral,Waiting,,236.65,238.21,,,,,Welltower,Real Estate,,1.8.5-source-port,NONE,WATCH,NEW_WATCH
2026-09-26T00:45:21.491883+00:00,WMT,SP500,2026-09-24,107.58999633789062,WATCH,1,NONE,Neutral Zhongshu,Neutral,Waiting,,106.53,109.35,,,,,Walmart,Consumer Staples,,1.8.5-source-port,ENTRY,WATCH,ENTRY_TO_WATCH
2026-09-26T00:45:21.491883+00:00,XEL,SP500,2026-09-24,69.55999755859375,WATCH,1,NONE,Bear Trend,Neutral,Bear Micro BOS,,76.12,77.5,,,,,Xcel Energy,Utilities,,1.8.5-source-port,NONE,WATCH,NEW_WATCH
2026-09-26T00:45:21.491883+00:00,XYZ,SP500,2026-09-24,76.73999786376953,WATCH,1,NONE,Bear Trend,Neutral,Waiting,,77.23,77.62,,,,,"Block, Inc.",Financials,,1.8.5-source-port,ENTRY,WATCH,ENTRY_TO_WATCH
2026-09-26T00:45:21.491883+00:00,ZBH,SP500,2026-09-24,89.69000244140625,WATCH,1,NONE,Bearish Zhongshu,Neutral,Bear Micro BOS,,94.77,97.6,,,,,Zimmer Biomet,Health Care,,1.8.5-source-port,ENTRY,WATCH,ENTRY_TO_WATCH
