symbol,market,signal_date,close,status,status_rank,setup,regime,wyckoff,trigger,direction,zs_zd,zs_zg,entry_price,sl,tp1,tp2,name,sector,notes,engine_version,first_seen,days_tracked,previous_status,current_status,highest_status_rank,last_seen
000538,HS300,2026-10-08,50.89,ENTRY,3,3B,Bull Trend,Neutral,Bull Micro BOS,LONG,48.99,50.2,50.89,50.14,52.38,53.13,云南白药,,,1.8.5-source-port,2026-09-22,13,READY,ENTRY,3,2026-10-08
601225,HS300,2026-10-08,26.6,ENTRY,3,3B,Bull Trend,Neutral,Bull Micro BOS,LONG,24.91,25.6,26.6,25.56,28.67,29.71,陕西煤业,,,1.8.5-source-port,2026-09-17,15,READY,ENTRY,3,2026-10-08
601800,HS300,2026-10-08,6.05,ENTRY,3,3B,Bear Trend,Neutral,Bull Micro BOS,LONG,5.88,5.91,6.05,5.9,6.35,6.49,中国交建,,,1.8.5-source-port,2026-08-31,31,ENTRY,ENTRY,3,2026-10-08
601939,HS300,2026-10-08,11.15,ENTRY,3,3B,Bull Trend,Neutral,Bull Micro BOS,LONG,10.76,10.98,11.15,10.98,11.5,11.67,建设银行,,,1.8.5-source-port,2026-09-17,15,READY,ENTRY,3,2026-10-08
600011,HS300,2026-10-08,7.24,ENTRY,3,2B,Bullish Zhongshu,Neutral,Bull Micro BOS,LONG,6.73,6.81,7.24,6.69,8.33,8.88,华能国际,,,1.8.5-source-port,2026-09-03,29,READY,ENTRY,3,2026-10-08
002648,HS300,2026-10-08,27.36,ENTRY,3,BRK,Bullish Zhongshu,Neutral,Bull Micro BOS,LONG,26.08,26.95,27.36,26.52,29.04,29.88,卫星化学,,,1.8.5-source-port,2026-09-17,15,WATCH,ENTRY,3,2026-10-08
601668,HS300,2026-10-08,4.39,ENTRY,3,BRK,Bear Trend,Neutral,Bull Micro BOS,LONG,4.34,4.35,4.39,4.31,4.54,4.62,中国建筑,,,1.8.5-source-port,2026-09-15,17,READY,ENTRY,3,2026-10-08
601988,HS300,2026-10-08,6.81,ENTRY,3,BRK,Bullish Zhongshu,Neutral,Bull Micro BOS,LONG,6.48,6.71,6.81,6.65,7.12,7.28,中国银行,,,1.8.5-source-port,2026-09-17,15,WATCH,ENTRY,3,2026-10-08
000063,HS300,2026-10-08,29.32,READY,2,3S,Bear Trend,Neutral,Bear Micro BOS,SHORT,32.83,33.69,,,,,中兴通讯,,,1.8.5-source-port,2026-09-23,12,READY,READY,2,2026-10-08
000333,HS300,2026-10-08,81.74,READY,2,3S,Bear Trend,Neutral,Waiting,SHORT,82.39,87.4,,,,,美的集团,,,1.8.5-source-port,2026-09-17,15,READY,READY,2,2026-10-08
000425,HS300,2026-10-08,7.18,READY,2,3S,Bear Trend,Neutral,Waiting,SHORT,7.82,8.12,,,,,徐工机械,,,1.8.5-source-port,2026-08-31,31,READY,READY,3,2026-10-08
000768,HS300,2026-10-08,22.6,READY,2,3B,Bullish Zhongshu,Neutral,Waiting,LONG,21.95,22.0,,,,,中航西飞,,,1.8.5-source-port,2026-09-17,15,READY,READY,2,2026-10-08
000858,HS300,2026-10-08,70.14,READY,2,3S,Bear Trend,Neutral,Waiting,SHORT,70.88,72.45,,,,,五粮液,,,1.8.5-source-port,2026-09-14,18,READY,READY,2,2026-10-08
000938,HS300,2026-10-08,30.24,READY,2,3S,Bear Trend,Neutral,Bear Micro BOS,SHORT,33.93,34.29,,,,,紫光股份,,,1.8.5-source-port,2026-09-24,11,READY,READY,2,2026-10-08
000963,HS300,2026-10-08,26.95,READY,2,3S,Bear Trend,Neutral,Waiting,SHORT,27.26,27.72,,,,,华东医药,,,1.8.5-source-port,2026-10-08,1,NONE,READY,2,2026-10-08
002001,HS300,2026-10-08,26.31,READY,2,3S,Bear Trend,Neutral,Waiting,SHORT,26.23,27.5,,,,,新和成,,,1.8.5-source-port,2026-09-22,13,READY,READY,2,2026-10-08
002202,HS300,2026-10-08,16.68,READY,2,3S,Bear Trend,Neutral,Bear Micro BOS,SHORT,17.75,19.58,,,,,金风科技,,,1.8.5-source-port,2026-09-17,15,READY,READY,2,2026-10-08
002236,HS300,2026-10-08,15.29,READY,2,3S,Bear Trend,Neutral,Waiting,SHORT,15.62,15.98,,,,,大华股份,,,1.8.5-source-port,2026-09-24,11,READY,READY,2,2026-10-08
002304,HS300,2026-10-08,37.02,READY,2,3S,Bear Trend,Neutral,Bear Micro BOS,SHORT,38.5,38.76,,,,,洋河股份,,,1.8.5-source-port,2026-09-24,11,READY,READY,2,2026-10-08
002384,HS300,2026-10-08,150.66,READY,2,3S,Bearish Zhongshu,Neutral,Bear Micro BOS,SHORT,176.75,199.5,,,,,东山精密,,,1.8.5-source-port,2026-09-17,15,READY,READY,2,2026-10-08
002532,HS300,2026-10-08,12.17,READY,2,3S,Bear Trend,Neutral,Waiting,SHORT,12.52,13.24,,,,,天山铝业,,,1.8.5-source-port,2026-09-17,15,READY,READY,2,2026-10-08
002602,HS300,2026-10-08,13.3,READY,2,3S,Bull Trend,Neutral,Bear Micro BOS,SHORT,14.18,14.76,,,,,世纪华通,,,1.8.5-source-port,2026-09-17,15,READY,READY,2,2026-10-08
002709,HS300,2026-10-08,32.69,READY,2,3S,Bear Trend,Neutral,Waiting,SHORT,32.51,33.69,,,,,天赐材料,,,1.8.5-source-port,2026-09-24,11,READY,READY,2,2026-10-08
002736,HS300,2026-10-08,9.7,READY,2,3S,Bear Trend,Neutral,Waiting,SHORT,9.79,10.02,,,,,国信证券,,,1.8.5-source-port,2026-09-28,9,READY,READY,2,2026-10-08
002938,HS300,2026-10-08,78.0,READY,2,3S,Bear Trend,Neutral,Bear Micro BOS,SHORT,87.45,94.52,,,,,鹏鼎控股,,,1.8.5-source-port,2026-09-17,15,READY,READY,2,2026-10-08
300122,HS300,2026-10-08,13.59,READY,2,3B,Bullish Zhongshu,Neutral,Waiting,LONG,13.11,13.56,,,,,智飞生物,,,1.8.5-source-port,2026-09-23,12,ENTRY,READY,3,2026-10-08
300251,HS300,2026-10-08,10.59,READY,2,3S,Bearish Zhongshu,Neutral,Bear Micro BOS,SHORT,10.75,11.22,,,,,光线传媒,,,1.8.5-source-port,2026-09-17,15,WATCH,READY,2,2026-10-08
300316,HS300,2026-10-08,35.29,READY,2,3S,Bearish Zhongshu,Neutral,Bear Micro BOS,SHORT,38.44,42.92,,,,,晶盛机电,,,1.8.5-source-port,2026-09-17,15,READY,READY,2,2026-10-08
300394,HS300,2026-10-08,235.07,READY,2,3S,Bearish Zhongshu,Neutral,Bear Micro BOS,SHORT,242.16,276.48,,,,,天孚通信,,,1.8.5-source-port,2026-09-17,15,WATCH,READY,2,2026-10-08
300413,HS300,2026-10-08,19.17,READY,2,3B,Bullish Zhongshu,Neutral,Waiting,LONG,16.4,17.0,,,,,芒果超媒,,,1.8.5-source-port,2026-09-17,15,READY,READY,2,2026-10-08
300433,HS300,2026-10-08,30.04,READY,2,3S,Bearish Zhongshu,Neutral,Bear Micro BOS,SHORT,32.55,36.5,,,,,蓝思科技,,,1.8.5-source-port,2026-09-17,15,READY,READY,2,2026-10-08
300476,HS300,2026-10-08,206.23,READY,2,3S,Bearish Zhongshu,Neutral,Bear Micro BOS,SHORT,217.44,233.15,,,,,胜宏科技,,,1.8.5-source-port,2026-08-31,31,READY,READY,3,2026-10-08
300502,HS300,2026-10-08,378.5,READY,2,3S,Bull Trend,Neutral,Bear Micro BOS,SHORT,385.0,435.65,,,,,新易盛,,,1.8.5-source-port,2026-09-17,15,WATCH,READY,2,2026-10-08
300896,HS300,2026-10-08,95.18,READY,2,3B,Bear Trend,Neutral,Waiting,LONG,90.02,94.11,,,,,爱美客,,,1.8.5-source-port,2026-09-30,7,READY,READY,2,2026-10-08
600027,HS300,2026-10-08,5.16,READY,2,3B,Bull Trend,Neutral,Bull Micro BOS,LONG,4.71,4.89,,,,,华电国际,,,1.8.5-source-port,2026-09-17,15,READY,READY,2,2026-10-08
600029,HS300,2026-10-08,4.81,READY,2,3S,Bear Trend,Neutral,Waiting,SHORT,4.98,5.0,,,,,南方航空,,,1.8.5-source-port,2026-09-24,11,READY,READY,2,2026-10-08
600048,HS300,2026-10-08,5.77,READY,2,3B,Bullish Zhongshu,Neutral,Waiting,LONG,5.2,5.42,,,,,保利发展,,,1.8.5-source-port,2026-09-21,14,READY,READY,3,2026-10-08
600104,HS300,2026-10-08,10.93,READY,2,3S,Bull Trend,Neutral,Waiting,SHORT,11.01,11.1,,,,,上汽集团,,,1.8.5-source-port,2026-09-17,15,READY,READY,2,2026-10-08
600115,HS300,2026-10-08,3.26,READY,2,3S,Bear Trend,Neutral,Bear Micro BOS,SHORT,3.46,3.5,,,,,中国东航,,,1.8.5-source-port,2026-09-24,11,READY,READY,2,2026-10-08
600118,HS300,2026-10-08,56.47,READY,2,3S,Bear Trend,Neutral,Waiting,SHORT,56.65,60.12,,,,,中国卫星,,,1.8.5-source-port,2026-09-21,14,READY,READY,2,2026-10-08
600188,HS300,2026-10-08,19.95,READY,2,3S,Bearish Zhongshu,Neutral,Waiting,SHORT,20.68,22.69,,,,,兖矿能源,,,1.8.5-source-port,2026-08-31,31,READY,READY,3,2026-10-08
600196,HS300,2026-10-08,23.76,READY,2,3B,Bear Trend,Distrib Watch,Waiting,LONG,22.22,23.4,,,,,复星医药,,,1.8.5-source-port,2026-09-30,7,ENTRY,READY,3,2026-10-08
600406,HS300,2026-10-08,22.86,READY,2,3B,Bullish Zhongshu,Neutral,Waiting,LONG,21.66,22.28,,,,,国电南瑞,,,1.8.5-source-port,2026-09-22,13,READY,READY,2,2026-10-08
600519,HS300,2026-10-08,1255.79,READY,2,3S,Bear Trend,Neutral,Waiting,SHORT,1270.33,1307.99,,,,,贵州茅台,,,1.8.5-source-port,2026-08-31,31,READY,READY,3,2026-10-08
600522,HS300,2026-10-08,30.49,READY,2,3S,Bull Trend,Neutral,Bear Micro BOS,SHORT,31.31,34.39,,,,,中天科技,,,1.8.5-source-port,2026-09-29,8,WATCH,READY,2,2026-10-08
600547,HS300,2026-10-08,26.43,READY,2,3S,Bearish Zhongshu,Neutral,Waiting,SHORT,32.0,32.46,,,,,山东黄金,,,1.8.5-source-port,2026-09-17,15,READY,READY,2,2026-10-08
600600,HS300,2026-10-08,50.42,READY,2,3S,Bear Trend,Neutral,Waiting,SHORT,50.43,51.74,,,,,青岛啤酒,,,1.8.5-source-port,2026-09-17,15,READY,READY,2,2026-10-08
600690,HS300,2026-10-08,20.43,READY,2,3S,Bear Trend,Neutral,Waiting,SHORT,20.84,21.49,,,,,海尔智家,,,1.8.5-source-port,2026-09-17,15,READY,READY,2,2026-10-08
600760,HS300,2026-10-08,43.57,READY,2,3S,Bearish Zhongshu,Neutral,Waiting,SHORT,43.74,44.44,,,,,中航沈飞,,,1.8.5-source-port,2026-09-17,15,READY,READY,2,2026-10-08
600795,HS300,2026-10-08,5.45,READY,2,3B,Bullish Zhongshu,Neutral,Bull Micro BOS,LONG,5.18,5.35,,,,,国电电力,,,1.8.5-source-port,2026-09-17,15,READY,READY,3,2026-10-08
600893,HS300,2026-10-08,38.09,READY,2,3B,Bull Trend,Neutral,Waiting,LONG,37.75,37.8,,,,,航发动力,,,1.8.5-source-port,2026-09-17,15,READY,READY,2,2026-10-08
600926,HS300,2026-10-08,17.43,READY,2,3B,Bull Trend,Neutral,Bull Micro BOS,LONG,16.43,16.46,,,,,杭州银行,,,1.8.5-source-port,2026-09-22,13,READY,READY,2,2026-10-08
601012,HS300,2026-10-08,11.07,READY,2,3S,Bear Trend,Neutral,Waiting,SHORT,11.41,11.56,,,,,隆基绿能,,,1.8.5-source-port,2026-09-24,11,READY,READY,2,2026-10-08
601088,HS300,2026-10-08,47.49,READY,2,3B,Bull Trend,Neutral,Waiting,LONG,45.76,46.8,,,,,中国神华,,,1.8.5-source-port,2026-09-17,15,READY,READY,2,2026-10-08
601138,HS300,2026-10-08,55.69,READY,2,3S,Bear Trend,Neutral,Bear Micro BOS,SHORT,60.4,60.84,,,,,工业富联,,,1.8.5-source-port,2026-09-23,12,READY,READY,2,2026-10-08
601318,HS300,2026-10-08,52.67,READY,2,3S,Bull Trend,Neutral,Waiting,SHORT,53.1,54.83,,,,,中国平安,,,1.8.5-source-port,2026-09-17,15,READY,READY,2,2026-10-08
601398,HS300,2026-10-08,8.31,READY,2,3B,Bull Trend,Neutral,Bull Micro BOS,LONG,8.04,8.16,,,,,工商银行,,,1.8.5-source-port,2026-09-17,15,ENTRY,READY,3,2026-10-08
601600,HS300,2026-10-08,9.02,READY,2,3S,Bear Trend,Neutral,Waiting,SHORT,9.21,9.81,,,,,中国铝业,,,1.8.5-source-port,2026-09-23,12,READY,READY,2,2026-10-08
601601,HS300,2026-10-08,30.83,READY,2,3S,Bull Trend,Neutral,Waiting,SHORT,32.64,33.09,,,,,中国太保,,,1.8.5-source-port,2026-08-31,31,READY,READY,3,2026-10-08
601868,HS300,2026-10-08,2.38,READY,2,3S,Bear Trend,Neutral,Waiting,SHORT,2.47,2.53,,,,,中国能建,,,1.8.5-source-port,2026-09-14,18,READY,READY,2,2026-10-08
601872,HS300,2026-10-08,22.03,READY,2,3B,Bull Trend,Neutral,Waiting,LONG,19.78,20.1,,,,,招商轮船,,,1.8.5-source-port,2026-09-17,15,WATCH,READY,2,2026-10-08
601881,HS300,2026-10-08,11.4,READY,2,3S,Bear Trend,Neutral,Bear Micro BOS,SHORT,11.86,12.22,,,,,中国银河,,,1.8.5-source-port,2026-09-09,21,READY,READY,2,2026-10-08
601899,HS300,2026-10-08,29.37,READY,2,3S,Bear Trend,Neutral,Waiting,SHORT,32.19,33.27,,,,,紫金矿业,,,1.8.5-source-port,2026-08-31,31,READY,READY,2,2026-10-08
601901,HS300,2026-10-08,6.6,READY,2,3S,Bearish Zhongshu,Neutral,Waiting,SHORT,6.73,6.95,,,,,方正证券,,,1.8.5-source-port,2026-09-16,16,READY,READY,2,2026-10-08
601916,HS300,2026-10-08,2.92,READY,2,3S,Bear Trend,Re-Accumulation,Waiting,SHORT,2.94,2.96,,,,,浙商银行,,,1.8.5-source-port,2026-09-17,15,READY,READY,2,2026-10-08
603019,HS300,2026-10-08,76.78,READY,2,3S,Bearish Zhongshu,Neutral,Bear Micro BOS,SHORT,81.07,86.3,,,,,中科曙光,,,1.8.5-source-port,2026-09-23,12,READY,READY,2,2026-10-08
605117,HS300,2026-10-08,76.96,READY,2,3S,Bear Trend,Neutral,Waiting,SHORT,80.84,87.16,,,,,德业股份,,,1.8.5-source-port,2026-09-17,15,READY,READY,2,2026-10-08
688036,HS300,2026-10-08,46.1,READY,2,3S,Bear Trend,Neutral,Bear Micro BOS,SHORT,53.15,54.65,,,,,传音控股,,,1.8.5-source-port,2026-10-08,1,NONE,READY,2,2026-10-08
688041,HS300,2026-10-08,220.53,READY,2,3S,Bearish Zhongshu,Neutral,Bear Micro BOS,SHORT,225.75,256.6,,,,,海光信息,,,1.8.5-source-port,2026-09-23,12,WATCH,READY,2,2026-10-08
688256,HS300,2026-10-08,981.0,READY,2,3S,Neutral Zhongshu,Neutral,Bear Micro BOS,SHORT,1010.83,1140.96,,,,,寒武纪,,,1.8.5-source-port,2026-10-08,1,NONE,READY,2,2026-10-08
688521,HS300,2026-10-08,153.39,READY,2,3S,Bear Trend,Neutral,Bear Micro BOS,SHORT,170.21,198.6,,,,,芯原股份,,,1.8.5-source-port,2026-10-08,1,NONE,READY,2,2026-10-08
000617,HS300,2026-10-08,6.53,READY,2,2S,Bearish Zhongshu,Neutral,Bear Micro BOS,SHORT,7.08,7.32,,,,,中油资本,,,1.8.5-source-port,2026-08-31,31,READY,READY,2,2026-10-08
000625,HS300,2026-10-08,7.04,READY,2,2B,Bearish Zhongshu,Neutral,Waiting,LONG,7.11,7.17,,,,,长安汽车,,,1.8.5-source-port,2026-09-21,14,READY,READY,2,2026-10-08
000977,HS300,2026-10-08,64.56,READY,2,2S,Bear Trend,Neutral,Bear Micro BOS,SHORT,71.42,73.46,,,,,浪潮信息,,,1.8.5-source-port,2026-09-24,11,READY,READY,2,2026-10-08
002353,HS300,2026-10-08,109.55,READY,2,2S,Bearish Zhongshu,Neutral,Waiting,SHORT,115.41,128.45,,,,,杰瑞股份,,,1.8.5-source-port,2026-09-17,15,READY,READY,2,2026-10-08
002460,HS300,2026-10-08,44.21,READY,2,2S,Bearish Zhongshu,Neutral,Waiting,SHORT,50.81,55.18,,,,,赣锋锂业,,,1.8.5-source-port,2026-09-22,13,READY,READY,2,2026-10-08
002466,HS300,2026-10-08,40.69,READY,2,2S,Bearish Zhongshu,Neutral,Waiting,SHORT,45.8,49.8,,,,,天齐锂业,,,1.8.5-source-port,2026-09-24,11,READY,READY,2,2026-10-08
002493,HS300,2026-10-08,13.49,READY,2,2S,Bullish Zhongshu,Neutral,Waiting,SHORT,12.65,12.69,,,,,荣盛石化,,,1.8.5-source-port,2026-09-17,15,READY,READY,2,2026-10-08
002714,HS300,2026-10-08,41.13,READY,2,2S,Bull Trend,Neutral,Waiting,SHORT,40.64,41.55,,,,,牧原股份,,,1.8.5-source-port,2026-09-17,15,READY,READY,2,2026-10-08
003816,HS300,2026-10-08,4.41,READY,2,2S,Bull Trend,Neutral,Bull Micro BOS,SHORT,4.16,4.2,,,,,中国广核,,,1.8.5-source-port,2026-09-17,15,READY,READY,2,2026-10-08
300760,HS300,2026-10-08,157.6,READY,2,2S,Bull Trend,Neutral,Waiting,SHORT,156.01,160.73,,,,,迈瑞医疗,,,1.8.5-source-port,2026-09-17,15,READY,READY,2,2026-10-08
300803,HS300,2026-10-08,51.24,READY,2,2S,Bear Trend,Neutral,Bear Micro BOS,SHORT,54.04,58.57,,,,,指南针,,,1.8.5-source-port,2026-09-28,9,READY,READY,2,2026-10-08
300832,HS300,2026-10-08,48.88,READY,2,2S,Bearish Zhongshu,Neutral,Waiting,SHORT,49.45,49.6,,,,,新产业,,,1.8.5-source-port,2026-08-31,31,READY,READY,2,2026-10-08
300866,HS300,2026-10-08,114.66,READY,2,2S,Bull Trend,Neutral,Bear Micro BOS,SHORT,124.2,126.16,,,,,安克创新,,,1.8.5-source-port,2026-09-17,15,READY,READY,2,2026-10-08
301165,HS300,2026-10-08,97.7,READY,2,2S,Bull Trend,Neutral,Bear Micro BOS,SHORT,111.1,114.99,,,,,锐捷网络,,,1.8.5-source-port,2026-09-21,14,READY,READY,2,2026-10-08
600039,HS300,2026-10-08,8.89,READY,2,2S,Bull Trend,Neutral,Waiting,SHORT,8.63,9.1,,,,,四川路桥,,,1.8.5-source-port,2026-09-17,15,READY,READY,2,2026-10-08
600276,HS300,2026-10-08,47.01,READY,2,2B,Bear Trend,Neutral,Waiting,LONG,45.26,46.14,,,,,恒瑞医药,,,1.8.5-source-port,2026-09-30,7,ENTRY,READY,3,2026-10-08
600309,HS300,2026-10-08,69.79,READY,2,2S,Bear Trend,Neutral,Waiting,SHORT,71.72,72.49,,,,,万华化学,,,1.8.5-source-port,2026-08-31,31,READY,READY,3,2026-10-08
600362,HS300,2026-10-08,41.89,READY,2,2S,Bearish Zhongshu,Accumulation,Waiting,SHORT,43.78,44.24,,,,,江西铜业,,,1.8.5-source-port,2026-09-17,15,READY,READY,2,2026-10-08
600372,HS300,2026-10-08,11.16,READY,2,2B,Bull Trend,Neutral,Waiting,LONG,11.32,11.6,,,,,中航机载,,,1.8.5-source-port,2026-09-04,28,READY,READY,3,2026-10-08
600588,HS300,2026-10-08,9.01,READY,2,2S,Bull Trend,Neutral,Waiting,SHORT,10.01,10.1,,,,,用友网络,,,1.8.5-source-port,2026-09-17,15,READY,READY,2,2026-10-08
600918,HS300,2026-10-08,5.36,READY,2,2S,Bearish Zhongshu,Neutral,Waiting,SHORT,5.6,5.73,,,,,中泰证券,,,1.8.5-source-port,2026-08-31,31,READY,READY,2,2026-10-08
600958,HS300,2026-10-08,8.52,READY,2,2S,Bearish Zhongshu,Neutral,Bear Micro BOS,SHORT,9.0,9.2,,,,,东方证券,,,1.8.5-source-port,2026-09-17,15,READY,READY,2,2026-10-08
600999,HS300,2026-10-08,16.86,READY,2,2S,Bear Trend,Neutral,Bear Micro BOS,SHORT,17.65,17.78,,,,,招商证券,,,1.8.5-source-port,2026-09-28,9,READY,READY,2,2026-10-08
601058,HS300,2026-10-08,12.94,READY,2,2S,Bearish Zhongshu,Neutral,Bear Micro BOS,SHORT,13.87,14.12,,,,,赛轮轮胎,,,1.8.5-source-port,2026-08-31,31,READY,READY,2,2026-10-08
601077,HS300,2026-10-08,6.78,READY,2,2S,Bull Trend,Neutral,Bull Micro BOS,SHORT,6.67,6.9,,,,,渝农商行,,,1.8.5-source-port,2026-08-31,31,READY,READY,2,2026-10-08
601111,HS300,2026-10-08,5.74,READY,2,2B,Bearish Zhongshu,Neutral,Waiting,LONG,5.92,5.95,,,,,中国国航,,,1.8.5-source-port,2026-09-24,11,READY,READY,2,2026-10-08
601766,HS300,2026-10-08,6.22,READY,2,2S,Bull Trend,Neutral,Bull Micro BOS,SHORT,5.91,5.99,,,,,中国中车,,,1.8.5-source-port,2026-09-17,15,READY,READY,2,2026-10-08
601825,HS300,2026-10-08,8.71,READY,2,2S,Bullish Zhongshu,Neutral,Waiting,SHORT,8.53,8.55,,,,,沪农商行,,,1.8.5-source-port,2026-08-31,31,READY,READY,2,2026-10-08
601919,HS300,2026-10-08,16.6,READY,2,2S,Bullish Zhongshu,Neutral,Bull Micro BOS,SHORT,16.04,16.43,,,,,中远海控,,,1.8.5-source-port,2026-08-31,31,READY,READY,3,2026-10-08
603369,HS300,2026-10-08,27.65,READY,2,2S,Bearish Zhongshu,Neutral,Waiting,SHORT,28.59,30.99,,,,,今世缘,,,1.8.5-source-port,2026-08-31,31,READY,READY,2,2026-10-08
000001,HS300,2026-10-08,11.78,WATCH,1,NONE,Bull Trend,Neutral,Bull Micro BOS,,11.32,11.41,,,,,平安银行,,,1.8.5-source-port,2026-09-17,15,WATCH,WATCH,2,2026-10-08
000002,HS300,2026-10-08,4.06,WATCH,1,NONE,Bullish Zhongshu,Neutral,Waiting,,3.15,3.17,,,,,万科A,,,1.8.5-source-port,2026-09-24,11,ENTRY,WATCH,3,2026-10-08
000157,HS300,2026-10-08,6.03,WATCH,1,NONE,Bearish Zhongshu,Neutral,Waiting,,6.88,7.13,,,,,中联重科,,,1.8.5-source-port,2026-09-21,14,WATCH,WATCH,1,2026-10-08
000166,HS300,2026-10-08,4.33,WATCH,1,NONE,Bearish Zhongshu,Neutral,Waiting,,4.43,4.53,,,,,申万宏源,,,1.8.5-source-port,2026-09-17,15,WATCH,WATCH,1,2026-10-08
000568,HS300,2026-10-08,72.61,WATCH,1,NONE,Bullish Zhongshu,Neutral,Waiting,,71.29,73.18,,,,,泸州老窖,,,1.8.5-source-port,2026-09-17,15,WATCH,WATCH,1,2026-10-08
000596,HS300,2026-10-08,93.55,WATCH,1,NONE,Bullish Zhongshu,Neutral,Waiting,,91.02,92.69,,,,,古井贡酒,,,1.8.5-source-port,2026-09-17,15,WATCH,WATCH,2,2026-10-08
000651,HS300,2026-10-08,38.32,WATCH,1,NONE,Bearish Zhongshu,Neutral,Waiting,,38.39,39.96,,,,,格力电器,,,1.8.5-source-port,2026-09-22,13,WATCH,WATCH,1,2026-10-08
000657,HS300,2026-10-08,51.85,WATCH,1,NONE,Bearish Zhongshu,Neutral,Bear Micro BOS,,62.0,62.46,,,,,中钨高新,,,1.8.5-source-port,2026-09-22,13,WATCH,WATCH,1,2026-10-08
000725,HS300,2026-10-08,5.5,WATCH,1,NONE,Bearish Zhongshu,Neutral,Waiting,,5.71,6.17,,,,,京东方A,,,1.8.5-source-port,2026-09-22,13,WATCH,WATCH,1,2026-10-08
000776,HS300,2026-10-08,19.32,WATCH,1,NONE,Bearish Zhongshu,Neutral,Bear Micro BOS,,21.17,21.22,,,,,广发证券,,,1.8.5-source-port,2026-09-22,13,WATCH,WATCH,1,2026-10-08
000807,HS300,2026-10-08,26.3,WATCH,1,NONE,Neutral Zhongshu,Neutral,Waiting,,25.45,27.34,,,,,云铝股份,,,1.8.5-source-port,2026-09-30,7,WATCH,WATCH,1,2026-10-08
000975,HS300,2026-10-08,22.14,WATCH,1,NONE,Bull Trend,Neutral,Waiting,,19.82,20.98,,,,,山金国际,,,1.8.5-source-port,2026-09-17,15,WATCH,WATCH,1,2026-10-08
000988,HS300,2026-10-08,86.99,WATCH,1,NONE,Bearish Zhongshu,Neutral,Bear Micro BOS,,100.02,111.44,,,,,华工科技,,,1.8.5-source-port,2026-09-17,15,WATCH,WATCH,1,2026-10-08
001280,HS300,2026-10-08,60.42,WATCH,1,NONE,Bearish Zhongshu,Neutral,Waiting,,66.4,66.98,,,,,中国铀业,,,1.8.5-source-port,2026-09-17,15,WATCH,WATCH,1,2026-10-08
001965,HS300,2026-10-08,10.23,WATCH,1,NONE,Bullish Zhongshu,Neutral,Waiting,,9.78,9.9,,,,,招商公路,,,1.8.5-source-port,2026-09-21,14,WATCH,WATCH,1,2026-10-08
002028,HS300,2026-10-08,117.11,WATCH,1,NONE,Bearish Zhongshu,Neutral,Bear Micro BOS,,169.28,170.5,,,,,思源电气,,,1.8.5-source-port,2026-09-17,15,WATCH,WATCH,1,2026-10-08
002074,HS300,2026-10-08,31.3,WATCH,1,NONE,Bullish Zhongshu,Neutral,Bull Micro BOS,,26.71,27.84,,,,,国轩高科,,,1.8.5-source-port,2026-09-23,12,WATCH,WATCH,1,2026-10-08
002179,HS300,2026-10-08,33.18,WATCH,1,NONE,Bearish Zhongshu,Neutral,Waiting,,34.79,34.88,,,,,中航光电,,,1.8.5-source-port,2026-09-17,15,WATCH,WATCH,1,2026-10-08
002463,HS300,2026-10-08,115.88,WATCH,1,NONE,Bull Trend,Neutral,Bear Micro BOS,,125.13,125.32,,,,,沪电股份,,,1.8.5-source-port,2026-09-17,15,WATCH,WATCH,1,2026-10-08
002600,HS300,2026-10-08,11.42,WATCH,1,NONE,Bull Trend,Neutral,Bear Micro BOS,,12.46,12.78,,,,,领益智造,,,1.8.5-source-port,2026-09-17,15,WATCH,WATCH,1,2026-10-08
002625,HS300,2026-10-08,23.15,WATCH,1,NONE,Bearish Zhongshu,Neutral,Waiting,,27.02,28.86,,,,,光启技术,,,1.8.5-source-port,2026-09-21,14,WATCH,WATCH,1,2026-10-08
002916,HS300,2026-10-08,368.02,WATCH,1,NONE,Bull Trend,Neutral,Bear Micro BOS,,350.0,388.18,,,,,深南电路,,,1.8.5-source-port,2026-09-17,15,WATCH,WATCH,1,2026-10-08
300014,HS300,2026-10-08,50.48,WATCH,1,NONE,Bearish Zhongshu,Neutral,Waiting,,54.27,55.86,,,,,亿纬锂能,,,1.8.5-source-port,2026-09-17,15,WATCH,WATCH,2,2026-10-08
300015,HS300,2026-10-08,7.86,WATCH,1,NONE,Bearish Zhongshu,Neutral,Waiting,,8.6,8.6,,,,,爱尔眼科,,,1.8.5-source-port,2026-09-17,15,WATCH,WATCH,1,2026-10-08
300308,HS300,2026-10-08,783.0,WATCH,1,NONE,Bearish Zhongshu,Neutral,Bear Micro BOS,,830.0,929.8,,,,,中际旭创,,,1.8.5-source-port,2026-09-17,15,WATCH,WATCH,3,2026-10-08
300408,HS300,2026-10-08,116.3,WATCH,1,NONE,Bull Trend,Neutral,Waiting,,114.1,115.49,,,,,三环集团,,,1.8.5-source-port,2026-09-17,15,WATCH,WATCH,1,2026-10-08
300418,HS300,2026-10-08,38.36,WATCH,1,NONE,Bearish Zhongshu,Distribution,Bear Micro BOS,,42.16,45.1,,,,,昆仑万维,,,1.8.5-source-port,2026-09-17,15,WATCH,WATCH,1,2026-10-08
300442,HS300,2026-10-08,62.43,WATCH,1,NONE,Bearish Zhongshu,Neutral,Waiting,,60.37,66.31,,,,,润泽科技,,,1.8.5-source-port,2026-09-24,11,WATCH,WATCH,3,2026-10-08
300498,HS300,2026-10-08,14.87,WATCH,1,NONE,Bullish Zhongshu,Neutral,Waiting,,14.65,14.72,,,,,温氏股份,,,1.8.5-source-port,2026-09-29,8,WATCH,WATCH,1,2026-10-08
300628,HS300,2026-10-08,40.03,WATCH,1,NONE,Bullish Zhongshu,Neutral,Waiting,,39.45,40.33,,,,,亿联网络,,,1.8.5-source-port,2026-09-17,15,WATCH,WATCH,1,2026-10-08
300661,HS300,2026-10-08,96.0,WATCH,1,NONE,Bearish Zhongshu,Neutral,Bear Micro BOS,,108.36,116.16,,,,,圣邦股份,,,1.8.5-source-port,2026-09-17,15,WATCH,WATCH,3,2026-10-08
300999,HS300,2026-10-08,23.9,WATCH,1,NONE,Bearish Zhongshu,Neutral,Bear Micro BOS,,25.68,26.63,,,,,金龙鱼,,,1.8.5-source-port,2026-09-17,15,WATCH,WATCH,1,2026-10-08
301308,HS300,2026-10-08,288.6,WATCH,1,NONE,Bearish Zhongshu,Neutral,Bear Micro BOS,,373.6,442.0,,,,,江波龙,,,1.8.5-source-port,2026-09-17,15,WATCH,WATCH,1,2026-10-08
302132,HS300,2026-10-08,58.91,WATCH,1,NONE,Bearish Zhongshu,Neutral,Waiting,,58.68,59.6,,,,,中航成飞,,,1.8.5-source-port,2026-09-22,13,WATCH,WATCH,1,2026-10-08
600015,HS300,2026-10-08,6.31,WATCH,1,NONE,Neutral Zhongshu,Neutral,Bull Micro BOS,,6.19,6.45,,,,,华夏银行,,,1.8.5-source-port,2026-09-21,14,WATCH,WATCH,1,2026-10-08
600016,HS300,2026-10-08,3.54,WATCH,1,NONE,Bull Trend,Neutral,Waiting,,3.45,3.55,,,,,民生银行,,,1.8.5-source-port,2026-09-17,15,WATCH,WATCH,1,2026-10-08
600018,HS300,2026-10-08,5.54,WATCH,1,NONE,Bull Trend,Neutral,Waiting,,5.05,5.29,,,,,上港集团,,,1.8.5-source-port,2026-09-22,13,WATCH,WATCH,1,2026-10-08
600019,HS300,2026-10-08,5.97,WATCH,1,NONE,Bullish Zhongshu,Neutral,Bull Micro BOS,,5.65,5.76,,,,,宝钢股份,,,1.8.5-source-port,2026-09-17,15,WATCH,WATCH,1,2026-10-08
600023,HS300,2026-10-08,5.38,WATCH,1,NONE,Bullish Zhongshu,Neutral,Bull Micro BOS,,4.87,4.97,,,,,浙能电力,,,1.8.5-source-port,2026-09-30,7,WATCH,WATCH,1,2026-10-08
600025,HS300,2026-10-08,10.1,WATCH,1,NONE,Bullish Zhongshu,Neutral,Bull Micro BOS,,9.66,9.73,,,,,华能水电,,,1.8.5-source-port,2026-09-17,15,WATCH,WATCH,1,2026-10-08
600026,HS300,2026-10-08,22.62,WATCH,1,NONE,Bull Trend,Neutral,Bull Micro BOS,,18.38,19.85,,,,,中远海能,,,1.8.5-source-port,2026-10-01,6,WATCH,WATCH,1,2026-10-08
600028,HS300,2026-10-08,5.48,WATCH,1,NONE,Bullish Zhongshu,Neutral,Bull Micro BOS,,4.99,5.23,,,,,中国石化,,,1.8.5-source-port,2026-09-17,15,WATCH,WATCH,1,2026-10-08
600031,HS300,2026-10-08,17.03,WATCH,1,NONE,Bearish Zhongshu,Neutral,Waiting,,19.72,19.8,,,,,三一重工,,,1.8.5-source-port,2026-09-22,13,WATCH,WATCH,1,2026-10-08
600036,HS300,2026-10-08,41.71,WATCH,1,NONE,Bull Trend,Neutral,Bull Micro BOS,,40.36,40.55,,,,,招商银行,,,1.8.5-source-port,2026-09-17,15,ENTRY,WATCH,3,2026-10-08
600061,HS300,2026-10-08,6.11,WATCH,1,NONE,Bearish Zhongshu,Neutral,Waiting,,6.42,6.45,,,,,国投资本,,,1.8.5-source-port,2026-09-23,12,WATCH,WATCH,1,2026-10-08
600150,HS300,2026-10-08,39.81,WATCH,1,NONE,Bull Trend,Neutral,Waiting,,33.51,34.96,,,,,中国船舶,,,1.8.5-source-port,2026-09-24,11,WATCH,WATCH,1,2026-10-08
600176,HS300,2026-10-08,39.55,WATCH,1,NONE,Bull Trend,Neutral,Waiting,,41.5,43.98,,,,,中国巨石,,,1.8.5-source-port,2026-09-17,15,WATCH,WATCH,1,2026-10-08
600183,HS300,2026-10-08,131.86,WATCH,1,NONE,Bull Trend,Neutral,Waiting,,129.13,143.48,,,,,生益科技,,,1.8.5-source-port,2026-09-17,15,WATCH,WATCH,1,2026-10-08
600233,HS300,2026-10-08,17.78,WATCH,1,NONE,Bearish Zhongshu,Neutral,Waiting,,17.69,18.86,,,,,圆通速递,,,1.8.5-source-port,2026-09-22,13,WATCH,WATCH,1,2026-10-08
600346,HS300,2026-10-08,16.4,WATCH,1,NONE,Bull Trend,Neutral,Waiting,,16.07,16.71,,,,,恒力石化,,,1.8.5-source-port,2026-09-17,15,READY,WATCH,2,2026-10-08
600415,HS300,2026-10-08,10.83,WATCH,1,NONE,Bearish Zhongshu,Neutral,Waiting,,12.38,12.75,,,,,小商品城,,,1.8.5-source-port,2026-09-17,15,WATCH,WATCH,1,2026-10-08
600438,HS300,2026-10-08,11.44,WATCH,1,NONE,Neutral Zhongshu,Accum Watch,Waiting,,10.97,11.84,,,,,通威股份,,,1.8.5-source-port,2026-09-17,15,WATCH,WATCH,1,2026-10-08
600460,HS300,2026-10-08,29.64,WATCH,1,NONE,Bearish Zhongshu,Neutral,Waiting,,31.74,33.92,,,,,士兰微,,,1.8.5-source-port,2026-09-17,15,WATCH,WATCH,1,2026-10-08
600482,HS300,2026-10-08,34.68,WATCH,1,NONE,Bull Trend,Neutral,Waiting,,31.41,33.58,,,,,中国动力,,,1.8.5-source-port,2026-09-17,15,WATCH,WATCH,1,2026-10-08
600489,HS300,2026-10-08,21.48,WATCH,1,NONE,Bearish Zhongshu,Neutral,Waiting,,24.93,26.7,,,,,中金黄金,,,1.8.5-source-port,2026-09-17,15,WATCH,WATCH,1,2026-10-08
600584,HS300,2026-10-08,62.6,WATCH,1,NONE,Bearish Zhongshu,Neutral,Bear Micro BOS,,71.01,73.95,,,,,长电科技,,,1.8.5-source-port,2026-09-22,13,WATCH,WATCH,1,2026-10-08
600674,HS300,2026-10-08,16.91,WATCH,1,NONE,Bull Trend,Neutral,Bull Micro BOS,,14.81,15.3,,,,,川投能源,,,1.8.5-source-port,2026-09-17,15,WATCH,WATCH,1,2026-10-08
600803,HS300,2026-10-08,19.49,WATCH,1,NONE,Bull Trend,Neutral,Bull Micro BOS,,18.3,18.4,,,,,新奥股份,,,1.8.5-source-port,2026-09-17,15,ENTRY,WATCH,3,2026-10-08
600886,HS300,2026-10-08,15.64,WATCH,1,NONE,Bullish Zhongshu,Neutral,Bull Micro BOS,,14.09,14.13,,,,,国投电力,,,1.8.5-source-port,2026-09-17,15,WATCH,WATCH,1,2026-10-08
600887,HS300,2026-10-08,27.32,WATCH,1,NONE,Bull Trend,Neutral,Bull Micro BOS,,26.01,26.25,,,,,伊利股份,,,1.8.5-source-port,2026-09-17,15,WATCH,WATCH,1,2026-10-08
600900,HS300,2026-10-08,28.9,WATCH,1,NONE,Bullish Zhongshu,Neutral,Bull Micro BOS,,28.11,28.43,,,,,长江电力,,,1.8.5-source-port,2026-09-17,15,WATCH,WATCH,1,2026-10-08
600919,HS300,2026-10-08,12.57,WATCH,1,NONE,Bull Trend,Neutral,Bull Micro BOS,,11.53,11.78,,,,,江苏银行,,,1.8.5-source-port,2026-09-17,15,WATCH,WATCH,1,2026-10-08
600938,HS300,2026-10-08,34.17,WATCH,1,NONE,Bullish Zhongshu,Accumulation,Bull Micro BOS,,33.06,33.76,,,,,中国海油,,,1.8.5-source-port,2026-09-17,15,WATCH,WATCH,1,2026-10-08
600941,HS300,2026-10-08,97.96,WATCH,1,NONE,Bull Trend,Neutral,Bull Micro BOS,,93.88,94.93,,,,,中国移动,,,1.8.5-source-port,2026-09-17,15,WATCH,WATCH,1,2026-10-08
600989,HS300,2026-10-08,23.32,WATCH,1,NONE,Bull Trend,Neutral,Waiting,,22.96,23.86,,,,,宝丰能源,,,1.8.5-source-port,2026-09-17,15,READY,WATCH,2,2026-10-08
601009,HS300,2026-10-08,12.11,WATCH,1,NONE,Bull Trend,Neutral,Waiting,,11.61,11.65,,,,,南京银行,,,1.8.5-source-port,2026-09-17,15,WATCH,WATCH,1,2026-10-08
601018,HS300,2026-10-08,3.59,WATCH,1,NONE,Bull Trend,Neutral,Bull Micro BOS,,3.38,3.4,,,,,宁波港,,,1.8.5-source-port,2026-09-17,15,WATCH,WATCH,1,2026-10-08
601059,HS300,2026-09-14,15.56,WATCH,1,NONE,Bull Trend,Accumulation,Waiting,,16.44,16.84,,,,,信达证券,,,1.8.5-source-port,2026-09-17,15,WATCH,WATCH,1,2026-10-08
601136,HS300,2026-10-08,13.65,WATCH,1,NONE,Bull Trend,Neutral,Bear Micro BOS,,13.96,14.28,,,,,首创证券,,,1.8.5-source-port,2026-09-17,15,WATCH,WATCH,1,2026-10-08
601169,HS300,2026-10-08,5.66,WATCH,1,NONE,Bull Trend,Neutral,Bull Micro BOS,,4.94,4.98,,,,,北京银行,,,1.8.5-source-port,2026-09-17,15,WATCH,WATCH,1,2026-10-08
601229,HS300,2026-10-08,9.81,WATCH,1,NONE,Bullish Zhongshu,Neutral,Waiting,,9.48,9.61,,,,,上海银行,,,1.8.5-source-port,2026-09-22,13,WATCH,WATCH,1,2026-10-08
601238,HS300,2026-10-08,5.36,WATCH,1,NONE,Bullish Zhongshu,Neutral,Waiting,,5.12,5.28,,,,,广汽集团,,,1.8.5-source-port,2026-09-30,7,WATCH,WATCH,1,2026-10-08
601288,HS300,2026-10-08,7.02,WATCH,1,NONE,Bullish Zhongshu,Neutral,Waiting,,6.75,6.85,,,,,农业银行,,,1.8.5-source-port,2026-09-17,15,WATCH,WATCH,1,2026-10-08
601319,HS300,2026-10-08,7.91,WATCH,1,NONE,Neutral Zhongshu,Neutral,Waiting,,7.62,8.17,,,,,中国人保,,,1.8.5-source-port,2026-09-17,15,WATCH,WATCH,1,2026-10-08
601328,HS300,2026-10-08,7.83,WATCH,1,NONE,Bull Trend,Neutral,Bull Micro BOS,,6.85,6.99,,,,,交通银行,,,1.8.5-source-port,2026-09-17,15,WATCH,WATCH,1,2026-10-08
601360,HS300,2026-10-08,8.67,WATCH,1,NONE,Bearish Zhongshu,Neutral,Bear Micro BOS,,9.2,9.25,,,,,三六零,,,1.8.5-source-port,2026-09-17,15,WATCH,WATCH,1,2026-10-08
601628,HS300,2026-10-08,35.94,WATCH,1,NONE,Bearish Zhongshu,Neutral,Bear Micro BOS,,37.33,38.88,,,,,中国人寿,,,1.8.5-source-port,2026-09-17,15,WATCH,WATCH,1,2026-10-08
601658,HS300,2026-10-08,5.49,WATCH,1,NONE,Bull Trend,Neutral,Waiting,,5.07,5.08,,,,,邮储银行,,,1.8.5-source-port,2026-09-17,15,WATCH,WATCH,1,2026-10-08
601728,HS300,2026-10-08,6.42,WATCH,1,NONE,Neutral Zhongshu,Neutral,Bull Micro BOS,,6.1,6.14,,,,,中国电信,,,1.8.5-source-port,2026-09-17,15,WATCH,WATCH,1,2026-10-08
601788,HS300,2026-10-08,13.43,WATCH,1,NONE,Bearish Zhongshu,Neutral,Bear Micro BOS,,14.5,14.75,,,,,光大证券,,,1.8.5-source-port,2026-09-17,15,WATCH,WATCH,1,2026-10-08
601838,HS300,2026-10-08,19.58,WATCH,1,NONE,Bull Trend,Neutral,Waiting,,17.33,17.64,,,,,成都银行,,,1.8.5-source-port,2026-09-17,15,WATCH,WATCH,1,2026-10-08
601857,HS300,2026-10-08,11.59,WATCH,1,NONE,Bull Trend,Neutral,Bull Micro BOS,,10.82,10.85,,,,,中国石油,,,1.8.5-source-port,2026-09-17,15,WATCH,WATCH,1,2026-10-08
601877,HS300,2026-10-08,25.69,WATCH,1,NONE,Bull Trend,Neutral,Bull Micro BOS,,25.32,25.44,,,,,正泰电器,,,1.8.5-source-port,2026-09-17,15,WATCH,WATCH,1,2026-10-08
601898,HS300,2026-10-08,14.09,WATCH,1,NONE,Bull Trend,Neutral,Waiting,,13.7,14.44,,,,,中煤能源,,,1.8.5-source-port,2026-09-17,15,WATCH,WATCH,1,2026-10-08
601985,HS300,2026-10-08,9.17,WATCH,1,NONE,Bull Trend,Neutral,Waiting,,8.82,8.95,,,,,中国核电,,,1.8.5-source-port,2026-09-17,15,WATCH,WATCH,1,2026-10-08
601998,HS300,2026-10-08,9.08,WATCH,1,NONE,Bull Trend,Neutral,Waiting,,7.39,7.75,,,,,中信银行,,,1.8.5-source-port,2026-09-17,15,WATCH,WATCH,1,2026-10-08
603259,HS300,2026-10-08,162.0,WATCH,1,NONE,Bearish Zhongshu,Neutral,Waiting,,159.4,171.2,,,,,药明康德,,,1.8.5-source-port,2026-09-22,13,WATCH,WATCH,1,2026-10-08
603296,HS300,2026-10-08,72.55,WATCH,1,NONE,Bull Trend,Neutral,Bear Micro BOS,,76.66,79.98,,,,,华勤技术,,,1.8.5-source-port,2026-09-17,15,WATCH,WATCH,1,2026-10-08
603501,HS300,2026-10-08,78.96,WATCH,1,NONE,Bearish Zhongshu,Neutral,Waiting,,80.1,83.38,,,,,豪威集团,,,1.8.5-source-port,2026-09-23,12,WATCH,WATCH,1,2026-10-08
603893,HS300,2026-10-08,199.56,WATCH,1,NONE,Bull Trend,Neutral,Waiting,,176.75,210.94,,,,,瑞芯微,,,1.8.5-source-port,2026-09-17,15,READY,WATCH,3,2026-10-08
603986,HS300,2026-10-08,334.4,WATCH,1,NONE,Bearish Zhongshu,Neutral,Bear Micro BOS,,367.0,398.0,,,,,兆易创新,,,1.8.5-source-port,2026-09-17,15,WATCH,WATCH,1,2026-10-08
688008,HS300,2026-10-08,197.01,WATCH,1,NONE,Bearish Zhongshu,Neutral,Waiting,,189.78,226.45,,,,,澜起科技,,,1.8.5-source-port,2026-09-23,12,WATCH,WATCH,1,2026-10-08
688012,HS300,2026-10-08,313.24,WATCH,1,NONE,Bearish Zhongshu,Neutral,Bear Micro BOS,,341.64,363.07,,,,,中微公司,,,1.8.5-source-port,2026-09-17,15,WATCH,WATCH,1,2026-10-08
688082,HS300,2026-10-08,273.22,WATCH,1,NONE,Bearish Zhongshu,Neutral,Waiting,,283.31,300.74,,,,,盛美上海,,,1.8.5-source-port,2026-09-22,13,WATCH,WATCH,3,2026-10-08
688126,HS300,2026-10-08,21.57,WATCH,1,NONE,Bearish Zhongshu,Neutral,Waiting,,23.02,24.82,,,,,沪硅产业,,,1.8.5-source-port,2026-09-23,12,WATCH,WATCH,1,2026-10-08
688183,HS300,2026-10-08,105.22,WATCH,1,NONE,Bull Trend,Neutral,Bear Micro BOS,,121.38,121.39,,,,,生益电子,,,1.8.5-source-port,2026-09-17,15,WATCH,WATCH,1,2026-10-08
688303,HS300,2026-10-08,15.73,WATCH,1,NONE,Bearish Zhongshu,Neutral,Waiting,,18.45,19.86,,,,,大全能源,,,1.8.5-source-port,2026-09-17,15,WATCH,WATCH,1,2026-10-08
688396,HS300,2026-10-08,52.02,WATCH,1,NONE,Bearish Zhongshu,Neutral,Bear Micro BOS,,60.49,62.71,,,,,华润微,,,1.8.5-source-port,2026-09-17,15,WATCH,WATCH,1,2026-10-08
LH,SP500,2026-10-08,314.20001220703125,ENTRY,3,SPR,Bullish Zhongshu,Accumulation,Bull Micro BOS,LONG,305.45,311.54,314.2,302.88,336.85,348.17,Labcorp,Health Care,,1.8.5-source-port,2026-09-23,13,READY,ENTRY,3,2026-10-09
ABBV,SP500,2026-10-08,272.4200134277344,ENTRY,3,3B,Bull Trend,Neutral,Bull Micro BOS,LONG,261.52,266.97,272.42,264.0,289.26,297.68,AbbVie,Health Care,,1.8.5-source-port,2026-09-23,13,ENTRY,ENTRY,3,2026-10-09
CHD,SP500,2026-10-08,97.7300033569336,ENTRY,3,3B,Bullish Zhongshu,Neutral,Bull Micro BOS,LONG,96.27,96.28,97.73,95.82,101.56,103.47,Church & Dwight,Consumer Staples,,1.8.5-source-port,2026-09-01,29,READY,ENTRY,3,2026-10-09
HOOD,SP500,2026-10-08,107.01000213623047,ENTRY,3,3S,Bull Trend,Neutral,Bear Micro BOS,SHORT,110.66,112.45,107.01,111.12,98.78,94.67,Robinhood Markets,Financials,,1.8.5-source-port,2026-09-23,13,READY,ENTRY,3,2026-10-09
DPZ,SP500,2026-10-08,308.6499938964844,ENTRY,3,2B,Bear Trend,Neutral,Bull Micro BOS,LONG,328.72,353.0,308.65,290.82,344.31,362.14,Domino's,Consumer Discretionary,,1.8.5-source-port,2026-09-30,8,READY,ENTRY,3,2026-10-09
AIG,SP500,2026-10-08,77.05000305175781,ENTRY,3,BRK,Bear Trend,Neutral,Bull Micro BOS,LONG,75.06,76.4,77.05,75.19,80.78,82.64,American International Group,Financials,,1.8.5-source-port,2026-09-23,13,WATCH,ENTRY,3,2026-10-09
CAT,SP500,2026-10-08,796.1799926757812,ENTRY,3,BRK_SHORT,Bearish Zhongshu,Neutral,Bear Micro BOS,SHORT,808.2,827.81,796.18,829.97,728.6,694.8,Caterpillar Inc.,Industrials,,1.8.5-source-port,2026-09-23,13,WATCH,ENTRY,3,2026-10-09
CI,SP500,2026-10-08,281.0299987792969,ENTRY,3,BRK,Bear Trend,Neutral,Bull Micro BOS,LONG,274.04,278.47,281.03,273.13,296.82,304.72,Cigna,Health Care,,1.8.5-source-port,2026-09-24,12,WATCH,ENTRY,3,2026-10-09
DLTR,SP500,2026-10-08,118.62000274658203,ENTRY,3,BRK,Bear Trend,Neutral,Bull Micro BOS,LONG,111.23,116.89,118.62,114.8,126.26,130.09,Dollar Tree,Consumer Staples,,1.8.5-source-port,2026-09-23,13,WATCH,ENTRY,3,2026-10-09
ERIE,SP500,2026-10-08,226.5399932861328,ENTRY,3,BRK,Bullish Zhongshu,Neutral,Bull Micro BOS,LONG,215.32,223.51,226.54,215.84,247.93,258.63,Erie Indemnity,Financials,,1.8.5-source-port,2026-09-30,8,READY,ENTRY,3,2026-10-09
HCA,SP500,2026-10-08,445.010009765625,ENTRY,3,BRK,Bull Trend,Neutral,Bull Micro BOS,LONG,422.45,436.5,445.01,432.39,470.24,482.86,HCA Healthcare,Health Care,,1.8.5-source-port,2026-09-29,9,WATCH,ENTRY,3,2026-10-09
MA,SP500,2026-10-08,574.760009765625,ENTRY,3,BRK,Bear Trend,Neutral,Bull Micro BOS,LONG,556.06,569.57,574.76,565.7,592.88,601.94,Mastercard,Financials,,1.8.5-source-port,2026-09-29,9,WATCH,ENTRY,3,2026-10-09
MO,SP500,2026-10-08,71.41999816894531,ENTRY,3,BRK,Bullish Zhongshu,Neutral,Bull Micro BOS,LONG,69.87,70.53,71.42,69.59,75.07,76.9,Altria,Consumer Staples,,1.8.5-source-port,2026-09-29,9,WATCH,ENTRY,3,2026-10-09
RDDT,SP500,2026-10-08,156.47000122070312,ENTRY,3,BRK,Bear Trend,Neutral,Bull Micro BOS,LONG,143.47,152.85,156.47,150.15,169.1,175.42,Reddit,Communication Services,,1.8.5-source-port,2026-09-23,13,READY,ENTRY,3,2026-10-09
SNDK,SP500,2026-10-08,1609.4599609375,ENTRY,3,BRK_SHORT,Bearish Zhongshu,Neutral,Bear Micro BOS,SHORT,1659.02,1733.28,1609.46,1699.69,1429.01,1338.78,Sandisk,Information Technology,,1.8.5-source-port,2026-09-23,13,WATCH,ENTRY,3,2026-10-09
UAL,SP500,2026-10-08,107.44000244140625,ENTRY,3,BRK_SHORT,Bull Trend,Neutral,Bear Micro BOS,SHORT,109.08,110.77,107.44,110.74,100.84,97.54,United Airlines Holdings,Industrials,,1.8.5-source-port,2026-09-23,13,READY,ENTRY,3,2026-10-09
V,SP500,2026-10-08,375.1000061035156,ENTRY,3,BRK,Bear Trend,Neutral,Bull Micro BOS,LONG,365.52,370.5,375.1,368.61,388.09,394.58,Visa Inc.,Financials,,1.8.5-source-port,2026-09-29,9,WATCH,ENTRY,3,2026-10-09
YUM,SP500,2026-10-08,143.0,ENTRY,3,BRK,Bullish Zhongshu,Neutral,Bull Micro BOS,LONG,135.35,140.3,143.0,139.08,150.85,154.77,Yum! Brands,Consumer Discretionary,,1.8.5-source-port,2026-09-23,13,WATCH,ENTRY,3,2026-10-09
ABNB,SP500,2026-10-08,163.22999572753906,READY,2,3S,Bear Trend,Neutral,Waiting,SHORT,165.83,170.53,,,,,Airbnb,Consumer Discretionary,,1.8.5-source-port,2026-09-01,29,READY,READY,3,2026-10-09
ALB,SP500,2026-10-08,102.0999984741211,READY,2,3S,Bear Trend,Neutral,Bear Micro BOS,SHORT,111.55,117.59,,,,,Albemarle Corporation,Materials,,1.8.5-source-port,2026-09-23,13,READY,READY,3,2026-10-09
ALLE,SP500,2026-10-08,149.99000549316406,READY,2,3S,Bear Trend,Accum Watch,Waiting,SHORT,151.33,155.79,,,,,Allegion,Industrials,,1.8.5-source-port,2026-09-23,13,ENTRY,READY,3,2026-10-09
AMCR,SP500,2026-10-08,41.880001068115234,READY,2,3S,Bear Trend,Neutral,Waiting,SHORT,41.94,43.33,,,,,Amcor,Materials,,1.8.5-source-port,2026-09-01,29,READY,READY,3,2026-10-09
AMT,SP500,2026-10-08,166.72999572753906,READY,2,3S,Bear Trend,Neutral,Waiting,SHORT,171.73,172.68,,,,,American Tower,Real Estate,,1.8.5-source-port,2026-09-23,13,READY,READY,3,2026-10-09
ANET,SP500,2026-10-08,210.97000122070312,READY,2,3B,Bull Trend,Neutral,Waiting,LONG,200.77,206.13,,,,,Arista Networks,Information Technology,,1.8.5-source-port,2026-09-23,13,READY,READY,3,2026-10-09
AOS,SP500,2026-10-08,56.560001373291016,READY,2,3S,Bear Trend,Neutral,Waiting,SHORT,56.5,58.95,,,,,A. O. Smith,Industrials,,1.8.5-source-port,2026-09-23,13,ENTRY,READY,3,2026-10-09
APH,SP500,2026-10-08,85.31999969482422,READY,2,3B,Bull Trend,Neutral,Waiting,LONG,80.05,84.35,,,,,Amphenol,Information Technology,,1.8.5-source-port,2026-09-23,13,READY,READY,3,2026-10-09
APO,SP500,2026-10-08,115.30000305175781,READY,2,3S,Bear Trend,Neutral,Waiting,SHORT,122.72,129.9,,,,,Apollo Global Management,Financials,,1.8.5-source-port,2026-09-23,13,READY,READY,2,2026-10-09
APP,SP500,2026-10-08,280.1199951171875,READY,2,3S,Bearish Zhongshu,Neutral,Waiting,SHORT,303.17,335.45,,,,,AppLovin,Communication Services,,1.8.5-source-port,2026-09-23,13,READY,READY,2,2026-10-09
APTV,SP500,2026-10-08,44.209999084472656,READY,2,3S,Bear Trend,Neutral,Waiting,SHORT,44.52,45.38,,,,,Aptiv,Consumer Discretionary,,1.8.5-source-port,2026-09-23,13,READY,READY,2,2026-10-09
ARES,SP500,2026-10-08,116.26000213623047,READY,2,3S,Bear Trend,Neutral,Waiting,SHORT,121.29,130.65,,,,,Ares Management,Financials,,1.8.5-source-port,2026-09-30,8,READY,READY,2,2026-10-09
BLDR,SP500,2026-10-08,53.810001373291016,READY,2,3S,Bear Trend,Neutral,Waiting,SHORT,58.13,61.82,,,,,Builders FirstSource,Industrials,,1.8.5-source-port,2026-09-23,13,READY,READY,2,2026-10-09
BMY,SP500,2026-10-08,59.58000183105469,READY,2,3S,Bear Trend,Neutral,Waiting,SHORT,63.0,63.47,,,,,Bristol Myers Squibb,Health Care,,1.8.5-source-port,2026-09-30,8,READY,READY,3,2026-10-09
BRO,SP500,2026-10-08,63.75,READY,2,3S,Bear Trend,Neutral,Bull Micro BOS,SHORT,65.41,67.16,,,,,Brown & Brown,Financials,,1.8.5-source-port,2026-09-30,8,READY,READY,2,2026-10-09
BX,SP500,2026-10-08,112.68000030517578,READY,2,3S,Bear Trend,Neutral,Waiting,SHORT,121.42,127.75,,,,,Blackstone Inc.,Financials,,1.8.5-source-port,2026-09-23,13,READY,READY,2,2026-10-09
C,SP500,2026-10-08,128.0800018310547,READY,2,3S,Bear Trend,Neutral,Waiting,SHORT,130.31,134.72,,,,,Citigroup,Financials,,1.8.5-source-port,2026-09-23,13,READY,READY,3,2026-10-09
CDNS,SP500,2026-10-08,348.8399963378906,READY,2,3B,Bullish Zhongshu,Neutral,Waiting,LONG,331.68,348.12,,,,,Cadence Design Systems,Information Technology,,1.8.5-source-port,2026-09-23,13,READY,READY,3,2026-10-09
CHRW,SP500,2026-10-08,141.33999633789062,READY,2,3S,Bull Trend,Neutral,Waiting,SHORT,145.02,150.36,,,,,C.H. Robinson,Industrials,,1.8.5-source-port,2026-09-29,9,READY,READY,2,2026-10-09
CIEN,SP500,2026-10-08,425.92999267578125,READY,2,3B,Bull Trend,Neutral,Waiting,LONG,339.33,376.74,,,,,Ciena,Information Technology,,1.8.5-source-port,2026-09-23,13,READY,READY,2,2026-10-09
CME,SP500,2026-10-08,276.44000244140625,READY,2,3B,Bullish Zhongshu,Neutral,Waiting,LONG,258.87,267.82,,,,,CME Group,Financials,,1.8.5-source-port,2026-09-23,13,READY,READY,2,2026-10-09
CMI,SP500,2026-10-08,520.4000244140625,READY,2,3S,Bear Trend,Neutral,Waiting,SHORT,542.7,562.14,,,,,Cummins,Industrials,,1.8.5-source-port,2026-09-23,13,READY,READY,2,2026-10-09
CRL,SP500,2026-10-08,298.0,READY,2,3B,Bull Trend,Neutral,Waiting,LONG,267.27,298.4,,,,,Charles River Laboratories,Health Care,,1.8.5-source-port,2026-09-23,13,READY,READY,3,2026-10-09
DASH,SP500,2026-10-08,191.7100067138672,READY,2,3S,Bear Trend,Neutral,Waiting,SHORT,191.74,194.24,,,,,DoorDash,Consumer Discretionary,,1.8.5-source-port,2026-09-01,29,READY,READY,3,2026-10-09
DE,SP500,2026-10-08,652.5800170898438,READY,2,3S,Bearish Zhongshu,Neutral,Waiting,SHORT,665.45,705.88,,,,,Deere & Company,Industrials,,1.8.5-source-port,2026-09-29,9,READY,READY,2,2026-10-09
DGX,SP500,2026-10-08,230.80999755859375,READY,2,3S,Bearish Zhongshu,Neutral,Waiting,SHORT,231.52,239.92,,,,,Quest Diagnostics,Health Care,,1.8.5-source-port,2026-09-23,13,ENTRY,READY,3,2026-10-09
DOC,SP500,2026-10-08,18.520000457763672,READY,2,3S,Bear Trend,Neutral,Bear Micro BOS,SHORT,20.37,20.88,,,,,Healthpeak Properties,Real Estate,,1.8.5-source-port,2026-09-23,13,READY,READY,2,2026-10-09
DRI,SP500,2026-10-08,200.52000427246094,READY,2,3S,Bear Trend,Neutral,Waiting,SHORT,210.86,216.17,,,,,Darden Restaurants,Consumer Discretionary,,1.8.5-source-port,2026-09-23,13,READY,READY,2,2026-10-09
EL,SP500,2026-10-08,94.31999969482422,READY,2,3B,Bull Trend,Neutral,Waiting,LONG,88.68,88.87,,,,,Estée Lauder Companies (The),Consumer Staples,,1.8.5-source-port,2026-09-23,13,READY,READY,3,2026-10-09
EMR,SP500,2026-10-08,159.05999755859375,READY,2,3B,Bullish Zhongshu,Neutral,Waiting,LONG,154.08,158.98,,,,,Emerson Electric,Industrials,,1.8.5-source-port,2026-09-23,13,READY,READY,3,2026-10-09
EW,SP500,2026-10-08,84.23999786376953,READY,2,3S,Bearish Zhongshu,Neutral,Bear Micro BOS,SHORT,88.79,89.66,,,,,Edwards Lifesciences,Health Care,,1.8.5-source-port,2026-09-01,29,READY,READY,2,2026-10-09
EXR,SP500,2026-10-08,133.1199951171875,READY,2,3S,Bear Trend,Neutral,Waiting,SHORT,133.59,139.54,,,,,Extra Space Storage,Real Estate,,1.8.5-source-port,2026-09-23,13,READY,READY,2,2026-10-09
FICO,SP500,2026-10-08,707.4299926757812,READY,2,3S,Bear Trend,Neutral,Waiting,SHORT,885.0,1014.0,,,,,Fair Isaac,Information Technology,,1.8.5-source-port,2026-09-25,11,READY,READY,2,2026-10-09
FITB,SP500,2026-10-08,50.70000076293945,READY,2,3S,Bear Trend,Neutral,Waiting,SHORT,51.71,53.56,,,,,Fifth Third Bancorp,Financials,,1.8.5-source-port,2026-09-01,29,READY,READY,3,2026-10-09
FIX,SP500,2026-10-08,1706.3900146484375,READY,2,3B,Bull Trend,Neutral,Waiting,LONG,1570.0,1670.42,,,,,Comfort Systems USA,Industrials,,1.8.5-source-port,2026-09-23,13,READY,READY,2,2026-10-09
FRT,SP500,2026-10-08,105.45999908447266,READY,2,3S,Bear Trend,Neutral,Waiting,SHORT,108.1,109.8,,,,,Federal Realty Investment Trust,Real Estate,,1.8.5-source-port,2026-09-23,13,READY,READY,2,2026-10-09
FTV,SP500,2026-10-08,56.41999816894531,READY,2,3B,Bullish Zhongshu,Neutral,Waiting,LONG,54.64,56.44,,,,,Fortive,Industrials,,1.8.5-source-port,2026-09-23,13,READY,READY,2,2026-10-09
GD,SP500,2026-10-08,329.8999938964844,READY,2,3S,Bear Trend,Neutral,Waiting,SHORT,352.19,362.39,,,,,General Dynamics,Industrials,,1.8.5-source-port,2026-09-23,13,READY,READY,2,2026-10-09
GEV,SP500,2026-10-08,999.3499755859375,READY,2,3B,Bull Trend,Neutral,Waiting,LONG,932.19,983.34,,,,,GE Vernova,Industrials,,1.8.5-source-port,2026-09-23,13,READY,READY,3,2026-10-09
GPC,SP500,2026-10-08,128.1699981689453,READY,2,3S,Bear Trend,Neutral,Waiting,SHORT,129.4,131.09,,,,,Genuine Parts Company,Consumer Discretionary,,1.8.5-source-port,2026-09-23,13,READY,READY,2,2026-10-09
GRMN,SP500,2026-10-08,268.44000244140625,READY,2,3S,Bull Trend,Neutral,Bear Micro BOS,SHORT,280.09,284.21,,,,,Garmin,Consumer Discretionary,,1.8.5-source-port,2026-10-03,5,READY,READY,2,2026-10-09
HBAN,SP500,2026-10-08,15.369999885559082,READY,2,3S,Bear Trend,Neutral,Waiting,SHORT,15.46,16.15,,,,,Huntington Bancshares,Financials,,1.8.5-source-port,2026-09-23,13,READY,READY,2,2026-10-09
HON,SP500,2026-10-08,206.60000610351562,READY,2,3S,Bear Trend,Neutral,Waiting,SHORT,213.1,213.64,,,,,Honeywell Technologies,Industrials,,1.8.5-source-port,2026-09-23,13,READY,READY,2,2026-10-09
HRL,SP500,2026-10-08,19.420000076293945,READY,2,3S,Bear Trend,Neutral,Waiting,SHORT,20.44,21.11,,,,,Hormel Foods,Consumer Staples,,1.8.5-source-port,2026-09-23,13,READY,READY,2,2026-10-09
HSY,SP500,2026-10-08,162.5399932861328,READY,2,3S,Bear Trend,Neutral,Waiting,SHORT,166.69,170.12,,,,,Hershey Company (The),Consumer Staples,,1.8.5-source-port,2026-09-24,12,READY,READY,2,2026-10-09
HWM,SP500,2026-10-08,222.55999755859375,READY,2,3S,Bearish Zhongshu,Neutral,Waiting,SHORT,224.88,233.42,,,,,Howmet Aerospace,Industrials,,1.8.5-source-port,2026-09-01,29,ENTRY,READY,3,2026-10-09
INCY,SP500,2026-10-08,112.75,READY,2,3S,Bearish Zhongshu,Neutral,Bear Micro BOS,SHORT,121.61,127.72,,,,,Incyte,Health Care,,1.8.5-source-port,2026-09-23,13,READY,READY,3,2026-10-09
IP,SP500,2026-10-08,31.8799991607666,READY,2,3S,Bear Trend,Neutral,Waiting,SHORT,33.48,36.28,,,,,International Paper,Materials,,1.8.5-source-port,2026-09-23,13,READY,READY,3,2026-10-09
IR,SP500,2026-10-08,78.0,READY,2,3B,Bear Trend,Neutral,Waiting,LONG,75.38,76.46,,,,,Ingersoll Rand,Industrials,,1.8.5-source-port,2026-09-23,13,READY,READY,3,2026-10-09
J,SP500,2026-10-08,138.58999633789062,READY,2,3S,Bear Trend,Neutral,Waiting,SHORT,140.17,140.3,,,,,Jacobs Solutions,Industrials,,1.8.5-source-port,2026-09-01,29,READY,READY,3,2026-10-09
JCI,SP500,2026-10-08,154.0,READY,2,3B,Bull Trend,Neutral,Waiting,LONG,142.84,146.64,,,,,Johnson Controls,Industrials,,1.8.5-source-port,2026-09-01,29,READY,READY,3,2026-10-09
JPM,SP500,2026-10-08,331.4200134277344,READY,2,3S,Bear Trend,Neutral,Waiting,SHORT,350.37,351.24,,,,,JPMorgan Chase,Financials,,1.8.5-source-port,2026-09-23,13,READY,READY,3,2026-10-09
KR,SP500,2026-10-08,61.40999984741211,READY,2,3B,Bull Trend,Neutral,Bull Micro BOS,LONG,57.75,59.2,,,,,Kroger,Consumer Staples,,1.8.5-source-port,2026-09-23,13,READY,READY,2,2026-10-09
L,SP500,2026-10-08,107.5999984741211,READY,2,3S,Bear Trend,Neutral,Bull Micro BOS,SHORT,107.41,110.28,,,,,Loews Corporation,Financials,,1.8.5-source-port,2026-09-23,13,READY,READY,2,2026-10-09
LDOS,SP500,2026-10-08,119.22000122070312,READY,2,3S,Bear Trend,Neutral,Waiting,SHORT,126.35,131.64,,,,,Leidos,Industrials,,1.8.5-source-port,2026-09-29,9,READY,READY,2,2026-10-09
LHX,SP500,2026-10-08,236.9199981689453,READY,2,3S,Bear Trend,Neutral,Waiting,SHORT,244.76,252.09,,,,,L3Harris,Industrials,,1.8.5-source-port,2026-09-01,29,READY,READY,3,2026-10-09
LIN,SP500,2026-10-08,481.70001220703125,READY,2,3B,Bear Trend,Neutral,Waiting,LONG,473.05,480.56,,,,,Linde plc,Materials,,1.8.5-source-port,2026-09-29,9,READY,READY,3,2026-10-09
LITE,SP500,2026-10-08,1048.5999755859375,READY,2,3B,Bull Trend,Neutral,Waiting,LONG,881.23,1002.0,,,,,Lumentum,Information Technology,,1.8.5-source-port,2026-09-23,13,READY,READY,3,2026-10-09
LMT,SP500,2026-10-08,507.8900146484375,READY,2,3S,Bear Trend,Neutral,Waiting,SHORT,521.87,542.61,,,,,Lockheed Martin,Industrials,,1.8.5-source-port,2026-10-03,5,READY,READY,2,2026-10-09
LRCX,SP500,2026-10-08,320.5899963378906,READY,2,3B,Bull Trend,Neutral,Waiting,LONG,265.09,311.06,,,,,Lam Research,Information Technology,,1.8.5-source-port,2026-09-23,13,READY,READY,2,2026-10-09
LULU,SP500,2026-10-08,92.68000030517578,READY,2,3S,Bear Trend,Neutral,Waiting,SHORT,95.35,104.24,,,,,Lululemon Athletica,Consumer Discretionary,,1.8.5-source-port,2026-09-23,13,READY,READY,2,2026-10-09
MCO,SP500,2026-10-08,458.69000244140625,READY,2,3S,Bear Trend,Neutral,Waiting,SHORT,472.27,479.09,,,,,Moody's Corporation,Financials,,1.8.5-source-port,2026-09-01,29,READY,READY,3,2026-10-09
MLM,SP500,2026-10-08,481.57000732421875,READY,2,3S,Bear Trend,Neutral,Waiting,SHORT,502.56,519.93,,,,,Martin Marietta Materials,Materials,,1.8.5-source-port,2026-09-23,13,READY,READY,2,2026-10-09
MOS,SP500,2026-10-08,19.729999542236328,READY,2,3S,Bearish Zhongshu,Distribution,Bear Micro BOS,SHORT,24.35,25.2,,,,,Mosaic Company (The),Materials,,1.8.5-source-port,2026-09-26,10,READY,READY,2,2026-10-09
MPC,SP500,2026-10-08,463.3399963378906,READY,2,3B,Bull Trend,Neutral,Bull Micro BOS,LONG,380.0,431.08,,,,,Marathon Petroleum,Energy,,1.8.5-source-port,2026-09-29,9,ENTRY,READY,3,2026-10-09
MRK,SP500,2026-10-08,142.3800048828125,READY,2,3S,Bear Trend,Neutral,Waiting,SHORT,142.32,153.57,,,,,Merck & Co.,Health Care,,1.8.5-source-port,2026-09-23,13,READY,READY,3,2026-10-09
MSFT,SP500,2026-10-08,522.6099853515625,READY,2,3B,Bull Trend,Neutral,Waiting,LONG,486.0,501.47,,,,,Microsoft,Information Technology,,1.8.5-source-port,2026-09-23,13,READY,READY,2,2026-10-09
MSI,SP500,2026-10-08,447.1199951171875,READY,2,3S,Bear Trend,Neutral,Waiting,SHORT,457.37,477.6,,,,,Motorola Solutions,Information Technology,,1.8.5-source-port,2026-09-23,13,READY,READY,3,2026-10-09
MU,SP500,2026-10-08,1035.8399658203125,READY,2,3B,Bullish Zhongshu,Neutral,Waiting,LONG,1022.9,1042.4,,,,,Micron Technology,Information Technology,,1.8.5-source-port,2026-09-23,13,READY,READY,2,2026-10-09
NEM,SP500,2026-10-08,115.55000305175781,READY,2,3S,Bear Trend,Neutral,Waiting,SHORT,121.3,128.09,,,,,Newmont,Materials,,1.8.5-source-port,2026-09-23,13,READY,READY,2,2026-10-09
NOC,SP500,2026-10-08,484.4800109863281,READY,2,3S,Bear Trend,Neutral,Waiting,SHORT,515.25,534.86,,,,,Northrop Grumman,Industrials,,1.8.5-source-port,2026-09-23,13,READY,READY,3,2026-10-09
NRG,SP500,2026-10-08,106.31999969482422,READY,2,3S,Bear Trend,Neutral,Waiting,SHORT,108.34,110.38,,,,,NRG Energy,Utilities,,1.8.5-source-port,2026-09-23,13,WATCH,READY,2,2026-10-09
NWSA,SP500,2026-10-08,28.969999313354492,READY,2,3S,Bear Trend,Neutral,Waiting,SHORT,29.07,30.64,,,,,News Corp (Class A),Communication Services,,1.8.5-source-port,2026-09-23,13,READY,READY,3,2026-10-09
OTIS,SP500,2026-10-08,66.11000061035156,READY,2,3S,Bear Trend,Neutral,Waiting,SHORT,67.64,70.24,,,,,Otis Worldwide,Industrials,,1.8.5-source-port,2026-09-23,13,READY,READY,3,2026-10-09
PHM,SP500,2026-10-08,113.52999877929688,READY,2,3S,Bear Trend,Neutral,Waiting,SHORT,114.53,122.68,,,,,PulteGroup,Consumer Discretionary,,1.8.5-source-port,2026-09-23,13,ENTRY,READY,3,2026-10-09
PLD,SP500,2026-10-08,129.2899932861328,READY,2,3S,Bear Trend,Neutral,Waiting,SHORT,132.08,136.49,,,,,Prologis,Real Estate,,1.8.5-source-port,2026-09-23,13,READY,READY,2,2026-10-09
PLTR,SP500,2026-10-08,198.77999877929688,READY,2,3B,Bull Trend,Neutral,Waiting,LONG,186.6,188.37,,,,,Palantir Technologies,Information Technology,,1.8.5-source-port,2026-09-23,13,READY,READY,2,2026-10-09
PRU,SP500,2026-10-08,113.52999877929688,READY,2,3S,Bear Trend,Neutral,Waiting,SHORT,116.61,119.65,,,,,Prudential Financial,Financials,,1.8.5-source-port,2026-09-02,28,READY,READY,3,2026-10-09
PSA,SP500,2026-10-08,285.5199890136719,READY,2,3S,Bear Trend,Neutral,Waiting,SHORT,289.64,302.06,,,,,Public Storage,Real Estate,,1.8.5-source-port,2026-09-23,13,READY,READY,2,2026-10-09
PWR,SP500,2026-10-08,685.3300170898438,READY,2,3B,Bull Trend,Neutral,Waiting,LONG,607.45,649.0,,,,,Quanta Services,Industrials,,1.8.5-source-port,2026-09-26,10,READY,READY,3,2026-10-09
Q,SP500,2026-10-08,126.68000030517578,READY,2,3B,Bull Trend,Neutral,Waiting,LONG,120.05,127.16,,,,,Qnity Electronics,Information Technology,,1.8.5-source-port,2026-09-23,13,READY,READY,3,2026-10-09
RCL,SP500,2026-10-08,281.4100036621094,READY,2,3B,Bear Trend,Neutral,Waiting,LONG,278.64,279.5,,,,,Royal Caribbean Group,Consumer Discretionary,,1.8.5-source-port,2026-09-23,13,READY,READY,3,2026-10-09
REGN,SP500,2026-10-08,739.5700073242188,READY,2,3S,Bear Trend,Neutral,Waiting,SHORT,769.57,813.53,,,,,Regeneron Pharmaceuticals,Health Care,,1.8.5-source-port,2026-09-23,13,READY,READY,3,2026-10-09
RL,SP500,2026-10-08,367.3900146484375,READY,2,3S,Bear Trend,Neutral,Waiting,SHORT,367.57,368.92,,,,,Ralph Lauren Corporation,Consumer Discretionary,,1.8.5-source-port,2026-09-24,12,READY,READY,3,2026-10-09
ROK,SP500,2026-10-08,434.1400146484375,READY,2,3B,Neutral Zhongshu,Neutral,Waiting,LONG,431.81,435.69,,,,,Rockwell Automation,Industrials,,1.8.5-source-port,2026-09-23,13,READY,READY,3,2026-10-09
ROST,SP500,2026-10-08,225.1999969482422,READY,2,3S,Bear Trend,Neutral,Waiting,SHORT,228.05,237.0,,,,,Ross Stores,Consumer Discretionary,,1.8.5-source-port,2026-09-23,13,READY,READY,2,2026-10-09
RTX,SP500,2026-10-08,184.32000732421875,READY,2,3S,Bearish Zhongshu,Neutral,Waiting,SHORT,193.05,193.53,,,,,RTX Corporation,Industrials,,1.8.5-source-port,2026-09-23,13,READY,READY,2,2026-10-09
RVTY,SP500,2026-10-08,152.16000366210938,READY,2,3B,Bull Trend,Neutral,Waiting,LONG,140.08,149.52,,,,,Revvity,Health Care,,1.8.5-source-port,2026-09-01,29,READY,READY,2,2026-10-09
SJM,SP500,2026-10-08,119.41000366210938,READY,2,3S,Bear Trend,Neutral,Waiting,SHORT,119.97,123.09,,,,,J.M. Smucker Company (The),Consumer Staples,,1.8.5-source-port,2026-09-23,13,READY,READY,2,2026-10-09
SLB,SP500,2026-10-08,48.97999954223633,READY,2,3S,Bear Trend,Neutral,Waiting,SHORT,51.71,52.29,,,,,Schlumberger,Energy,,1.8.5-source-port,2026-09-23,13,READY,READY,3,2026-10-09
SMCI,SP500,2026-10-08,42.77000045776367,READY,2,3B,Bull Trend,Neutral,Waiting,LONG,40.13,41.53,,,,,Supermicro,Information Technology,,1.8.5-source-port,2026-09-26,10,READY,READY,2,2026-10-09
SNA,SP500,2026-10-08,358.8800048828125,READY,2,3S,Bear Trend,Neutral,Waiting,SHORT,378.21,387.52,,,,,Snap-on,Industrials,,1.8.5-source-port,2026-09-23,13,READY,READY,2,2026-10-09
SOLV,SP500,2026-10-08,86.41000366210938,READY,2,3S,Bearish Zhongshu,Neutral,Waiting,SHORT,86.74,89.75,,,,,Solventum,Health Care,,1.8.5-source-port,2026-09-23,13,READY,READY,2,2026-10-09
SPG,SP500,2026-10-08,199.61000061035156,READY,2,3S,Bear Trend,Neutral,Waiting,SHORT,200.37,206.2,,,,,Simon Property Group,Real Estate,,1.8.5-source-port,2026-10-08,2,ENTRY,READY,3,2026-10-09
SPGI,SP500,2026-10-08,402.7300109863281,READY,2,3S,Bearish Zhongshu,Neutral,Bull Micro BOS,SHORT,407.44,420.24,,,,,S&P Global,Financials,,1.8.5-source-port,2026-09-23,13,READY,READY,3,2026-10-09
STX,SP500,2026-10-08,774.8300170898438,READY,2,3S,Bull Trend,Neutral,Bear Micro BOS,SHORT,870.38,925.44,,,,,Seagate Technology,Information Technology,,1.8.5-source-port,2026-09-23,13,READY,READY,3,2026-10-09
SWK,SP500,2026-10-08,89.16999816894531,READY,2,3S,Bearish Zhongshu,Neutral,Waiting,SHORT,88.78,92.35,,,,,Stanley Black & Decker,Industrials,,1.8.5-source-port,2026-09-23,13,READY,READY,2,2026-10-09
SWKS,SP500,2026-10-08,80.75,READY,2,3S,Bearish Zhongshu,Neutral,Waiting,SHORT,84.44,92.3,,,,,Skyworks Solutions,Information Technology,,1.8.5-source-port,2026-09-23,13,READY,READY,2,2026-10-09
TRMB,SP500,2026-10-08,59.849998474121094,READY,2,3B,Bullish Zhongshu,Neutral,Waiting,LONG,56.62,59.89,,,,,Trimble Inc.,Information Technology,,1.8.5-source-port,2026-09-01,29,READY,READY,3,2026-10-09
TTD,SP500,2026-10-08,12.34000015258789,READY,2,3S,Bearish Zhongshu,Neutral,Waiting,SHORT,13.14,14.7,,,,,Trade Desk (The),Communication Services,,1.8.5-source-port,2026-09-23,13,READY,READY,3,2026-10-09
TXT,SP500,2026-10-08,73.22000122070312,READY,2,3S,Bear Trend,Neutral,Waiting,SHORT,78.1,81.93,,,,,Textron,Industrials,,1.8.5-source-port,2026-09-23,13,READY,READY,2,2026-10-09
USB,SP500,2026-10-08,57.029998779296875,READY,2,3S,Bear Trend,Neutral,Waiting,SHORT,58.81,60.19,,,,,U.S. Bancorp,Financials,,1.8.5-source-port,2026-09-23,13,READY,READY,2,2026-10-09
WBD,SP500,2026-10-06,30.950000762939453,READY,2,3B,Bull Trend,Neutral,Waiting,LONG,27.74,28.99,,,,,Warner Bros. Discovery,Communication Services,,1.8.5-source-port,2026-10-09,1,NONE,READY,2,2026-10-09
WY,SP500,2026-10-08,19.170000076293945,READY,2,3S,Bear Trend,Neutral,Waiting,SHORT,21.83,22.44,,,,,Weyerhaeuser,Real Estate,,1.8.5-source-port,2026-09-23,13,READY,READY,2,2026-10-09
XYL,SP500,2026-10-08,101.98999786376953,READY,2,3S,Bear Trend,Neutral,Waiting,SHORT,106.61,109.84,,,,,Xylem Inc.,Industrials,,1.8.5-source-port,2026-09-23,13,READY,READY,3,2026-10-09
ZBRA,SP500,2026-10-08,382.1400146484375,READY,2,3B,Bullish Zhongshu,Neutral,Waiting,LONG,350.36,367.18,,,,,Zebra Technologies,Information Technology,,1.8.5-source-port,2026-09-23,13,ENTRY,READY,3,2026-10-09
ACN,SP500,2026-10-08,208.36000061035156,READY,2,2B,Bear Trend,Neutral,Waiting,LONG,175.49,176.4,,,,,Accenture,Information Technology,,1.8.5-source-port,2026-09-23,13,WATCH,READY,2,2026-10-09
ADM,SP500,2026-10-08,82.44999694824219,READY,2,2S,Neutral Zhongshu,Neutral,Waiting,SHORT,81.54,83.84,,,,,Archer Daniels Midland,Consumer Staples,,1.8.5-source-port,2026-09-23,13,READY,READY,3,2026-10-09
AMGN,SP500,2026-10-08,407.44000244140625,READY,2,2B,Bearish Zhongshu,Neutral,Waiting,LONG,408.02,415.76,,,,,Amgen,Health Care,,1.8.5-source-port,2026-10-09,1,NONE,READY,2,2026-10-09
AMZN,SP500,2026-10-08,254.05999755859375,READY,2,2S,Bullish Zhongshu,Neutral,Waiting,SHORT,244.3,250.88,,,,,Amazon,Consumer Discretionary,,1.8.5-source-port,2026-09-23,13,READY,READY,2,2026-10-09
AWK,SP500,2026-10-08,128.17999267578125,READY,2,2S,Bearish Zhongshu,Distribution,Waiting,SHORT,131.03,137.51,,,,,American Water Works,Utilities,,1.8.5-source-port,2026-09-23,13,READY,READY,3,2026-10-09
BAX,SP500,2026-10-08,23.899999618530273,READY,2,2B,Bear Trend,Neutral,Waiting,LONG,25.74,26.75,,,,,Baxter International,Health Care,,1.8.5-source-port,2026-09-23,13,READY,READY,2,2026-10-09
CDW,SP500,2026-10-08,139.8800048828125,READY,2,2S,Bearish Zhongshu,Neutral,Bull Micro BOS,SHORT,143.67,153.77,,,,,CDW Corporation,Information Technology,,1.8.5-source-port,2026-09-23,13,READY,READY,3,2026-10-09
CF,SP500,2026-10-08,113.58000183105469,READY,2,2S,Bearish Zhongshu,Neutral,Waiting,SHORT,111.83,118.07,,,,,CF Industries,Materials,,1.8.5-source-port,2026-09-23,13,READY,READY,3,2026-10-09
COP,SP500,2026-10-08,134.19000244140625,READY,2,2S,Bullish Zhongshu,Neutral,Bull Micro BOS,SHORT,128.0,129.36,,,,,ConocoPhillips,Energy,,1.8.5-source-port,2026-09-23,13,READY,READY,3,2026-10-09
CRM,SP500,2026-10-08,227.8000030517578,READY,2,2S,Bull Trend,Neutral,Waiting,SHORT,163.91,172.38,,,,,Salesforce,Information Technology,,1.8.5-source-port,2026-09-24,12,READY,READY,2,2026-10-09
CSX,SP500,2026-10-08,47.34000015258789,READY,2,2B,Bear Trend,Neutral,Waiting,LONG,49.42,49.65,,,,,CSX Corporation,Industrials,,1.8.5-source-port,2026-09-24,12,READY,READY,2,2026-10-09
CVS,SP500,2026-10-08,87.80000305175781,READY,2,2S,Bear Trend,Neutral,Waiting,SHORT,93.5,97.51,,,,,CVS Health,Health Care,,1.8.5-source-port,2026-09-01,29,READY,READY,3,2026-10-09
DAL,SP500,2026-10-08,82.13999938964844,READY,2,2B,Neutral Zhongshu,Neutral,Waiting,LONG,82.55,84.88,,,,,Delta Air Lines,Industrials,,1.8.5-source-port,2026-09-23,13,READY,READY,2,2026-10-09
DOV,SP500,2026-10-08,188.9600067138672,READY,2,2B,Neutral Zhongshu,Neutral,Waiting,LONG,185.26,192.75,,,,,Dover Corporation,Industrials,,1.8.5-source-port,2026-09-23,13,READY,READY,2,2026-10-09
DXCM,SP500,2026-10-08,84.41000366210938,READY,2,2B,Bearish Zhongshu,Neutral,Waiting,LONG,87.51,88.79,,,,,Dexcom,Health Care,,1.8.5-source-port,2026-09-23,13,READY,READY,2,2026-10-09
FDS,SP500,2026-10-08,286.5199890136719,READY,2,2S,Bear Trend,Neutral,Bull Micro BOS,SHORT,264.49,269.79,,,,,FactSet,Financials,,1.8.5-source-port,2026-09-01,29,READY,READY,3,2026-10-09
FERG,SP500,2026-10-08,216.72999572753906,READY,2,2B,Bull Trend,Neutral,Waiting,LONG,223.49,225.3,,,,,Ferguson Enterprises,Industrials,,1.8.5-source-port,2026-10-03,5,READY,READY,2,2026-10-09
GEN,SP500,2026-10-08,22.75,READY,2,2S,Bear Trend,Neutral,Waiting,SHORT,27.01,27.16,,,,,Gen Digital,Information Technology,,1.8.5-source-port,2026-09-23,13,WATCH,READY,2,2026-10-09
GNRC,SP500,2026-10-08,224.39999389648438,READY,2,2B,Bullish Zhongshu,Neutral,Waiting,LONG,187.55,193.31,,,,,Generac,Industrials,,1.8.5-source-port,2026-09-01,29,READY,READY,2,2026-10-09
HAL,SP500,2026-10-08,32.56999969482422,READY,2,2S,Bear Trend,Neutral,Waiting,SHORT,32.88,32.9,,,,,Halliburton,Energy,,1.8.5-source-port,2026-10-08,2,READY,READY,2,2026-10-09
HLT,SP500,2026-10-08,323.2900085449219,READY,2,2B,Bullish Zhongshu,Neutral,Waiting,LONG,316.04,325.93,,,,,Hilton Worldwide,Consumer Discretionary,,1.8.5-source-port,2026-10-01,7,READY,READY,2,2026-10-09
HPQ,SP500,2026-10-08,32.439998626708984,READY,2,2S,Bullish Zhongshu,Neutral,Waiting,SHORT,30.6,32.19,,,,,HP Inc.,Information Technology,,1.8.5-source-port,2026-09-23,13,READY,READY,2,2026-10-09
INTU,SP500,2026-10-08,303.8800048828125,READY,2,2S,Bearish Zhongshu,Neutral,Bull Micro BOS,SHORT,309.8,336.94,,,,,Intuit,Information Technology,,1.8.5-source-port,2026-09-29,9,READY,READY,2,2026-10-09
IVZ,SP500,2026-10-08,30.09000015258789,READY,2,2S,Bearish Zhongshu,Neutral,Waiting,SHORT,30.89,31.29,,,,,Invesco,Financials,,1.8.5-source-port,2026-09-23,13,READY,READY,2,2026-10-09
LUV,SP500,2026-10-08,41.36000061035156,READY,2,2B,Bearish Zhongshu,Neutral,Waiting,LONG,41.36,43.2,,,,,Southwest Airlines,Industrials,,1.8.5-source-port,2026-09-24,12,READY,READY,2,2026-10-09
MAR,SP500,2026-10-08,361.0799865722656,READY,2,2B,Bullish Zhongshu,Neutral,Waiting,LONG,354.69,364.09,,,,,Marriott International,Consumer Discretionary,,1.8.5-source-port,2026-09-24,12,READY,READY,3,2026-10-09
MDT,SP500,2026-10-08,87.75,READY,2,2S,Bearish Zhongshu,Neutral,Waiting,SHORT,90.26,94.72,,,,,Medtronic,Health Care,,1.8.5-source-port,2026-09-23,13,READY,READY,3,2026-10-09
MTD,SP500,2026-10-08,1529.4599609375,READY,2,2B,Bullish Zhongshu,Neutral,Waiting,LONG,1377.1,1423.42,,,,,Mettler Toledo,Health Care,,1.8.5-source-port,2026-09-23,13,READY,READY,3,2026-10-09
NWS,SP500,2026-10-08,31.920000076293945,READY,2,2S,Bearish Zhongshu,Distribution,Waiting,SHORT,32.49,32.91,,,,,News Corp (Class B),Communication Services,,1.8.5-source-port,2026-09-23,13,READY,READY,3,2026-10-09
PKG,SP500,2026-10-08,229.94000244140625,READY,2,2B,Bearish Zhongshu,Neutral,Waiting,LONG,224.8,242.63,,,,,Packaging Corporation of America,Materials,,1.8.5-source-port,2026-09-24,12,READY,READY,2,2026-10-09
QCOM,SP500,2026-10-08,176.00999450683594,READY,2,2S,Bull Trend,Neutral,Waiting,SHORT,181.77,185.46,,,,,Qualcomm,Information Technology,,1.8.5-source-port,2026-09-30,8,READY,READY,2,2026-10-09
SCHW,SP500,2026-10-08,96.87000274658203,READY,2,2S,Bull Trend,Neutral,Waiting,SHORT,87.38,88.68,,,,,Charles Schwab Corporation,Financials,,1.8.5-source-port,2026-09-23,13,WATCH,READY,3,2026-10-09
SYK,SP500,2026-10-08,276.9700012207031,READY,2,2B,Bear Trend,Neutral,Waiting,LONG,330.16,336.15,,,,,Stryker Corporation,Health Care,,1.8.5-source-port,2026-09-23,13,READY,READY,2,2026-10-09
TDY,SP500,2026-10-08,604.8200073242188,READY,2,2B,Bull Trend,Neutral,Waiting,LONG,619.08,624.58,,,,,Teledyne Technologies,Information Technology,,1.8.5-source-port,2026-09-01,29,READY,READY,3,2026-10-09
TSLA,SP500,2026-10-08,375.0,READY,2,2S,Bull Trend,Accumulation,Waiting,SHORT,357.68,366.5,,,,,"Tesla, Inc.",Consumer Discretionary,,1.8.5-source-port,2026-09-23,13,WATCH,READY,3,2026-10-09
TYL,SP500,2026-10-08,331.1499938964844,READY,2,2S,Bearish Zhongshu,Neutral,Waiting,SHORT,333.34,335.07,,,,,Tyler Technologies,Information Technology,,1.8.5-source-port,2026-09-23,13,READY,READY,2,2026-10-09
ULTA,SP500,2026-10-08,564.2100219726562,READY,2,2S,Bullish Zhongshu,Neutral,Bull Micro BOS,SHORT,534.05,566.1,,,,,Ulta Beauty,Consumer Discretionary,,1.8.5-source-port,2026-09-01,29,READY,READY,2,2026-10-09
UNP,SP500,2026-10-08,278.20001220703125,READY,2,2B,Bear Trend,Neutral,Waiting,LONG,285.69,298.15,,,,,Union Pacific Corporation,Industrials,,1.8.5-source-port,2026-09-23,13,READY,READY,2,2026-10-09
VRTX,SP500,2026-10-08,503.25,READY,2,2S,Bear Trend,Neutral,Waiting,SHORT,502.29,529.89,,,,,Vertex Pharmaceuticals,Health Care,,1.8.5-source-port,2026-09-23,13,READY,READY,2,2026-10-09
VZ,SP500,2026-10-08,46.349998474121094,READY,2,2S,Bearish Zhongshu,Neutral,Waiting,SHORT,48.82,49.01,,,,,Verizon,Communication Services,,1.8.5-source-port,2026-09-01,29,READY,READY,3,2026-10-09
WFC,SP500,2026-10-08,82.02999877929688,READY,2,2S,Bearish Zhongshu,Neutral,Waiting,SHORT,84.61,86.58,,,,,Wells Fargo,Financials,,1.8.5-source-port,2026-09-23,13,READY,READY,2,2026-10-09
A,SP500,2026-10-08,168.1699981689453,WATCH,1,NONE,Bull Trend,Neutral,Waiting,,141.25,142.42,,,,,Agilent Technologies,Health Care,,1.8.5-source-port,2026-10-03,5,WATCH,WATCH,1,2026-10-09
AAPL,SP500,2026-10-08,340.4200134277344,WATCH,1,NONE,Bull Trend,Neutral,Waiting,,302.94,309.97,,,,,Apple Inc.,Information Technology,,1.8.5-source-port,2026-09-23,13,WATCH,WATCH,1,2026-10-09
ABT,SP500,2026-10-08,98.48999786376953,WATCH,1,NONE,Bearish Zhongshu,Neutral,Waiting,,108.68,110.04,,,,,Abbott Laboratories,Health Care,,1.8.5-source-port,2026-10-03,5,WATCH,WATCH,1,2026-10-09
ACGL,SP500,2026-10-08,96.08000183105469,WATCH,1,NONE,Bear Trend,Neutral,Waiting,,97.89,98.39,,,,,Arch Capital Group,Financials,,1.8.5-source-port,2026-09-30,8,WATCH,WATCH,1,2026-10-09
ADBE,SP500,2026-10-08,241.0500030517578,WATCH,1,NONE,Bear Trend,Neutral,Waiting,,254.25,254.67,,,,,Adobe Inc.,Information Technology,,1.8.5-source-port,2026-09-26,10,WATCH,WATCH,1,2026-10-09
ADI,SP500,2026-10-08,405.92999267578125,WATCH,1,NONE,Bullish Zhongshu,Neutral,Waiting,,352.73,380.36,,,,,Analog Devices,Information Technology,,1.8.5-source-port,2026-09-23,13,WATCH,WATCH,3,2026-10-09
ADP,SP500,2026-10-08,270.7300109863281,WATCH,1,NONE,Bear Trend,Neutral,Bull Micro BOS,,263.36,277.33,,,,,Automatic Data Processing,Industrials,,1.8.5-source-port,2026-09-23,13,WATCH,WATCH,2,2026-10-09
ADSK,SP500,2026-10-08,233.60000610351562,WATCH,1,NONE,Bullish Zhongshu,Neutral,Bull Micro BOS,,229.7,232.64,,,,,Autodesk,Information Technology,,1.8.5-source-port,2026-10-07,3,WATCH,WATCH,1,2026-10-09
AEE,SP500,2026-10-08,101.83999633789062,WATCH,1,NONE,Bear Trend,Neutral,Waiting,,106.45,107.42,,,,,Ameren,Utilities,,1.8.5-source-port,2026-09-23,13,WATCH,WATCH,1,2026-10-09
AEP,SP500,2026-10-08,122.31999969482422,WATCH,1,NONE,Bear Trend,Neutral,Waiting,,120.06,121.8,,,,,American Electric Power,Utilities,,1.8.5-source-port,2026-09-23,13,WATCH,WATCH,1,2026-10-09
AES,SP500,2026-10-08,14.930000305175781,WATCH,1,NONE,Bull Trend,Neutral,Waiting,,14.8,14.85,,,,,AES Corporation,Utilities,,1.8.5-source-port,2026-10-03,5,WATCH,WATCH,1,2026-10-09
AFL,SP500,2026-10-08,114.94000244140625,WATCH,1,NONE,Bear Trend,Neutral,Waiting,,113.6,118.09,,,,,Aflac,Financials,,1.8.5-source-port,2026-09-23,13,READY,WATCH,2,2026-10-09
AIZ,SP500,2026-10-08,272.8599853515625,WATCH,1,NONE,Bear Trend,Neutral,Waiting,,278.96,284.12,,,,,Assurant,Financials,,1.8.5-source-port,2026-09-23,13,READY,WATCH,3,2026-10-09
AJG,SP500,2026-10-08,234.0500030517578,WATCH,1,NONE,Bearish Zhongshu,Neutral,Waiting,,259.35,261.92,,,,,Arthur J. Gallagher & Co.,Financials,,1.8.5-source-port,2026-09-30,8,WATCH,WATCH,1,2026-10-09
AKAM,SP500,2026-10-08,100.9000015258789,WATCH,1,NONE,Bull Trend,Neutral,Bear Micro BOS,,107.11,109.85,,,,,Akamai Technologies,Information Technology,,1.8.5-source-port,2026-10-03,5,READY,WATCH,2,2026-10-09
ALGN,SP500,2026-10-08,141.02999877929688,WATCH,1,NONE,Bear Trend,Neutral,Waiting,,175.35,176.46,,,,,Align Technology,Health Care,,1.8.5-source-port,2026-09-23,13,WATCH,WATCH,1,2026-10-09
ALL,SP500,2026-10-08,230.6300048828125,WATCH,1,NONE,Bear Trend,Neutral,Waiting,,255.17,257.67,,,,,Allstate,Financials,,1.8.5-source-port,2026-09-23,13,WATCH,WATCH,1,2026-10-09
AMAT,SP500,2026-10-08,509.57000732421875,WATCH,1,NONE,Bear Trend,Neutral,Waiting,,435.86,464.57,,,,,Applied Materials,Information Technology,,1.8.5-source-port,2026-09-23,13,WATCH,WATCH,3,2026-10-09
AMD,SP500,2026-10-08,620.6799926757812,WATCH,1,NONE,Bullish Zhongshu,Neutral,Waiting,,463.21,517.35,,,,,Advanced Micro Devices,Information Technology,,1.8.5-source-port,2026-10-08,2,WATCH,WATCH,1,2026-10-09
AME,SP500,2026-10-08,247.52000427246094,WATCH,1,NONE,Bullish Zhongshu,Neutral,Waiting,,237.4,240.43,,,,,Ametek,Industrials,,1.8.5-source-port,2026-10-02,6,WATCH,WATCH,1,2026-10-09
AMP,SP500,2026-10-08,499.0799865722656,WATCH,1,NONE,Bullish Zhongshu,Neutral,Waiting,,485.17,502.49,,,,,Ameriprise Financial,Financials,,1.8.5-source-port,2026-09-23,13,WATCH,WATCH,1,2026-10-09
AON,SP500,2026-10-08,277.1199951171875,WATCH,1,NONE,Bear Trend,Neutral,Waiting,,354.61,358.71,,,,,Aon plc,Financials,,1.8.5-source-port,2026-09-23,13,WATCH,WATCH,1,2026-10-09
APA,SP500,2026-10-08,45.470001220703125,WATCH,1,NONE,Bullish Zhongshu,Neutral,Bull Micro BOS,,42.27,44.45,,,,,APA Corporation,Energy,,1.8.5-source-port,2026-09-24,12,WATCH,WATCH,2,2026-10-09
APD,SP500,2026-10-08,278.3800048828125,WATCH,1,NONE,Bearish Zhongshu,Distribution,Waiting,,299.5,308.83,,,,,Air Products,Materials,,1.8.5-source-port,2026-10-02,6,WATCH,WATCH,1,2026-10-09
ARE,SP500,2026-10-08,45.599998474121094,WATCH,1,NONE,Bearish Zhongshu,Neutral,Waiting,,50.58,51.05,,,,,Alexandria Real Estate Equities,Real Estate,,1.8.5-source-port,2026-09-23,13,WATCH,WATCH,3,2026-10-09
ATO,SP500,2026-10-08,160.66000366210938,WATCH,1,NONE,Bear Trend,Neutral,Waiting,,166.15,169.58,,,,,Atmos Energy,Utilities,,1.8.5-source-port,2026-09-23,13,WATCH,WATCH,1,2026-10-09
AVGO,SP500,2026-10-08,360.1400146484375,WATCH,1,NONE,Bearish Zhongshu,Neutral,Waiting,,357.8,366.11,,,,,Broadcom,Information Technology,,1.8.5-source-port,2026-09-24,12,READY,WATCH,3,2026-10-09
AVY,SP500,2026-10-08,167.6199951171875,WATCH,1,NONE,Bearish Zhongshu,Neutral,Waiting,,172.05,172.17,,,,,Avery Dennison,Materials,,1.8.5-source-port,2026-10-09,1,NONE,WATCH,1,2026-10-09
AXON,SP500,2026-10-08,417.30999755859375,WATCH,1,NONE,Bear Trend,Neutral,Waiting,,434.46,462.0,,,,,Axon Enterprise,Industrials,,1.8.5-source-port,2026-09-23,13,WATCH,WATCH,3,2026-10-09
AXP,SP500,2026-10-08,308.1000061035156,WATCH,1,NONE,Bear Trend,Neutral,Waiting,,335.22,336.56,,,,,American Express,Financials,,1.8.5-source-port,2026-09-23,13,WATCH,WATCH,1,2026-10-09
AZO,SP500,2026-10-08,2910.5400390625,WATCH,1,NONE,Bear Trend,Neutral,Waiting,,3037.32,3103.0,,,,,AutoZone,Consumer Discretionary,,1.8.5-source-port,2026-09-23,13,WATCH,WATCH,1,2026-10-09
BA,SP500,2026-10-08,187.75,WATCH,1,NONE,Bear Trend,Neutral,Waiting,,205.5,215.29,,,,,Boeing,Industrials,,1.8.5-source-port,2026-10-07,3,WATCH,WATCH,1,2026-10-09
BAC,SP500,2026-10-08,53.61000061035156,WATCH,1,NONE,Bear Trend,Neutral,Waiting,,61.43,63.23,,,,,Bank of America,Financials,,1.8.5-source-port,2026-10-03,5,WATCH,WATCH,1,2026-10-09
BALL,SP500,2026-10-08,58.369998931884766,WATCH,1,NONE,Bear Trend,Neutral,Waiting,,60.94,61.94,,,,,Ball Corporation,Materials,,1.8.5-source-port,2026-10-09,1,NONE,WATCH,1,2026-10-09
BBY,SP500,2026-10-08,88.4000015258789,WATCH,1,NONE,Bull Trend,Neutral,Waiting,,87.42,90.26,,,,,Best Buy,Consumer Discretionary,,1.8.5-source-port,2026-09-23,13,READY,WATCH,3,2026-10-09
BDX,SP500,2026-10-08,182.75,WATCH,1,NONE,Bullish Zhongshu,Neutral,Waiting,,175.71,184.37,,,,,Becton Dickinson,Health Care,,1.8.5-source-port,2026-10-07,3,WATCH,WATCH,1,2026-10-09
BEN,SP500,2026-10-08,32.400001525878906,WATCH,1,NONE,Bear Trend,Neutral,Waiting,,33.25,34.28,,,,,Franklin Resources,Financials,,1.8.5-source-port,2026-09-23,13,WATCH,WATCH,1,2026-10-09
BF-B,SP500,2026-10-08,26.540000915527344,WATCH,1,NONE,Bear Trend,Distrib Watch,Waiting,,26.02,26.63,,,,,Brown–Forman,Consumer Staples,,1.8.5-source-port,2026-09-24,12,WATCH,WATCH,1,2026-10-09
BG,SP500,2026-10-08,107.81999969482422,WATCH,1,NONE,Bearish Zhongshu,Neutral,Waiting,,114.0,118.74,,,,,Bunge Global,Consumer Staples,,1.8.5-source-port,2026-09-23,13,WATCH,WATCH,3,2026-10-09
BIIB,SP500,2026-10-08,218.42999267578125,WATCH,1,NONE,Bull Trend,Neutral,Waiting,,218.0,218.59,,,,,Biogen,Health Care,,1.8.5-source-port,2026-09-26,10,WATCH,WATCH,1,2026-10-09
BKNG,SP500,2026-10-08,159.97000122070312,WATCH,1,NONE,Bear Trend,Neutral,Waiting,,194.68,204.61,,,,,Booking Holdings,Consumer Discretionary,,1.8.5-source-port,2026-09-30,8,WATCH,WATCH,1,2026-10-09
BKR,SP500,2026-10-08,56.29999923706055,WATCH,1,NONE,Bear Trend,Neutral,Waiting,,55.44,58.44,,,,,Baker Hughes,Energy,,1.8.5-source-port,2026-10-03,5,WATCH,WATCH,1,2026-10-09
BLK,SP500,2026-10-08,1065.3499755859375,WATCH,1,NONE,Bearish Zhongshu,Neutral,Waiting,,1053.14,1098.11,,,,,BlackRock,Financials,,1.8.5-source-port,2026-09-26,10,WATCH,WATCH,2,2026-10-09
BNY,SP500,2026-10-08,143.61000061035156,WATCH,1,NONE,Bear Trend,Neutral,Waiting,,161.2,163.12,,,,,BNY Mellon,Financials,,1.8.5-source-port,2026-10-03,5,WATCH,WATCH,1,2026-10-09
BR,SP500,2026-10-08,165.2100067138672,WATCH,1,NONE,Bearish Zhongshu,Neutral,Bull Micro BOS,,165.81,176.94,,,,,Broadridge Financial Solutions,Industrials,,1.8.5-source-port,2026-09-29,9,WATCH,WATCH,1,2026-10-09
BRK-B,SP500,2026-10-08,511.04998779296875,WATCH,1,NONE,Bullish Zhongshu,Neutral,Waiting,,501.41,506.58,,,,,Berkshire Hathaway,Financials,,1.8.5-source-port,2026-09-24,12,WATCH,WATCH,2,2026-10-09
BSX,SP500,2026-10-08,42.040000915527344,WATCH,1,NONE,Bearish Zhongshu,Neutral,Waiting,,42.72,44.3,,,,,Boston Scientific,Health Care,,1.8.5-source-port,2026-10-07,3,ENTRY,WATCH,3,2026-10-09
BXP,SP500,2026-10-08,59.31999969482422,WATCH,1,NONE,Bear Trend,Neutral,Waiting,,69.21,71.41,,,,,"BXP, Inc.",Real Estate,,1.8.5-source-port,2026-09-23,13,WATCH,WATCH,1,2026-10-09
CAH,SP500,2026-10-08,238.9600067138672,WATCH,1,NONE,Bear Trend,Neutral,Bull Micro BOS,,232.6,249.29,,,,,Cardinal Health,Health Care,,1.8.5-source-port,2026-10-08,2,WATCH,WATCH,1,2026-10-09
CARR,SP500,2026-10-08,55.83000183105469,WATCH,1,NONE,Bullish Zhongshu,Neutral,Waiting,,54.0,56.79,,,,,Carrier Global,Industrials,,1.8.5-source-port,2026-09-23,13,WATCH,WATCH,1,2026-10-09
CASY,SP500,2026-10-08,642.280029296875,WATCH,1,NONE,Bear Trend,Neutral,Bull Micro BOS,,811.19,882.68,,,,,Casey's,Consumer Staples,,1.8.5-source-port,2026-09-23,13,WATCH,WATCH,1,2026-10-09
CB,SP500,2026-10-08,343.7799987792969,WATCH,1,NONE,Bear Trend,Neutral,Waiting,,342.22,344.52,,,,,Chubb Limited,Financials,,1.8.5-source-port,2026-09-23,13,WATCH,WATCH,1,2026-10-09
CBOE,SP500,2026-10-08,294.0799865722656,WATCH,1,NONE,Bear Trend,Neutral,Bull Micro BOS,,288.31,297.98,,,,,Cboe Global Markets,Financials,,1.8.5-source-port,2026-09-25,11,WATCH,WATCH,1,2026-10-09
CBRE,SP500,2026-10-08,131.0800018310547,WATCH,1,NONE,Bear Trend,Neutral,Waiting,,143.4,143.65,,,,,CBRE Group,Real Estate,,1.8.5-source-port,2026-10-08,2,WATCH,WATCH,1,2026-10-09
CCI,SP500,2026-10-08,68.88999938964844,WATCH,1,NONE,Bear Trend,Neutral,Waiting,,73.52,74.11,,,,,Crown Castle,Real Estate,,1.8.5-source-port,2026-09-23,13,WATCH,WATCH,1,2026-10-09
CCL,SP500,2026-10-08,26.1299991607666,WATCH,1,NONE,Bullish Zhongshu,Neutral,Waiting,,25.19,25.48,,,,,Carnival Corporation,Consumer Discretionary,,1.8.5-source-port,2026-09-23,13,WATCH,WATCH,1,2026-10-09
CEG,SP500,2026-10-08,285.07000732421875,WATCH,1,NONE,Bullish Zhongshu,Neutral,Waiting,,269.53,270.11,,,,,Constellation Energy,Utilities,,1.8.5-source-port,2026-09-23,13,WATCH,WATCH,2,2026-10-09
CFG,SP500,2026-10-08,64.08999633789062,WATCH,1,NONE,Bear Trend,Neutral,Waiting,,70.12,71.0,,,,,Citizens Financial Group,Financials,,1.8.5-source-port,2026-09-23,13,WATCH,WATCH,1,2026-10-09
CHTR,SP500,2026-10-08,109.66999816894531,WATCH,1,NONE,Bear Trend,Neutral,Waiting,,145.19,159.29,,,,,Charter Communications,Communication Services,,1.8.5-source-port,2026-09-30,8,WATCH,WATCH,1,2026-10-09
CINF,SP500,2026-10-08,165.25,WATCH,1,NONE,Bear Trend,Neutral,Waiting,,172.87,174.29,,,,,Cincinnati Financial,Financials,,1.8.5-source-port,2026-09-23,13,WATCH,WATCH,1,2026-10-09
CL,SP500,2026-10-08,88.0999984741211,WATCH,1,NONE,Bear Trend,Neutral,Bull Micro BOS,,90.36,91.44,,,,,Colgate-Palmolive,Consumer Staples,,1.8.5-source-port,2026-09-23,13,WATCH,WATCH,1,2026-10-09
CLX,SP500,2026-10-08,83.44000244140625,WATCH,1,NONE,Bearish Zhongshu,Neutral,Waiting,,93.35,96.51,,,,,Clorox,Consumer Staples,,1.8.5-source-port,2026-09-24,12,WATCH,WATCH,1,2026-10-09
CMCSA,SP500,2026-10-08,21.209999084472656,WATCH,1,NONE,Bearish Zhongshu,Neutral,Waiting,,24.2,24.3,,,,,Comcast,Communication Services,,1.8.5-source-port,2026-09-23,13,ENTRY,WATCH,3,2026-10-09
CMS,SP500,2026-10-08,65.33999633789062,WATCH,1,NONE,Bear Trend,Neutral,Waiting,,71.2,72.44,,,,,CMS Energy,Utilities,,1.8.5-source-port,2026-09-23,13,WATCH,WATCH,1,2026-10-09
CNC,SP500,2026-10-08,64.54000091552734,WATCH,1,NONE,Bear Trend,Neutral,Waiting,,65.11,66.18,,,,,Centene Corporation,Health Care,,1.8.5-source-port,2026-09-23,13,WATCH,WATCH,1,2026-10-09
CNP,SP500,2026-10-08,38.41999816894531,WATCH,1,NONE,Bear Trend,Neutral,Waiting,,39.56,40.36,,,,,CenterPoint Energy,Utilities,,1.8.5-source-port,2026-09-23,13,WATCH,WATCH,1,2026-10-09
COF,SP500,2026-10-08,199.39999389648438,WATCH,1,NONE,Bear Trend,Neutral,Waiting,,211.32,212.57,,,,,Capital One,Financials,,1.8.5-source-port,2026-09-23,13,WATCH,WATCH,1,2026-10-09
COHR,SP500,2026-10-08,302.3500061035156,WATCH,1,NONE,Bull Trend,Neutral,Waiting,,275.79,312.68,,,,,Coherent Corp.,Information Technology,,1.8.5-source-port,2026-09-26,10,WATCH,WATCH,1,2026-10-09
COIN,SP500,2026-10-08,172.0,WATCH,1,NONE,Bull Trend,Neutral,Bear Micro BOS,,184.29,184.93,,,,,Coinbase,Financials,,1.8.5-source-port,2026-09-23,13,ENTRY,WATCH,3,2026-10-09
COO,SP500,2026-10-08,54.29999923706055,WATCH,1,NONE,Bear Trend,Neutral,Waiting,,69.08,74.45,,,,,Cooper Companies (The),Health Care,,1.8.5-source-port,2026-10-09,1,NONE,WATCH,1,2026-10-09
COR,SP500,2026-10-08,321.3500061035156,WATCH,1,NONE,Bullish Zhongshu,Neutral,Bull Micro BOS,,317.96,322.33,,,,,Cencora,Health Care,,1.8.5-source-port,2026-10-08,2,WATCH,WATCH,1,2026-10-09
COST,SP500,2026-10-08,947.9199829101562,WATCH,1,NONE,Neutral Zhongshu,Neutral,Waiting,,937.51,962.8,,,,,Costco,Consumer Staples,,1.8.5-source-port,2026-09-23,13,WATCH,WATCH,1,2026-10-09
CPAY,SP500,2026-10-08,402.0799865722656,WATCH,1,NONE,Bear Trend,Neutral,Bull Micro BOS,,401.52,407.52,,,,,Corpay,Financials,,1.8.5-source-port,2026-09-26,10,WATCH,WATCH,1,2026-10-09
CPRT,SP500,2026-10-08,27.479999542236328,WATCH,1,NONE,Bear Trend,Neutral,Waiting,,30.09,31.42,,,,,Copart,Industrials,,1.8.5-source-port,2026-09-23,13,ENTRY,WATCH,3,2026-10-09
CPT,SP500,2026-10-08,96.76000213623047,WATCH,1,NONE,Bear Trend,Neutral,Waiting,,107.23,109.39,,,,,Camden Property Trust,Real Estate,,1.8.5-source-port,2026-09-24,12,WATCH,WATCH,1,2026-10-09
CRH,SP500,2026-10-08,81.87999725341797,WATCH,1,NONE,Bear Trend,Neutral,Waiting,,93.74,98.19,,,,,CRH plc,Materials,,1.8.5-source-port,2026-09-23,13,WATCH,WATCH,1,2026-10-09
CRWD,SP500,2026-10-08,263.010009765625,WATCH,1,NONE,Bull Trend,Neutral,Waiting,,187.01,196.41,,,,,CrowdStrike,Information Technology,,1.8.5-source-port,2026-09-23,13,WATCH,WATCH,1,2026-10-09
CSCO,SP500,2026-10-08,114.88999938964844,WATCH,1,NONE,Bullish Zhongshu,Neutral,Waiting,,109.23,111.44,,,,,Cisco,Information Technology,,1.8.5-source-port,2026-09-23,13,WATCH,WATCH,3,2026-10-09
CSGP,SP500,2026-10-08,29.809999465942383,WATCH,1,NONE,Bear Trend,Neutral,Bull Micro BOS,,31.29,31.4,,,,,CoStar Group,Real Estate,,1.8.5-source-port,2026-09-30,8,WATCH,WATCH,1,2026-10-09
CTAS,SP500,2026-10-08,201.1199951171875,WATCH,1,NONE,Bear Trend,Neutral,Waiting,,198.87,204.86,,,,,Cintas,Industrials,,1.8.5-source-port,2026-09-29,9,WATCH,WATCH,1,2026-10-09
CTSH,SP500,2026-10-08,60.0099983215332,WATCH,1,NONE,Bear Trend,Neutral,Waiting,,57.89,61.97,,,,,Cognizant,Information Technology,,1.8.5-source-port,2026-09-23,13,WATCH,WATCH,3,2026-10-09
CTVA,SP500,2026-10-08,13.75,WATCH,1,NONE,Bear Trend,Neutral,Waiting,,82.98,84.02,,,,,Corteva,Materials,,1.8.5-source-port,2026-09-23,13,WATCH,WATCH,2,2026-10-09
CVNA,SP500,2026-10-08,63.20000076293945,WATCH,1,NONE,Bear Trend,Neutral,Waiting,,70.64,71.29,,,,,Carvana,Consumer Discretionary,,1.8.5-source-port,2026-09-23,13,WATCH,WATCH,1,2026-10-09
CVX,SP500,2026-10-08,211.5500030517578,WATCH,1,NONE,Bullish Zhongshu,Neutral,Bull Micro BOS,,201.96,208.25,,,,,Chevron Corporation,Energy,,1.8.5-source-port,2026-09-24,12,WATCH,WATCH,1,2026-10-09
D,SP500,2026-10-08,61.75,WATCH,1,NONE,Bear Trend,Neutral,Waiting,,66.0,66.81,,,,,Dominion Energy,Utilities,,1.8.5-source-port,2026-09-30,8,WATCH,WATCH,1,2026-10-09
DD,SP500,2026-10-08,132.47999572753906,WATCH,1,NONE,Bullish Zhongshu,Neutral,Waiting,,130.19,132.22,,,,,DuPont,Industrials,,1.8.5-source-port,2026-09-24,12,WATCH,WATCH,3,2026-10-09
DECK,SP500,2026-10-08,82.55999755859375,WATCH,1,NONE,Bear Trend,Neutral,Waiting,,77.37,82.14,,,,,Deckers Brands,Consumer Discretionary,,1.8.5-source-port,2026-09-23,13,WATCH,WATCH,1,2026-10-09
DELL,SP500,2026-10-08,574.5499877929688,WATCH,1,NONE,Bull Trend,Neutral,Waiting,,431.01,462.72,,,,,Dell Technologies,Information Technology,,1.8.5-source-port,2026-09-23,13,WATCH,WATCH,1,2026-10-09
DG,SP500,2026-10-08,124.2699966430664,WATCH,1,NONE,Bullish Zhongshu,Neutral,Waiting,,122.4,123.69,,,,,Dollar General,Consumer Staples,,1.8.5-source-port,2026-09-23,13,WATCH,WATCH,3,2026-10-09
DHI,SP500,2026-10-08,135.82000732421875,WATCH,1,NONE,Bear Trend,Neutral,Waiting,,133.88,144.86,,,,,D. R. Horton,Consumer Discretionary,,1.8.5-source-port,2026-09-23,13,WATCH,WATCH,2,2026-10-09
DHR,SP500,2026-10-08,217.4600067138672,WATCH,1,NONE,Bullish Zhongshu,Neutral,Waiting,,199.49,206.59,,,,,Danaher Corporation,Health Care,,1.8.5-source-port,2026-09-25,11,WATCH,WATCH,1,2026-10-09
DIS,SP500,2026-10-08,107.0199966430664,WATCH,1,NONE,Bear Trend,Neutral,Bull Micro BOS,,102.99,106.4,,,,,Walt Disney Company (The),Communication Services,,1.8.5-source-port,2026-09-23,13,WATCH,WATCH,3,2026-10-09
DLR,SP500,2026-10-08,176.07000732421875,WATCH,1,NONE,Bear Trend,Neutral,Waiting,,185.16,188.37,,,,,Digital Realty,Real Estate,,1.8.5-source-port,2026-09-23,13,WATCH,WATCH,1,2026-10-09
DOW,SP500,2026-10-08,28.59000015258789,WATCH,1,NONE,Bear Trend,Neutral,Waiting,,29.52,30.51,,,,,Dow Inc.,Materials,,1.8.5-source-port,2026-09-23,13,WATCH,WATCH,1,2026-10-09
DTE,SP500,2026-10-08,127.0999984741211,WATCH,1,NONE,Bear Trend,Neutral,Waiting,,135.76,137.23,,,,,DTE Energy,Utilities,,1.8.5-source-port,2026-09-23,13,WATCH,WATCH,1,2026-10-09
DUK,SP500,2026-10-08,116.83999633789062,WATCH,1,NONE,Bear Trend,Neutral,Waiting,,119.68,121.62,,,,,Duke Energy,Utilities,,1.8.5-source-port,2026-09-23,13,WATCH,WATCH,1,2026-10-09
DVA,SP500,2026-10-08,177.02000427246094,WATCH,1,NONE,Bearish Zhongshu,Neutral,Waiting,,174.32,182.61,,,,,DaVita,Health Care,,1.8.5-source-port,2026-09-23,13,WATCH,WATCH,3,2026-10-09
DVN,SP500,2026-10-08,48.91999816894531,WATCH,1,NONE,Bear Trend,Neutral,Waiting,,48.19,48.56,,,,,Devon Energy,Energy,,1.8.5-source-port,2026-09-23,13,WATCH,WATCH,2,2026-10-09
EBAY,SP500,2026-10-08,111.9800033569336,WATCH,1,NONE,Bull Trend,Neutral,Bull Micro BOS,,104.61,107.04,,,,,eBay Inc.,Consumer Discretionary,,1.8.5-source-port,2026-10-01,7,WATCH,WATCH,1,2026-10-09
ECHO,SP500,2026-10-08,93.36000061035156,WATCH,1,NONE,Bull Trend,Neutral,Waiting,,91.5,91.86,,,,,EchoStar,Communication Services,,1.8.5-source-port,2026-09-29,9,WATCH,WATCH,1,2026-10-09
ECL,SP500,2026-10-08,281.69000244140625,WATCH,1,NONE,Bear Trend,Neutral,Bull Micro BOS,,274.52,278.15,,,,,Ecolab,Materials,,1.8.5-source-port,2026-10-07,3,WATCH,WATCH,1,2026-10-09
ED,SP500,2026-10-08,105.98999786376953,WATCH,1,NONE,Bear Trend,Neutral,Waiting,,108.52,108.53,,,,,Consolidated Edison,Utilities,,1.8.5-source-port,2026-09-23,13,WATCH,WATCH,1,2026-10-09
EFX,SP500,2026-10-08,145.5399932861328,WATCH,1,NONE,Bear Trend,Neutral,Bull Micro BOS,,172.23,178.84,,,,,Equifax,Industrials,,1.8.5-source-port,2026-09-23,13,WATCH,WATCH,1,2026-10-09
EG,SP500,2026-10-08,373.1000061035156,WATCH,1,NONE,Neutral Zhongshu,Neutral,Waiting,,366.49,377.74,,,,,Everest Group,Financials,,1.8.5-source-port,2026-09-25,11,WATCH,WATCH,1,2026-10-09
EIX,SP500,2026-10-08,54.29999923706055,WATCH,1,NONE,Bear Trend,Neutral,Waiting,,54.48,54.63,,,,,Edison International,Utilities,,1.8.5-source-port,2026-09-23,13,WATCH,WATCH,3,2026-10-09
ELV,SP500,2026-10-08,400.94000244140625,WATCH,1,NONE,Bear Trend,Neutral,Waiting,,394.31,404.72,,,,,Elevance Health,Health Care,,1.8.5-source-port,2026-09-23,13,WATCH,WATCH,2,2026-10-09
EME,SP500,2026-10-08,778.239990234375,WATCH,1,NONE,Bull Trend,Neutral,Waiting,,748.61,776.67,,,,,Emcor,Industrials,,1.8.5-source-port,2026-09-23,13,WATCH,WATCH,1,2026-10-09
EOG,SP500,2026-10-08,148.50999450683594,WATCH,1,NONE,Bear Trend,Neutral,Bull Micro BOS,,144.34,145.23,,,,,EOG Resources,Energy,,1.8.5-source-port,2026-09-23,13,READY,WATCH,3,2026-10-09
EQIX,SP500,2026-10-08,1011.1599731445312,WATCH,1,NONE,Bear Trend,Neutral,Waiting,,1027.94,1049.11,,,,,Equinix,Real Estate,,1.8.5-source-port,2026-09-23,13,WATCH,WATCH,1,2026-10-09
EQT,SP500,2026-10-08,52.939998626708984,WATCH,1,NONE,Bearish Zhongshu,Neutral,Bull Micro BOS,,53.12,53.26,,,,,EQT Corporation,Energy,,1.8.5-source-port,2026-10-07,3,WATCH,WATCH,1,2026-10-09
ES,SP500,2026-10-08,65.69000244140625,WATCH,1,NONE,Bear Trend,Neutral,Bull Micro BOS,,71.33,71.46,,,,,Eversource Energy,Utilities,,1.8.5-source-port,2026-09-23,13,WATCH,WATCH,1,2026-10-09
ESS,SP500,2026-10-08,268.5799865722656,WATCH,1,NONE,Bear Trend,Neutral,Waiting,,270.45,277.49,,,,,Essex Property Trust,Real Estate,,1.8.5-source-port,2026-09-23,13,WATCH,WATCH,1,2026-10-09
ETN,SP500,2026-10-08,424.510009765625,WATCH,1,NONE,Bearish Zhongshu,Neutral,Waiting,,423.0,447.33,,,,,Eaton Corporation,Industrials,,1.8.5-source-port,2026-10-03,5,WATCH,WATCH,1,2026-10-09
ETR,SP500,2026-10-08,102.48999786376953,WATCH,1,NONE,Bear Trend,Neutral,Waiting,,104.76,107.88,,,,,Entergy,Utilities,,1.8.5-source-port,2026-10-03,5,WATCH,WATCH,1,2026-10-09
EVRG,SP500,2026-10-08,80.5199966430664,WATCH,1,NONE,Bear Trend,Neutral,Waiting,,79.85,80.76,,,,,Evergy,Utilities,,1.8.5-source-port,2026-09-23,13,WATCH,WATCH,1,2026-10-09
EXC,SP500,2026-10-08,41.72999954223633,WATCH,1,NONE,Bear Trend,Neutral,Waiting,,42.63,44.33,,,,,Exelon,Utilities,,1.8.5-source-port,2026-10-09,1,NONE,WATCH,1,2026-10-09
EXE,SP500,2026-10-08,88.86000061035156,WATCH,1,NONE,Bearish Zhongshu,Neutral,Waiting,,92.63,97.38,,,,,Expand Energy,Energy,,1.8.5-source-port,2026-10-07,3,WATCH,WATCH,1,2026-10-09
EXPD,SP500,2026-10-08,193.7100067138672,WATCH,1,NONE,Bullish Zhongshu,Neutral,Waiting,,185.56,187.74,,,,,Expeditors International,Industrials,,1.8.5-source-port,2026-09-23,13,WATCH,WATCH,3,2026-10-09
EXPE,SP500,2026-10-08,270.1300048828125,WATCH,1,NONE,Neutral Zhongshu,Neutral,Bull Micro BOS,,261.43,275.41,,,,,Expedia Group,Consumer Discretionary,,1.8.5-source-port,2026-09-29,9,WATCH,WATCH,1,2026-10-09
F,SP500,2026-10-08,12.25,WATCH,1,NONE,Bear Trend,Accumulation,Waiting,,13.6,13.83,,,,,Ford Motor Company,Consumer Discretionary,,1.8.5-source-port,2026-10-09,1,NONE,WATCH,1,2026-10-09
FANG,SP500,2026-10-08,191.67999267578125,WATCH,1,NONE,Bear Trend,Neutral,Bull Micro BOS,,196.65,199.25,,,,,Diamondback Energy,Energy,,1.8.5-source-port,2026-09-23,13,WATCH,WATCH,1,2026-10-09
FAST,SP500,2026-10-08,50.4900016784668,WATCH,1,NONE,Bull Trend,Neutral,Waiting,,48.53,48.74,,,,,Fastenal,Industrials,,1.8.5-source-port,2026-10-07,3,WATCH,WATCH,1,2026-10-09
FCX,SP500,2026-10-08,71.13999938964844,WATCH,1,NONE,Bullish Zhongshu,Neutral,Waiting,,69.46,71.22,,,,,Freeport-McMoRan,Materials,,1.8.5-source-port,2026-09-23,13,WATCH,WATCH,2,2026-10-09
FDX,SP500,2026-10-08,291.7300109863281,WATCH,1,NONE,Bear Trend,Neutral,Waiting,,314.1,314.96,,,,,FedEx,Industrials,,1.8.5-source-port,2026-09-23,13,WATCH,WATCH,1,2026-10-09
FFIV,SP500,2026-10-08,461.6600036621094,WATCH,1,NONE,Bull Trend,Neutral,Waiting,,428.93,462.0,,,,,"F5, Inc.",Information Technology,,1.8.5-source-port,2026-09-23,13,WATCH,WATCH,1,2026-10-09
FIS,SP500,2026-10-08,34.34000015258789,WATCH,1,NONE,Bear Trend,Neutral,Waiting,,40.86,41.85,,,,,Fidelity National Information Services,Financials,,1.8.5-source-port,2026-09-23,13,WATCH,WATCH,1,2026-10-09
FISV,SP500,2026-10-08,45.939998626708984,WATCH,1,NONE,Bear Trend,Neutral,Waiting,,53.02,53.15,,,,,Fiserv,Financials,,1.8.5-source-port,2026-09-23,13,WATCH,WATCH,1,2026-10-09
FLEX,SP500,2026-10-08,114.73999786376953,WATCH,1,NONE,Bull Trend,Neutral,Waiting,,111.38,117.68,,,,,Flex Ltd.,Information Technology,,1.8.5-source-port,2026-09-23,13,READY,WATCH,3,2026-10-09
FOX,SP500,2026-10-08,56.970001220703125,WATCH,1,NONE,Bear Trend,Neutral,Bull Micro BOS,,56.21,58.6,,,,,Fox Corporation (Class B),Communication Services,,1.8.5-source-port,2026-09-23,13,WATCH,WATCH,3,2026-10-09
FOXA,SP500,2026-10-08,63.56999969482422,WATCH,1,NONE,Bear Trend,Neutral,Waiting,,62.93,65.74,,,,,Fox Corporation (Class A),Communication Services,,1.8.5-source-port,2026-09-23,13,READY,WATCH,3,2026-10-09
FSLR,SP500,2026-10-08,178.85000610351562,WATCH,1,NONE,Bear Trend,Neutral,Waiting,,197.81,202.46,,,,,First Solar,Information Technology,,1.8.5-source-port,2026-09-23,13,WATCH,WATCH,1,2026-10-09
FTNT,SP500,2026-10-08,189.10000610351562,WATCH,1,NONE,Bull Trend,Neutral,Waiting,,160.0,161.98,,,,,Fortinet,Information Technology,,1.8.5-source-port,2026-09-23,13,WATCH,WATCH,1,2026-10-09
GDDY,SP500,2026-10-08,103.19000244140625,WATCH,1,NONE,Bear Trend,Neutral,Bull Micro BOS,,95.8,99.95,,,,,GoDaddy,Information Technology,,1.8.5-source-port,2026-09-29,9,WATCH,WATCH,1,2026-10-09
GE,SP500,2026-10-08,305.6199951171875,WATCH,1,NONE,Bear Trend,Neutral,Waiting,,359.55,366.77,,,,,GE Aerospace,Industrials,,1.8.5-source-port,2026-09-23,13,WATCH,WATCH,1,2026-10-09
GEHC,SP500,2026-10-08,64.22000122070312,WATCH,1,NONE,Bearish Zhongshu,Neutral,Waiting,,63.37,67.1,,,,,GE HealthCare,Health Care,,1.8.5-source-port,2026-10-07,3,WATCH,WATCH,1,2026-10-09
GILD,SP500,2026-10-08,147.10000610351562,WATCH,1,NONE,Bearish Zhongshu,Neutral,Waiting,,148.79,152.55,,,,,Gilead Sciences,Health Care,,1.8.5-source-port,2026-09-23,13,WATCH,WATCH,3,2026-10-09
GIS,SP500,2026-10-08,32.59000015258789,WATCH,1,NONE,Bearish Zhongshu,Neutral,Waiting,,36.52,37.13,,,,,General Mills,Consumer Staples,,1.8.5-source-port,2026-09-25,11,WATCH,WATCH,1,2026-10-09
GL,SP500,2026-10-08,166.0800018310547,WATCH,1,NONE,Bear Trend,Neutral,Waiting,,174.84,176.22,,,,,Globe Life,Financials,,1.8.5-source-port,2026-09-23,13,WATCH,WATCH,1,2026-10-09
GLW,SP500,2026-10-08,152.8300018310547,WATCH,1,NONE,Bull Trend,Neutral,Waiting,,157.91,165.14,,,,,Corning Inc.,Information Technology,,1.8.5-source-port,2026-09-23,13,READY,WATCH,3,2026-10-09
GM,SP500,2026-10-08,82.25,WATCH,1,NONE,Bear Trend,Neutral,Waiting,,86.03,87.86,,,,,General Motors,Consumer Discretionary,,1.8.5-source-port,2026-09-23,13,WATCH,WATCH,1,2026-10-09
GOOG,SP500,2026-10-08,344.8599853515625,WATCH,1,NONE,Bullish Zhongshu,Neutral,Waiting,,339.82,341.98,,,,,Alphabet Inc. (Class C),Communication Services,,1.8.5-source-port,2026-09-23,13,WATCH,WATCH,1,2026-10-09
GOOGL,SP500,2026-10-08,348.2900085449219,WATCH,1,NONE,Bullish Zhongshu,Neutral,Waiting,,340.88,342.5,,,,,Alphabet Inc. (Class A),Communication Services,,1.8.5-source-port,2026-09-23,13,WATCH,WATCH,1,2026-10-09
GPN,SP500,2026-10-08,82.7699966430664,WATCH,1,NONE,Bear Trend,Neutral,Waiting,,89.48,90.09,,,,,Global Payments,Financials,,1.8.5-source-port,2026-09-23,13,WATCH,WATCH,1,2026-10-09
GS,SP500,2026-10-08,882.5900268554688,WATCH,1,NONE,Bear Trend,Neutral,Waiting,,1027.19,1043.84,,,,,Goldman Sachs,Financials,,1.8.5-source-port,2026-09-24,12,WATCH,WATCH,1,2026-10-09
GWW,SP500,2026-10-08,1268.6700439453125,WATCH,1,NONE,Bear Trend,Neutral,Waiting,,1257.76,1296.34,,,,,W. W. Grainger,Industrials,,1.8.5-source-port,2026-09-23,13,WATCH,WATCH,3,2026-10-09
HAS,SP500,2026-10-08,92.5,WATCH,1,NONE,Bullish Zhongshu,Accum Watch,Waiting,,87.72,91.59,,,,,Hasbro,Consumer Discretionary,,1.8.5-source-port,2026-09-30,8,WATCH,WATCH,3,2026-10-09
HD,SP500,2026-10-08,295.4700012207031,WATCH,1,NONE,Bear Trend,Neutral,Waiting,,335.43,339.72,,,,,Home Depot (The),Consumer Discretionary,,1.8.5-source-port,2026-09-23,13,WATCH,WATCH,1,2026-10-09
HIG,SP500,2026-10-08,129.47999572753906,WATCH,1,NONE,Bearish Zhongshu,Neutral,Bull Micro BOS,,136.62,140.0,,,,,Hartford (The),Financials,,1.8.5-source-port,2026-09-23,13,WATCH,WATCH,1,2026-10-09
HII,SP500,2026-10-08,265.0199890136719,WATCH,1,NONE,Bear Trend,Neutral,Waiting,,286.1,294.82,,,,,Huntington Ingalls Industries,Industrials,,1.8.5-source-port,2026-09-23,13,WATCH,WATCH,1,2026-10-09
HPE,SP500,2026-10-08,71.0,WATCH,1,NONE,Bull Trend,Neutral,Bull Micro BOS,,51.3,54.88,,,,,Hewlett Packard Enterprise,Information Technology,,1.8.5-source-port,2026-09-30,8,WATCH,WATCH,1,2026-10-09
HSIC,SP500,2026-10-08,84.62999725341797,WATCH,1,NONE,Bear Trend,Neutral,Waiting,,87.47,87.98,,,,,Henry Schein,Health Care,,1.8.5-source-port,2026-09-23,13,WATCH,WATCH,1,2026-10-09
HST,SP500,2026-10-08,22.540000915527344,WATCH,1,NONE,Bullish Zhongshu,Neutral,Waiting,,22.28,22.54,,,,,Host Hotels & Resorts,Real Estate,,1.8.5-source-port,2026-09-23,13,WATCH,WATCH,1,2026-10-09
HUBB,SP500,2026-10-07,475.4100036621094,WATCH,1,NONE,Bullish Zhongshu,Neutral,Waiting,,464.61,467.08,,,,,Hubbell Incorporated,Industrials,,1.8.5-source-port,2026-10-03,5,WATCH,WATCH,3,2026-10-09
HUM,SP500,2026-10-08,387.1199951171875,WATCH,1,NONE,Bear Trend,Neutral,Waiting,,390.46,393.48,,,,,Humana,Health Care,,1.8.5-source-port,2026-09-23,13,WATCH,WATCH,1,2026-10-09
IBKR,SP500,2026-10-08,86.47000122070312,WATCH,1,NONE,Bear Trend,Neutral,Waiting,,89.5,90.92,,,,,Interactive Brokers,Financials,,1.8.5-source-port,2026-09-23,13,WATCH,WATCH,1,2026-10-09
IBM,SP500,2026-10-08,226.61000061035156,WATCH,1,NONE,Bear Trend,Neutral,Waiting,,229.1,238.72,,,,,IBM,Information Technology,,1.8.5-source-port,2026-09-23,13,WATCH,WATCH,3,2026-10-09
ICE,SP500,2026-10-08,155.35000610351562,WATCH,1,NONE,Bull Trend,Neutral,Waiting,,156.95,158.55,,,,,Intercontinental Exchange,Financials,,1.8.5-source-port,2026-09-23,13,WATCH,WATCH,1,2026-10-09
IDXX,SP500,2026-10-08,513.1400146484375,WATCH,1,NONE,Bearish Zhongshu,Neutral,Waiting,,501.17,536.84,,,,,Idexx Laboratories,Health Care,,1.8.5-source-port,2026-09-23,13,WATCH,WATCH,3,2026-10-09
IEX,SP500,2026-10-08,231.75,WATCH,1,NONE,Bullish Zhongshu,Distribution,Waiting,,228.58,229.43,,,,,IDEX Corporation,Industrials,,1.8.5-source-port,2026-10-03,5,WATCH,WATCH,1,2026-10-09
IFF,SP500,2026-10-08,84.6500015258789,WATCH,1,NONE,Bear Trend,Neutral,Waiting,,83.62,83.83,,,,,International Flavors & Fragrances,Materials,,1.8.5-source-port,2026-09-23,13,WATCH,WATCH,1,2026-10-09
INTC,SP500,2026-10-08,107.08000183105469,WATCH,1,NONE,Bull Trend,Neutral,Bear Micro BOS,,85.14,93.7,,,,,Intel,Information Technology,,1.8.5-source-port,2026-09-29,9,WATCH,WATCH,1,2026-10-09
IQV,SP500,2026-10-08,258.8800048828125,WATCH,1,NONE,Bull Trend,Neutral,Waiting,,257.07,265.25,,,,,IQVIA,Health Care,,1.8.5-source-port,2026-09-23,13,WATCH,WATCH,3,2026-10-09
IRM,SP500,2026-10-08,112.97000122070312,WATCH,1,NONE,Bear Trend,Neutral,Waiting,,110.77,118.47,,,,,Iron Mountain,Real Estate,,1.8.5-source-port,2026-09-23,13,WATCH,WATCH,1,2026-10-09
ISRG,SP500,2026-10-08,415.4100036621094,WATCH,1,NONE,Bull Trend,Neutral,Waiting,,397.52,404.44,,,,,Intuitive Surgical,Health Care,,1.8.5-source-port,2026-09-23,13,WATCH,WATCH,3,2026-10-09
IT,SP500,2026-10-08,195.41000366210938,WATCH,1,NONE,Bull Trend,Neutral,Waiting,,186.42,194.53,,,,,Gartner,Information Technology,,1.8.5-source-port,2026-10-03,5,WATCH,WATCH,1,2026-10-09
ITW,SP500,2026-10-08,264.7099914550781,WATCH,1,NONE,Bear Trend,Neutral,Waiting,,261.35,274.61,,,,,Illinois Tool Works,Industrials,,1.8.5-source-port,2026-09-23,13,WATCH,WATCH,1,2026-10-09
JBHT,SP500,2026-10-08,228.4199981689453,WATCH,1,NONE,Bear Trend,Neutral,Waiting,,265.99,266.11,,,,,J.B. Hunt,Industrials,,1.8.5-source-port,2026-09-23,13,WATCH,WATCH,1,2026-10-09
JBL,SP500,2026-10-08,299.1600036621094,WATCH,1,NONE,Bull Trend,Neutral,Waiting,,309.94,315.29,,,,,Jabil,Information Technology,,1.8.5-source-port,2026-10-03,5,WATCH,WATCH,1,2026-10-09
JKHY,SP500,2026-10-08,149.0500030517578,WATCH,1,NONE,Bearish Zhongshu,Neutral,Waiting,,157.55,162.96,,,,,Jack Henry & Associates,Financials,,1.8.5-source-port,2026-10-07,3,WATCH,WATCH,1,2026-10-09
JNJ,SP500,2026-10-08,256.4800109863281,WATCH,1,NONE,Bear Trend,Neutral,Waiting,,260.68,262.85,,,,,Johnson & Johnson,Health Care,,1.8.5-source-port,2026-09-23,13,WATCH,WATCH,3,2026-10-09
KDP,SP500,2026-10-08,31.260000228881836,WATCH,1,NONE,Bear Trend,Neutral,Waiting,,31.6,31.66,,,,,Keurig Dr Pepper,Consumer Staples,,1.8.5-source-port,2026-09-23,13,WATCH,WATCH,1,2026-10-09
KEY,SP500,2026-10-08,20.100000381469727,WATCH,1,NONE,Bear Trend,Neutral,Waiting,,22.13,22.16,,,,,KeyCorp,Financials,,1.8.5-source-port,2026-10-07,3,WATCH,WATCH,1,2026-10-09
KEYS,SP500,2026-10-08,374.6700134277344,WATCH,1,NONE,Bull Trend,Neutral,Waiting,,327.04,331.99,,,,,Keysight Technologies,Information Technology,,1.8.5-source-port,2026-09-23,13,WATCH,WATCH,1,2026-10-09
KHC,SP500,2026-10-08,22.479999542236328,WATCH,1,NONE,Bear Trend,Neutral,Waiting,,24.71,24.8,,,,,Kraft Heinz,Consumer Staples,,1.8.5-source-port,2026-09-23,13,WATCH,WATCH,1,2026-10-09
KIM,SP500,2026-10-08,22.09000015258789,WATCH,1,NONE,Bear Trend,Neutral,Waiting,,23.92,24.04,,,,,Kimco Realty,Real Estate,,1.8.5-source-port,2026-09-30,8,WATCH,WATCH,1,2026-10-09
KKR,SP500,2026-10-08,89.55999755859375,WATCH,1,NONE,Bear Trend,Neutral,Waiting,,99.78,102.23,,,,,KKR & Co.,Financials,,1.8.5-source-port,2026-09-23,13,WATCH,WATCH,3,2026-10-09
KLAC,SP500,2026-10-08,196.72000122070312,WATCH,1,NONE,Bear Trend,Neutral,Waiting,,169.62,182.41,,,,,KLA Corporation,Information Technology,,1.8.5-source-port,2026-09-23,13,WATCH,WATCH,3,2026-10-09
KMB,SP500,2026-10-08,97.73999786376953,WATCH,1,NONE,Bear Trend,Neutral,Waiting,,108.07,109.6,,,,,Kimberly-Clark,Consumer Staples,,1.8.5-source-port,2026-09-23,13,WATCH,WATCH,1,2026-10-09
KMI,SP500,2026-10-08,32.25,WATCH,1,NONE,Bear Trend,Neutral,Waiting,,31.48,31.63,,,,,Kinder Morgan,Energy,,1.8.5-source-port,2026-09-23,13,WATCH,WATCH,1,2026-10-09
KO,SP500,2026-10-08,87.7699966430664,WATCH,1,NONE,Bear Trend,Neutral,Waiting,,87.73,89.36,,,,,Coca-Cola Company (The),Consumer Staples,,1.8.5-source-port,2026-10-03,5,WATCH,WATCH,1,2026-10-09
KVUE,SP500,2026-10-08,17.729999542236328,WATCH,1,NONE,Bear Trend,Neutral,Waiting,,18.87,19.02,,,,,Kenvue,Consumer Staples,,1.8.5-source-port,2026-09-23,13,WATCH,WATCH,1,2026-10-09
LEN,SP500,2026-10-08,77.5999984741211,WATCH,1,NONE,Bear Trend,Accumulation,Waiting,,79.83,81.45,,,,,Lennar,Consumer Discretionary,,1.8.5-source-port,2026-10-07,3,WATCH,WATCH,1,2026-10-09
LII,SP500,2026-10-08,361.5400085449219,WATCH,1,NONE,Neutral Zhongshu,Neutral,Waiting,,351.34,376.41,,,,,Lennox International,Industrials,,1.8.5-source-port,2026-09-23,13,WATCH,WATCH,1,2026-10-09
LLY,SP500,2026-10-08,1169.5999755859375,WATCH,1,NONE,Bullish Zhongshu,Neutral,Waiting,,1147.0,1159.75,,,,,Lilly (Eli),Health Care,,1.8.5-source-port,2026-10-09,1,NONE,WATCH,1,2026-10-09
LNT,SP500,2026-10-08,65.5,WATCH,1,NONE,Bear Trend,Neutral,Waiting,,67.68,71.46,,,,,Alliant Energy,Utilities,,1.8.5-source-port,2026-09-23,13,WATCH,WATCH,1,2026-10-09
LOW,SP500,2026-10-08,188.85000610351562,WATCH,1,NONE,Bearish Zhongshu,Neutral,Waiting,,215.27,218.99,,,,,Lowe's,Consumer Discretionary,,1.8.5-source-port,2026-09-23,13,WATCH,WATCH,1,2026-10-09
LVS,SP500,2026-10-08,36.099998474121094,WATCH,1,NONE,Bear Trend,Neutral,Waiting,,45.06,46.48,,,,,Las Vegas Sands,Consumer Discretionary,,1.8.5-source-port,2026-09-23,13,WATCH,WATCH,1,2026-10-09
LYB,SP500,2026-10-08,60.34000015258789,WATCH,1,NONE,Bearish Zhongshu,Neutral,Waiting,,62.91,63.72,,,,,LyondellBasell,Materials,,1.8.5-source-port,2026-10-09,1,NONE,WATCH,1,2026-10-09
LYV,SP500,2026-10-08,171.33999633789062,WATCH,1,NONE,Bear Trend,Neutral,Waiting,,181.17,187.2,,,,,Live Nation Entertainment,Communication Services,,1.8.5-source-port,2026-09-23,13,WATCH,WATCH,1,2026-10-09
MAA,SP500,2026-10-08,116.19000244140625,WATCH,1,NONE,Bear Trend,Neutral,Waiting,,131.59,134.04,,,,,Mid-America Apartment Communities,Real Estate,,1.8.5-source-port,2026-09-23,13,WATCH,WATCH,1,2026-10-09
MAS,SP500,2026-10-08,69.5,WATCH,1,NONE,Bear Trend,Neutral,Bull Micro BOS,,67.19,70.33,,,,,Masco,Industrials,,1.8.5-source-port,2026-09-24,12,WATCH,WATCH,1,2026-10-09
MCD,SP500,2026-10-08,236.89999389648438,WATCH,1,NONE,Bear Trend,Neutral,Waiting,,266.09,276.33,,,,,McDonald's,Consumer Discretionary,,1.8.5-source-port,2026-09-23,13,WATCH,WATCH,1,2026-10-09
MCHP,SP500,2026-10-08,75.5199966430664,WATCH,1,NONE,Bullish Zhongshu,Neutral,Bear Micro BOS,,72.77,75.58,,,,,Microchip Technology,Information Technology,,1.8.5-source-port,2026-09-23,13,WATCH,WATCH,3,2026-10-09
MCK,SP500,2026-10-08,930.25,WATCH,1,NONE,Bull Trend,Neutral,Bull Micro BOS,,874.31,899.26,,,,,McKesson Corporation,Health Care,,1.8.5-source-port,2026-09-23,13,WATCH,WATCH,3,2026-10-09
MDLZ,SP500,2026-10-08,60.66999816894531,WATCH,1,NONE,Bear Trend,Neutral,Waiting,,61.67,63.83,,,,,Mondelez International,Consumer Staples,,1.8.5-source-port,2026-10-09,1,NONE,WATCH,1,2026-10-09
MET,SP500,2026-10-08,98.47000122070312,WATCH,1,NONE,Bear Trend,Neutral,Waiting,,95.39,98.0,,,,,MetLife,Financials,,1.8.5-source-port,2026-09-23,13,WATCH,WATCH,2,2026-10-09
META,SP500,2026-10-08,720.8900146484375,WATCH,1,NONE,Bull Trend,Neutral,Waiting,,592.05,593.34,,,,,Meta Platforms,Communication Services,,1.8.5-source-port,2026-09-23,13,WATCH,WATCH,1,2026-10-09
MGM,SP500,2026-10-08,30.010000228881836,WATCH,1,NONE,Bear Trend,Neutral,Waiting,,42.58,43.63,,,,,MGM Resorts,Consumer Discretionary,,1.8.5-source-port,2026-09-29,9,WATCH,WATCH,1,2026-10-09
MKC,SP500,2026-10-08,45.939998626708984,WATCH,1,NONE,Bear Trend,Neutral,Waiting,,51.02,52.85,,,,,McCormick & Company,Consumer Staples,,1.8.5-source-port,2026-10-03,5,WATCH,WATCH,1,2026-10-09
MMM,SP500,2026-10-08,163.5800018310547,WATCH,1,NONE,Bear Trend,Neutral,Waiting,,160.27,170.98,,,,,3M,Industrials,,1.8.5-source-port,2026-09-23,13,WATCH,WATCH,1,2026-10-09
MNST,SP500,2026-10-08,43.650001525878906,WATCH,1,NONE,Bear Trend,Neutral,Bull Micro BOS,,42.19,43.64,,,,,Monster Beverage,Consumer Staples,,1.8.5-source-port,2026-09-23,13,WATCH,WATCH,1,2026-10-09
MPWR,SP500,2026-10-08,1369.800048828125,WATCH,1,NONE,Bull Trend,Neutral,Waiting,,1318.85,1385.41,,,,,Monolithic Power Systems,Information Technology,,1.8.5-source-port,2026-09-23,13,READY,WATCH,2,2026-10-09
MRNA,SP500,2026-10-08,197.0,WATCH,1,NONE,Bull Trend,Neutral,Waiting,,133.33,154.69,,,,,Moderna,Health Care,,1.8.5-source-port,2026-10-08,2,WATCH,WATCH,1,2026-10-09
MRSH,SP500,2026-10-08,176.6699981689453,WATCH,1,NONE,Bear Trend,Neutral,Bull Micro BOS,,186.58,195.67,,,,,Marsh McLennan,Financials,,1.8.5-source-port,2026-09-30,8,WATCH,WATCH,1,2026-10-09
MRVL,SP500,2026-10-08,274.6600036621094,WATCH,1,NONE,Bull Trend,Neutral,Waiting,,201.1,240.2,,,,,Marvell Technology,Information Technology,,1.8.5-source-port,2026-10-08,2,WATCH,WATCH,1,2026-10-09
MS,SP500,2026-10-08,187.44000244140625,WATCH,1,NONE,Bear Trend,Neutral,Waiting,,213.52,217.96,,,,,Morgan Stanley,Financials,,1.8.5-source-port,2026-09-23,13,WATCH,WATCH,1,2026-10-09
MSCI,SP500,2026-10-08,561.6699829101562,WATCH,1,NONE,Bear Trend,Accumulation,Waiting,,550.52,563.27,,,,,MSCI,Financials,,1.8.5-source-port,2026-09-23,13,WATCH,WATCH,1,2026-10-09
MTB,SP500,2026-10-08,217.55999755859375,WATCH,1,NONE,Bear Trend,Neutral,Waiting,,231.27,242.84,,,,,M&T Bank,Financials,,1.8.5-source-port,2026-10-08,2,WATCH,WATCH,1,2026-10-09
NCLH,SP500,2026-10-08,15.489999771118164,WATCH,1,NONE,Bear Trend,Neutral,Waiting,,16.42,17.67,,,,,Norwegian Cruise Line Holdings,Consumer Discretionary,,1.8.5-source-port,2026-09-25,11,WATCH,WATCH,1,2026-10-09
NDAQ,SP500,2026-10-08,92.37000274658203,WATCH,1,NONE,Bearish Zhongshu,Neutral,Waiting,,94.29,96.76,,,,,"Nasdaq, Inc.",Financials,,1.8.5-source-port,2026-09-26,10,READY,WATCH,2,2026-10-09
NDSN,SP500,2026-10-08,326.8699951171875,WATCH,1,NONE,Bullish Zhongshu,Neutral,Waiting,,310.63,315.68,,,,,Nordson Corporation,Industrials,,1.8.5-source-port,2026-09-23,13,WATCH,WATCH,3,2026-10-09
NEE,SP500,2026-10-08,77.37000274658203,WATCH,1,NONE,Bear Trend,Neutral,Waiting,,82.87,84.38,,,,,NextEra Energy,Utilities,,1.8.5-source-port,2026-09-23,13,WATCH,WATCH,1,2026-10-09
NFLX,SP500,2026-10-08,71.56999969482422,WATCH,1,NONE,Bull Trend,Neutral,Waiting,,75.03,78.44,,,,,Netflix,Communication Services,,1.8.5-source-port,2026-10-09,1,NONE,WATCH,1,2026-10-09
NI,SP500,2026-10-08,40.529998779296875,WATCH,1,NONE,Bear Trend,Neutral,Waiting,,40.49,40.84,,,,,NiSource,Utilities,,1.8.5-source-port,2026-09-23,13,WATCH,WATCH,1,2026-10-09
NKE,SP500,2026-10-08,34.7400016784668,WATCH,1,NONE,Bear Trend,Neutral,Waiting,,38.86,38.93,,,,,"Nike, Inc.",Consumer Discretionary,,1.8.5-source-port,2026-09-29,9,WATCH,WATCH,1,2026-10-09
NOW,SP500,2026-10-08,139.75,WATCH,1,NONE,Neutral Zhongshu,Neutral,Waiting,,130.39,142.1,,,,,ServiceNow,Information Technology,,1.8.5-source-port,2026-09-23,13,WATCH,WATCH,1,2026-10-09
NSC,SP500,2026-10-08,316.989990234375,WATCH,1,NONE,Bear Trend,Neutral,Waiting,,332.53,343.63,,,,,Norfolk Southern,Industrials,,1.8.5-source-port,2026-09-24,12,WATCH,WATCH,1,2026-10-09
NTAP,SP500,2026-10-08,231.0500030517578,WATCH,1,NONE,Bull Trend,Neutral,Waiting,,161.0,167.21,,,,,NetApp,Information Technology,,1.8.5-source-port,2026-10-01,7,WATCH,WATCH,1,2026-10-09
NTRS,SP500,2026-10-08,168.5,WATCH,1,NONE,Bear Trend,Neutral,Waiting,,182.41,187.86,,,,,Northern Trust,Financials,,1.8.5-source-port,2026-10-07,3,WATCH,WATCH,1,2026-10-09
NUE,SP500,2026-10-08,246.13999938964844,WATCH,1,NONE,Bear Trend,Neutral,Waiting,,252.01,254.2,,,,,Nucor,Materials,,1.8.5-source-port,2026-10-09,1,NONE,WATCH,1,2026-10-09
NVDA,SP500,2026-10-08,230.47999572753906,WATCH,1,NONE,Bull Trend,Neutral,Waiting,,208.93,214.39,,,,,Nvidia,Information Technology,,1.8.5-source-port,2026-09-23,13,WATCH,WATCH,1,2026-10-09
NVR,SP500,2026-10-08,6002.5498046875,WATCH,1,NONE,Bear Trend,Neutral,Waiting,,6269.16,6323.15,,,,,"NVR, Inc.",Consumer Discretionary,,1.8.5-source-port,2026-09-23,13,WATCH,WATCH,2,2026-10-09
NXPI,SP500,2026-10-08,231.07000732421875,WATCH,1,NONE,Bullish Zhongshu,Neutral,Waiting,,223.51,227.24,,,,,NXP Semiconductors,Information Technology,,1.8.5-source-port,2026-09-23,13,WATCH,WATCH,3,2026-10-09
O,SP500,2026-10-08,54.16999816894531,WATCH,1,NONE,Bear Trend,Neutral,Waiting,,62.82,63.28,,,,,Realty Income,Real Estate,,1.8.5-source-port,2026-09-24,12,WATCH,WATCH,1,2026-10-09
ODFL,SP500,2026-10-08,181.64999389648438,WATCH,1,NONE,Bear Trend,Neutral,Waiting,,212.45,220.0,,,,,Old Dominion,Industrials,,1.8.5-source-port,2026-09-23,13,WATCH,WATCH,1,2026-10-09
OKE,SP500,2026-10-08,90.29000091552734,WATCH,1,NONE,Bearish Zhongshu,Neutral,Waiting,,94.96,97.9,,,,,Oneok,Energy,,1.8.5-source-port,2026-10-07,3,WATCH,WATCH,1,2026-10-09
OMC,SP500,2026-10-08,76.44999694824219,WATCH,1,NONE,Bear Trend,Neutral,Waiting,,80.54,85.18,,,,,Omnicom Group,Communication Services,,1.8.5-source-port,2026-09-30,8,WATCH,WATCH,1,2026-10-09
ON,SP500,2026-10-08,79.41000366210938,WATCH,1,NONE,Bullish Zhongshu,Neutral,Waiting,,75.69,76.19,,,,,ON Semiconductor,Information Technology,,1.8.5-source-port,2026-10-07,3,WATCH,WATCH,1,2026-10-09
ORCL,SP500,2026-10-08,135.69000244140625,WATCH,1,NONE,Bear Trend,Neutral,Waiting,,139.0,146.94,,,,,Oracle Corporation,Information Technology,,1.8.5-source-port,2026-09-23,13,WATCH,WATCH,3,2026-10-09
ORLY,SP500,2026-10-08,86.01000213623047,WATCH,1,NONE,Bullish Zhongshu,Neutral,Waiting,,83.01,87.02,,,,,O'Reilly Automotive,Consumer Discretionary,,1.8.5-source-port,2026-09-26,10,WATCH,WATCH,1,2026-10-09
OXY,SP500,2026-10-08,60.279998779296875,WATCH,1,NONE,Bear Trend,Neutral,Bull Micro BOS,,57.54,59.32,,,,,Occidental Petroleum,Energy,,1.8.5-source-port,2026-09-23,13,WATCH,WATCH,3,2026-10-09
PANW,SP500,2026-10-08,398.5,WATCH,1,NONE,Bull Trend,Neutral,Waiting,,343.01,344.79,,,,,Palo Alto Networks,Information Technology,,1.8.5-source-port,2026-09-29,9,WATCH,WATCH,1,2026-10-09
PAYX,SP500,2026-10-08,104.45999908447266,WATCH,1,NONE,Bearish Zhongshu,Neutral,Bull Micro BOS,,121.73,124.74,,,,,Paychex,Industrials,,1.8.5-source-port,2026-09-30,8,WATCH,WATCH,1,2026-10-09
PCAR,SP500,2026-10-08,109.66000366210938,WATCH,1,NONE,Bear Trend,Neutral,Waiting,,129.44,130.97,,,,,Paccar,Industrials,,1.8.5-source-port,2026-09-23,13,WATCH,WATCH,1,2026-10-09
PCG,SP500,2026-10-08,12.670000076293945,WATCH,1,NONE,Bear Trend,Neutral,Waiting,,12.59,12.85,,,,,PG&E Corporation,Utilities,,1.8.5-source-port,2026-09-23,13,WATCH,WATCH,3,2026-10-09
PEG,SP500,2026-10-08,71.83999633789062,WATCH,1,NONE,Bear Trend,Neutral,Bull Micro BOS,,72.74,73.99,,,,,Public Service Enterprise Group,Utilities,,1.8.5-source-port,2026-09-23,13,WATCH,WATCH,1,2026-10-09
PEP,SP500,2026-10-08,128.33999633789062,WATCH,1,NONE,Bearish Zhongshu,Neutral,Waiting,,139.37,141.55,,,,,PepsiCo,Consumer Staples,,1.8.5-source-port,2026-09-23,13,WATCH,WATCH,1,2026-10-09
PFE,SP500,2026-10-08,27.81999969482422,WATCH,1,NONE,Bull Trend,Neutral,Waiting,,27.25,28.58,,,,,Pfizer,Health Care,,1.8.5-source-port,2026-09-23,13,WATCH,WATCH,1,2026-10-09
PFG,SP500,2026-10-08,109.7699966430664,WATCH,1,NONE,Bull Trend,Neutral,Waiting,,112.94,114.9,,,,,Principal Financial Group,Financials,,1.8.5-source-port,2026-09-23,13,ENTRY,WATCH,3,2026-10-09
PG,SP500,2026-10-08,150.58999633789062,WATCH,1,NONE,Bullish Zhongshu,Neutral,Bull Micro BOS,,143.79,148.23,,,,,Procter & Gamble,Consumer Staples,,1.8.5-source-port,2026-09-23,13,WATCH,WATCH,3,2026-10-09
PGR,SP500,2026-10-08,218.72999572753906,WATCH,1,NONE,Bullish Zhongshu,Neutral,Waiting,,212.63,215.99,,,,,Progressive Corporation,Financials,,1.8.5-source-port,2026-10-09,1,NONE,WATCH,1,2026-10-09
PH,SP500,2026-10-08,946.9600219726562,WATCH,1,NONE,Bear Trend,Neutral,Waiting,,929.34,983.92,,,,,Parker Hannifin,Industrials,,1.8.5-source-port,2026-09-23,13,WATCH,WATCH,1,2026-10-09
PM,SP500,2026-10-08,200.5,WATCH,1,NONE,Bullish Zhongshu,Neutral,Bull Micro BOS,,185.72,189.7,,,,,Philip Morris International,Consumer Staples,,1.8.5-source-port,2026-09-23,13,WATCH,WATCH,1,2026-10-09
PNC,SP500,2026-10-08,219.67999267578125,WATCH,1,NONE,Bear Trend,Neutral,Waiting,,246.61,246.96,,,,,PNC Financial Services,Financials,,1.8.5-source-port,2026-09-23,13,WATCH,WATCH,1,2026-10-09
PNR,SP500,2026-10-08,52.29999923706055,WATCH,1,NONE,Bear Trend,Neutral,Waiting,,65.1,70.97,,,,,Pentair,Industrials,,1.8.5-source-port,2026-09-23,13,WATCH,WATCH,1,2026-10-09
PNW,SP500,2026-10-08,97.9800033569336,WATCH,1,NONE,Bear Trend,Neutral,Waiting,,96.42,98.42,,,,,Pinnacle West Capital,Utilities,,1.8.5-source-port,2026-09-30,8,WATCH,WATCH,1,2026-10-09
PODD,SP500,2026-10-08,134.47000122070312,WATCH,1,NONE,Bear Trend,Neutral,Waiting,,140.98,142.17,,,,,Insulet Corporation,Health Care,,1.8.5-source-port,2026-09-30,8,WATCH,WATCH,1,2026-10-09
PPG,SP500,2026-10-08,105.45999908447266,WATCH,1,NONE,Bear Trend,Neutral,Waiting,,103.7,107.82,,,,,PPG Industries,Materials,,1.8.5-source-port,2026-09-24,12,WATCH,WATCH,1,2026-10-09
PPL,SP500,2026-10-08,34.099998474121094,WATCH,1,NONE,Bear Trend,Neutral,Waiting,,34.41,35.29,,,,,PPL Corporation,Utilities,,1.8.5-source-port,2026-10-01,7,WATCH,WATCH,1,2026-10-09
PSKY,SP500,2026-10-08,9.279999732971191,WATCH,1,NONE,Bearish Zhongshu,Distrib Watch,Waiting,,10.12,11.21,,,,,Paramount Skydance Corporation,Communication Services,,1.8.5-source-port,2026-09-23,13,READY,WATCH,3,2026-10-09
PSX,SP500,2026-10-08,281.6000061035156,WATCH,1,NONE,Bull Trend,Neutral,Bull Micro BOS,,233.55,246.95,,,,,Phillips 66,Energy,,1.8.5-source-port,2026-09-29,9,WATCH,WATCH,1,2026-10-09
PTC,SP500,2026-10-08,193.72999572753906,WATCH,1,NONE,Bullish Zhongshu,Neutral,Waiting,,137.23,142.81,,,,,PTC Inc.,Information Technology,,1.8.5-source-port,2026-10-07,3,WATCH,WATCH,1,2026-10-09
PYPL,SP500,2026-10-08,55.02000045776367,WATCH,1,NONE,Bullish Zhongshu,Neutral,Waiting,,52.43,55.54,,,,,PayPal,Financials,,1.8.5-source-port,2026-10-01,7,WATCH,WATCH,1,2026-10-09
REG,SP500,2026-10-08,71.4800033569336,WATCH,1,NONE,Bear Trend,Neutral,Waiting,,75.35,75.49,,,,,Regency Centers,Real Estate,,1.8.5-source-port,2026-09-29,9,WATCH,WATCH,1,2026-10-09
RF,SP500,2026-10-08,27.06999969482422,WATCH,1,NONE,Bear Trend,Neutral,Waiting,,30.1,30.41,,,,,Regions Financial Corporation,Financials,,1.8.5-source-port,2026-10-07,3,WATCH,WATCH,1,2026-10-09
RJF,SP500,2026-10-08,158.60000610351562,WATCH,1,NONE,Bear Trend,Neutral,Waiting,,171.91,172.43,,,,,Raymond James Financial,Financials,,1.8.5-source-port,2026-10-07,3,WATCH,WATCH,1,2026-10-09
RMD,SP500,2026-10-08,226.72999572753906,WATCH,1,NONE,Bullish Zhongshu,Neutral,Bull Micro BOS,,220.0,221.79,,,,,ResMed|,Health Care,,1.8.5-source-port,2026-10-07,3,WATCH,WATCH,1,2026-10-09
ROL,SP500,2026-10-08,32.2599983215332,WATCH,1,NONE,Bear Trend,Neutral,Bull Micro BOS,,35.83,37.73,,,,,"Rollins, Inc.",Industrials,,1.8.5-source-port,2026-10-01,7,WATCH,WATCH,1,2026-10-09
ROP,SP500,2026-10-08,364.2300109863281,WATCH,1,NONE,Bear Trend,Neutral,Waiting,,394.02,405.77,,,,,Roper Technologies,Information Technology,,1.8.5-source-port,2026-09-23,13,WATCH,WATCH,1,2026-10-09
RSG,SP500,2026-10-08,216.83999633789062,WATCH,1,NONE,Bearish Zhongshu,Neutral,Waiting,,220.66,222.66,,,,,Republic Services,Industrials,,1.8.5-source-port,2026-09-24,12,WATCH,WATCH,2,2026-10-09
SBAC,SP500,2026-10-08,170.00999450683594,WATCH,1,NONE,Bear Trend,Neutral,Waiting,,179.52,185.74,,,,,SBA Communications,Real Estate,,1.8.5-source-port,2026-09-23,13,WATCH,WATCH,1,2026-10-09
SBUX,SP500,2026-10-08,93.20999908447266,WATCH,1,NONE,Bear Trend,Distribution,Waiting,,103.08,103.1,,,,,Starbucks,Consumer Discretionary,,1.8.5-source-port,2026-09-30,8,WATCH,WATCH,1,2026-10-09
SHW,SP500,2026-10-08,321.0299987792969,WATCH,1,NONE,Bear Trend,Neutral,Waiting,,315.64,336.54,,,,,Sherwin-Williams,Materials,,1.8.5-source-port,2026-09-25,11,WATCH,WATCH,1,2026-10-09
SNPS,SP500,2026-10-08,497.75,WATCH,1,NONE,Bullish Zhongshu,Neutral,Waiting,,388.11,419.84,,,,,Synopsys,Information Technology,,1.8.5-source-port,2026-09-24,12,WATCH,WATCH,3,2026-10-09
SO,SP500,2026-10-08,86.1500015258789,WATCH,1,NONE,Bear Trend,Neutral,Waiting,,92.45,93.48,,,,,Southern Company,Utilities,,1.8.5-source-port,2026-09-23,13,WATCH,WATCH,1,2026-10-09
SRE,SP500,2026-10-08,80.08000183105469,WATCH,1,NONE,Bear Trend,Neutral,Waiting,,83.65,86.15,,,,,Sempra,Utilities,,1.8.5-source-port,2026-10-03,5,WATCH,WATCH,1,2026-10-09
STE,SP500,2026-10-08,210.75999450683594,WATCH,1,NONE,Bear Trend,Neutral,Waiting,,224.86,235.66,,,,,Steris,Health Care,,1.8.5-source-port,2026-09-29,9,WATCH,WATCH,1,2026-10-09
STLD,SP500,2026-10-08,234.1699981689453,WATCH,1,NONE,Bearish Zhongshu,Neutral,Waiting,,233.8,236.94,,,,,Steel Dynamics,Materials,,1.8.5-source-port,2026-10-07,3,WATCH,WATCH,1,2026-10-09
STT,SP500,2026-10-08,175.08999633789062,WATCH,1,NONE,Bearish Zhongshu,Neutral,Waiting,,189.38,192.51,,,,,State Street Corporation,Financials,,1.8.5-source-port,2026-10-03,5,WATCH,WATCH,1,2026-10-09
STZ,SP500,2026-10-08,123.62999725341797,WATCH,1,NONE,Bearish Zhongshu,Neutral,Bull Micro BOS,,129.59,133.45,,,,,Constellation Brands,Consumer Staples,,1.8.5-source-port,2026-09-29,9,WATCH,WATCH,1,2026-10-09
SYF,SP500,2026-10-08,73.72000122070312,WATCH,1,NONE,Bear Trend,Neutral,Bull Micro BOS,,79.21,79.87,,,,,Synchrony Financial,Financials,,1.8.5-source-port,2026-09-23,13,WATCH,WATCH,1,2026-10-09
SYY,SP500,2026-10-08,78.19999694824219,WATCH,1,NONE,Bear Trend,Distribution,Waiting,,82.91,84.76,,,,,Sysco,Consumer Staples,,1.8.5-source-port,2026-09-23,13,WATCH,WATCH,1,2026-10-09
T,SP500,2026-10-08,24.8700008392334,WATCH,1,NONE,Bearish Zhongshu,Neutral,Waiting,,24.94,25.32,,,,,AT&T,Communication Services,,1.8.5-source-port,2026-09-25,11,ENTRY,WATCH,3,2026-10-09
TAP,SP500,2026-10-08,37.91999816894531,WATCH,1,NONE,Bear Trend,Distribution,Waiting,,40.82,41.27,,,,,Molson Coors Beverage Company,Consumer Staples,,1.8.5-source-port,2026-09-23,13,WATCH,WATCH,1,2026-10-09
TDG,SP500,2026-10-08,1089.300048828125,WATCH,1,NONE,Neutral Zhongshu,Neutral,Waiting,,1077.83,1110.33,,,,,TransDigm Group,Industrials,,1.8.5-source-port,2026-09-23,13,WATCH,WATCH,1,2026-10-09
TECH,SP500,2026-10-08,72.44999694824219,WATCH,1,NONE,Bull Trend,Neutral,Waiting,,72.33,72.48,,,,,Bio-Techne,Health Care,,1.8.5-source-port,2026-09-23,13,WATCH,WATCH,2,2026-10-09
TEL,SP500,2026-10-08,214.30999755859375,WATCH,1,NONE,Neutral Zhongshu,Neutral,Waiting,,208.61,219.63,,,,,TE Connectivity,Information Technology,,1.8.5-source-port,2026-09-23,13,WATCH,WATCH,1,2026-10-09
TER,SP500,2026-10-08,398.7200012207031,WATCH,1,NONE,Bull Trend,Neutral,Waiting,,383.5,399.4,,,,,Teradyne,Information Technology,,1.8.5-source-port,2026-09-23,13,WATCH,WATCH,3,2026-10-09
TFC,SP500,2026-10-08,46.18000030517578,WATCH,1,NONE,Bear Trend,Neutral,Waiting,,50.11,51.06,,,,,Truist Financial,Financials,,1.8.5-source-port,2026-09-23,13,WATCH,WATCH,1,2026-10-09
TGT,SP500,2026-10-08,154.75999450683594,WATCH,1,NONE,Bear Trend,Neutral,Waiting,,153.55,160.05,,,,,Target Corporation,Consumer Staples,,1.8.5-source-port,2026-10-08,2,READY,WATCH,2,2026-10-09
TJX,SP500,2026-10-08,138.75,WATCH,1,NONE,Bear Trend,Neutral,Bull Micro BOS,,154.81,155.25,,,,,TJX Companies,Consumer Discretionary,,1.8.5-source-port,2026-09-23,13,WATCH,WATCH,1,2026-10-09
TKO,SP500,2026-10-08,181.6300048828125,WATCH,1,NONE,Bear Trend,Neutral,Waiting,,189.4,194.51,,,,,TKO Group Holdings,Communication Services,,1.8.5-source-port,2026-09-23,13,WATCH,WATCH,1,2026-10-09
TMO,SP500,2026-10-08,651.97998046875,WATCH,1,NONE,Bull Trend,Neutral,Waiting,,594.36,647.0,,,,,Thermo Fisher Scientific,Health Care,,1.8.5-source-port,2026-09-23,13,READY,WATCH,2,2026-10-09
TMUS,SP500,2026-10-08,171.30999755859375,WATCH,1,NONE,Bearish Zhongshu,Neutral,Bull Micro BOS,,175.21,179.34,,,,,T-Mobile US,Communication Services,,1.8.5-source-port,2026-10-08,2,WATCH,WATCH,1,2026-10-09
TPL,SP500,2026-10-08,357.7799987792969,WATCH,1,NONE,Bear Trend,Neutral,Bull Micro BOS,,358.01,381.43,,,,,Texas Pacific Land Corporation,Energy,,1.8.5-source-port,2026-09-25,11,WATCH,WATCH,1,2026-10-09
TPR,SP500,2026-10-08,115.81999969482422,WATCH,1,NONE,Bear Trend,Neutral,Waiting,,112.11,119.61,,,,,"Tapestry, Inc.",Consumer Discretionary,,1.8.5-source-port,2026-09-26,10,WATCH,WATCH,2,2026-10-09
TRGP,SP500,2026-10-08,288.489990234375,WATCH,1,NONE,Bear Trend,Neutral,Waiting,,287.75,289.68,,,,,Targa Resources,Energy,,1.8.5-source-port,2026-09-25,11,WATCH,WATCH,2,2026-10-09
TROW,SP500,2026-10-08,104.2300033569336,WATCH,1,NONE,Bearish Zhongshu,Neutral,Waiting,,103.7,105.79,,,,,T. Rowe Price,Financials,,1.8.5-source-port,2026-09-23,13,WATCH,WATCH,3,2026-10-09
TRV,SP500,2026-10-08,370.2699890136719,WATCH,1,NONE,Bearish Zhongshu,Neutral,Waiting,,370.15,373.55,,,,,Travelers Companies (The),Financials,,1.8.5-source-port,2026-09-24,12,WATCH,WATCH,2,2026-10-09
TSCO,SP500,2026-10-08,33.47999954223633,WATCH,1,NONE,Bear Trend,Accumulation,Bull Micro BOS,,34.35,35.51,,,,,Tractor Supply,Consumer Discretionary,,1.8.5-source-port,2026-09-30,8,WATCH,WATCH,1,2026-10-09
TSN,SP500,2026-10-08,52.34000015258789,WATCH,1,NONE,Bear Trend,Neutral,Waiting,,50.71,54.24,,,,,Tyson Foods,Consumer Staples,,1.8.5-source-port,2026-09-23,13,WATCH,WATCH,1,2026-10-09
TT,SP500,2026-10-08,469.94000244140625,WATCH,1,NONE,Bullish Zhongshu,Neutral,Waiting,,432.98,446.32,,,,,Trane Technologies,Industrials,,1.8.5-source-port,2026-09-23,13,WATCH,WATCH,3,2026-10-09
TTWO,SP500,2026-10-08,209.3699951171875,WATCH,1,NONE,Bear Trend,Neutral,Waiting,,236.24,241.29,,,,,Take-Two Interactive,Communication Services,,1.8.5-source-port,2026-09-23,13,WATCH,WATCH,1,2026-10-09
TXN,SP500,2026-10-08,288.20001220703125,WATCH,1,NONE,Bull Trend,Neutral,Waiting,,264.74,272.9,,,,,Texas Instruments,Information Technology,,1.8.5-source-port,2026-09-24,12,WATCH,WATCH,3,2026-10-09
UBER,SP500,2026-10-08,70.23999786376953,WATCH,1,NONE,Bear Trend,Neutral,Bull Micro BOS,,69.24,71.9,,,,,Uber,Industrials,,1.8.5-source-port,2026-09-30,8,READY,WATCH,2,2026-10-09
UDR,SP500,2026-10-08,33.56999969482422,WATCH,1,NONE,Bear Trend,Neutral,Waiting,,37.5,37.97,,,,,"UDR, Inc.",Real Estate,,1.8.5-source-port,2026-09-23,13,WATCH,WATCH,1,2026-10-09
UHS,SP500,2026-10-08,175.72000122070312,WATCH,1,NONE,Bull Trend,Neutral,Waiting,,174.38,176.03,,,,,Universal Health Services,Health Care,,1.8.5-source-port,2026-09-23,13,WATCH,WATCH,1,2026-10-09
UNH,SP500,2026-10-08,370.95001220703125,WATCH,1,NONE,Bear Trend,Neutral,Waiting,,383.83,406.25,,,,,UnitedHealth Group,Health Care,,1.8.5-source-port,2026-09-29,9,WATCH,WATCH,1,2026-10-09
UPS,SP500,2026-10-08,94.12999725341797,WATCH,1,NONE,Bear Trend,Neutral,Waiting,,101.92,104.15,,,,,United Parcel Service,Industrials,,1.8.5-source-port,2026-09-25,11,WATCH,WATCH,1,2026-10-09
URI,SP500,2026-10-08,1050.1500244140625,WATCH,1,NONE,Bull Trend,Neutral,Waiting,,993.15,1026.55,,,,,United Rentals,Industrials,,1.8.5-source-port,2026-09-24,12,WATCH,WATCH,2,2026-10-09
VEEV,SP500,2026-10-08,284.8399963378906,WATCH,1,NONE,Bull Trend,Neutral,Waiting,,257.87,282.81,,,,,Veeva Systems,Health Care,,1.8.5-source-port,2026-09-29,9,WATCH,WATCH,2,2026-10-09
VICI,SP500,2026-10-08,22.790000915527344,WATCH,1,NONE,Bear Trend,Neutral,Waiting,,26.56,26.82,,,,,Vici Properties,Real Estate,,1.8.5-source-port,2026-09-23,13,WATCH,WATCH,1,2026-10-09
VLO,SP500,2026-10-08,443.79998779296875,WATCH,1,NONE,Bull Trend,Neutral,Bull Micro BOS,,293.08,315.0,,,,,Valero Energy,Energy,,1.8.5-source-port,2026-09-23,13,WATCH,WATCH,1,2026-10-09
VLTO,SP500,2026-10-08,96.4800033569336,WATCH,1,NONE,Bullish Zhongshu,Neutral,Waiting,,95.01,96.76,,,,,Veralto,Industrials,,1.8.5-source-port,2026-09-23,13,WATCH,WATCH,2,2026-10-09
VMC,SP500,2026-10-08,246.25999450683594,WATCH,1,NONE,Bear Trend,Neutral,Waiting,,240.69,248.84,,,,,Vulcan Materials Company,Materials,,1.8.5-source-port,2026-09-23,13,WATCH,WATCH,1,2026-10-09
VMRK,SP500,2026-10-08,59.97999954223633,WATCH,1,NONE,Bear Trend,Neutral,Waiting,,64.25,66.34,,,,,Vivmark Residential,Real Estate,,1.8.5-source-port,2026-10-07,3,WATCH,WATCH,1,2026-10-09
VRSK,SP500,2026-10-08,175.49000549316406,WATCH,1,NONE,Bear Trend,Neutral,Bull Micro BOS,,174.44,182.91,,,,,Verisk Analytics,Industrials,,1.8.5-source-port,2026-09-23,13,WATCH,WATCH,3,2026-10-09
VRSN,SP500,2026-10-08,297.7900085449219,WATCH,1,NONE,Bear Trend,Neutral,Waiting,,281.16,283.97,,,,,Verisign,Information Technology,,1.8.5-source-port,2026-09-23,13,WATCH,WATCH,1,2026-10-09
VRT,SP500,2026-10-08,243.72999572753906,WATCH,1,NONE,Bearish Zhongshu,Neutral,Waiting,,248.69,255.4,,,,,Vertiv,Industrials,,1.8.5-source-port,2026-09-23,13,WATCH,WATCH,2,2026-10-09
VST,SP500,2026-10-08,156.13999938964844,WATCH,1,NONE,Bear Trend,Neutral,Waiting,,148.5,154.65,,,,,Vistra Corp.,Utilities,,1.8.5-source-port,2026-09-23,13,ENTRY,WATCH,3,2026-10-09
VTR,SP500,2026-10-08,81.76000213623047,WATCH,1,NONE,Bear Trend,Neutral,Waiting,,91.75,92.35,,,,,Ventas,Real Estate,,1.8.5-source-port,2026-09-23,13,WATCH,WATCH,1,2026-10-09
VTRS,SP500,2026-10-08,17.440000534057617,WATCH,1,NONE,Bull Trend,Neutral,Waiting,,16.15,16.29,,,,,Viatris,Health Care,,1.8.5-source-port,2026-09-23,13,WATCH,WATCH,1,2026-10-09
WAB,SP500,2026-10-08,280.79998779296875,WATCH,1,NONE,Bull Trend,Neutral,Waiting,,276.37,284.47,,,,,Wabtec,Industrials,,1.8.5-source-port,2026-09-23,13,WATCH,WATCH,3,2026-10-09
WAT,SP500,2026-10-08,429.1300048828125,WATCH,1,NONE,Bullish Zhongshu,Neutral,Waiting,,406.87,421.74,,,,,Waters Corporation,Health Care,,1.8.5-source-port,2026-10-01,7,WATCH,WATCH,1,2026-10-09
WDAY,SP500,2026-10-08,187.80999755859375,WATCH,1,NONE,Bear Trend,Neutral,Waiting,,188.05,195.74,,,,,"Workday, Inc.",Information Technology,,1.8.5-source-port,2026-09-23,13,WATCH,WATCH,1,2026-10-09
WDC,SP500,2026-10-08,393.30999755859375,WATCH,1,NONE,Bear Trend,Neutral,Bear Micro BOS,,422.11,475.66,,,,,Western Digital,Information Technology,,1.8.5-source-port,2026-09-23,13,WATCH,WATCH,1,2026-10-09
WEC,SP500,2026-10-08,103.61000061035156,WATCH,1,NONE,Bear Trend,Neutral,Bull Micro BOS,,109.84,111.89,,,,,WEC Energy Group,Utilities,,1.8.5-source-port,2026-09-23,13,WATCH,WATCH,1,2026-10-09
WELL,SP500,2026-10-08,223.0399932861328,WATCH,1,NONE,Bearish Zhongshu,Neutral,Waiting,,236.65,237.32,,,,,Welltower,Real Estate,,1.8.5-source-port,2026-09-26,10,WATCH,WATCH,1,2026-10-09
WM,SP500,2026-10-08,210.10000610351562,WATCH,1,NONE,Bear Trend,Neutral,Waiting,,223.0,228.98,,,,,Waste Management,Industrials,,1.8.5-source-port,2026-09-23,13,WATCH,WATCH,1,2026-10-09
WMB,SP500,2026-10-08,72.33999633789062,WATCH,1,NONE,Bear Trend,Neutral,Waiting,,68.52,72.9,,,,,Williams Companies,Energy,,1.8.5-source-port,2026-09-23,13,WATCH,WATCH,1,2026-10-09
WMT,SP500,2026-10-08,110.55999755859375,WATCH,1,NONE,Bear Trend,Neutral,Waiting,,106.53,109.35,,,,,Walmart,Consumer Staples,,1.8.5-source-port,2026-09-23,13,WATCH,WATCH,3,2026-10-09
WRB,SP500,2026-10-08,72.05000305175781,WATCH,1,NONE,Bear Trend,Neutral,Bull Micro BOS,,69.31,70.57,,,,,W. R. Berkley Corporation,Financials,,1.8.5-source-port,2026-09-23,13,WATCH,WATCH,1,2026-10-09
WSM,SP500,2026-10-08,239.0,WATCH,1,NONE,Bull Trend,Neutral,Waiting,,225.22,229.91,,,,,"Williams-Sonoma, Inc.",Consumer Discretionary,,1.8.5-source-port,2026-09-23,13,WATCH,WATCH,3,2026-10-09
WST,SP500,2026-10-08,363.2699890136719,WATCH,1,NONE,Bull Trend,Neutral,Waiting,,343.48,354.96,,,,,West Pharmaceutical Services,Health Care,,1.8.5-source-port,2026-10-07,3,WATCH,WATCH,1,2026-10-09
WTW,SP500,2026-10-08,297.8599853515625,WATCH,1,NONE,Bearish Zhongshu,Neutral,Bull Micro BOS,,333.3,345.52,,,,,Willis Towers Watson,Financials,,1.8.5-source-port,2026-09-30,8,WATCH,WATCH,1,2026-10-09
WYNN,SP500,2026-10-08,75.29000091552734,WATCH,1,NONE,Bear Trend,Neutral,Waiting,,92.29,92.64,,,,,Wynn Resorts,Consumer Discretionary,,1.8.5-source-port,2026-09-30,8,WATCH,WATCH,1,2026-10-09
XEL,SP500,2026-10-08,73.36000061035156,WATCH,1,NONE,Bear Trend,Neutral,Waiting,,76.12,77.5,,,,,Xcel Energy,Utilities,,1.8.5-source-port,2026-09-26,10,WATCH,WATCH,1,2026-10-09
XOM,SP500,2026-10-08,168.5,WATCH,1,NONE,Bullish Zhongshu,Neutral,Bull Micro BOS,,155.85,158.05,,,,,ExxonMobil,Energy,,1.8.5-source-port,2026-09-23,13,WATCH,WATCH,1,2026-10-09
XYZ,SP500,2026-10-08,75.2300033569336,WATCH,1,NONE,Bear Trend,Neutral,Waiting,,77.23,77.62,,,,,"Block, Inc.",Financials,,1.8.5-source-port,2026-09-29,9,WATCH,WATCH,1,2026-10-09
ZBH,SP500,2026-10-08,88.87999725341797,WATCH,1,NONE,Bearish Zhongshu,Neutral,Waiting,,94.77,97.6,,,,,Zimmer Biomet,Health Care,,1.8.5-source-port,2026-09-29,9,WATCH,WATCH,1,2026-10-09
ZTS,SP500,2026-10-08,73.08000183105469,WATCH,1,NONE,Bear Trend,Neutral,Bull Micro BOS,,76.27,76.37,,,,,Zoetis,Health Care,,1.8.5-source-port,2026-09-23,13,WATCH,WATCH,1,2026-10-09
